,datetime_utc,overpass_id,phase_iii,meter,qc_su_discard,qc_su_discard_strict,altitude_feet,methane_fraction_km,kgh_gas_60_mean,kgh_gas_60_std,kgh_ch4_60_mean_km,kgh_ch4_60_std_km
0,2022-10-24 16:46:16,1,0,None,0,0,1341.440878556028,0.9467720000000003,0.0,0.0,0.0,0.0
1,2022-10-24 16:49:22,2,0,None,0,0,1366.343000743972,0.9467720000000003,0.0,0.0,0.0,0.0
2,2022-10-24 16:52:33,3,1,bc,0,1,1308.693174096028,0.9467720000000003,19.818798,0.03588180478426739,18.763883020056003,0.033971888079210276
3,2022-10-24 16:55:42,4,1,bc,0,0,1324.65883504,0.9467720000000003,19.787621999999995,0.02659238828266988,18.734366456184,0.025176928639159855
4,2022-10-24 16:59:02,5,1,bc,0,0,1342.620887123972,0.9467720000000003,19.809378,0.030316640773618363,18.754964427816002,0.028702946618520055
5,2022-10-24 17:02:04,6,0,mc,0,0,1351.0280396239718,0.9467720000000003,119.88462,0.13820117834126894,113.50340144664,0.13084500602052024
6,2022-10-24 17:05:21,7,0,mc,0,0,1355.3910102360278,0.9467720000000003,119.70425999999999,0.09031184617381063,113.33264164872,0.08550472722567122
7,2022-10-24 17:08:22,8,0,mc,0,0,1339.943175096028,0.9467720000000003,119.36184000000002,0.1237756789998121,113.00844798048001,0.11718734715800992
8,2022-10-24 17:11:38,9,1,bc,0,0,1358.929942763972,0.9467720000000003,1.8143345999999996,0.028683543651014623,1.7177611979111995,0.027156775989558415
9,2022-10-24 17:14:38,10,1,bc,0,0,1346.9559705960282,0.9467720000000003,1.7542248,0.02710093145738032,1.6608509223455998,0.025658403077766873
10,2022-10-24 17:17:54,11,1,bc,0,0,1353.0430223,0.9467720000000003,1.7100468000000002,0.02809573272429915,1.6190244289295999,0.02660025306285015
11,2022-10-24 17:20:59,12,1,bc,0,0,1341.3774487639719,0.9467720000000003,13.646712000000003,0.031096029110493896,12.920324813664,0.02944084967300038
12,2022-10-24 17:24:13,13,1,bc,0,0,1333.7484022600001,0.9467720000000003,13.673117999999999,0.02965090302451999,12.945325275095998,0.02807264475833079
13,2022-10-24 17:27:12,14,1,bc,0,0,1355.863997783972,0.9467720000000003,3.6822540000000004,0.03181557603822485,3.486254984088,0.030122096556862217
14,2022-10-24 17:30:28,15,1,bc,0,0,1348.437816443972,0.9467720000000003,3.6085548000000003,0.025026407685767374,3.4164786451055997,0.023694302057469373
15,2022-10-24 17:33:39,16,1,bc,0,0,1353.22018766,0.9467720000000003,3.5954934,0.027792393992552872,3.4041124773048,0.02631306044511728
16,2022-10-24 17:36:53,17,1,bc,0,0,1381.301990723972,0.9467720000000003,3.5773536000000004,0.02751126985295355,3.3869382225791997,0.026046899981220537
17,2022-10-24 17:40:00,18,1,bc,0,1,1377.9648298560282,0.9467720000000003,31.37543999999999,0.039347527995060166,29.70538807968,0.037253137774939216
18,2022-10-24 17:43:18,19,1,bc,0,0,1352.7761807560282,0.9467720000000003,31.423242000000002,0.0385534929631677,29.750645674824,0.036501367639724
19,2022-10-24 17:46:21,20,1,bc,0,0,1369.64899396,0.9467720000000003,31.412244,0.04488997967536008,29.740233076368003,0.04250057583719991
20,2022-10-24 17:49:37,21,1,mc,0,0,1356.3145666960281,0.9467720000000003,207.54384,0.2489285754207746,196.49669648448,0.23567860520827877
21,2022-10-24 17:52:40,22,1,mc,0,0,1370.2663387960279,0.9467720000000003,208.06607999999997,0.2630865120327486,196.99113869376004,0.24908294317027552
22,2022-10-24 17:57:59,23,1,mc,0,0,1329.98363836,0.9467720000000003,209.34126,0.23083416984082072,198.19844341272002,0.21854732864853565
23,2022-10-24 18:01:12,24,0,mc,1,1,1337.0609571560278,0.9467720000000003,66.51665999999999,0.16248919359113723,62.97611122152,0.15384021879466891
24,2022-10-24 18:04:31,25,1,mc,0,0,1343.4607821639718,0.9467720000000003,65.66616,0.08752956536827579,62.17088163552,0.08287054166285306
25,2022-10-24 18:07:34,26,0,mc,1,1,1333.6587260760282,0.9467720000000003,128.93418000000003,0.13633262265503351,122.07127146696,0.1290759098163518
26,2022-10-24 18:10:51,27,0,None,1,1,1312.8625748199997,0.9467720000000003,0.0,0.0,0.0,0.0
27,2022-10-24 18:13:54,28,0,pc,0,1,1317.7696179560278,0.9467720000000003,766.0776000000001,23.237705539758917,725.3008215072001,22.00080894928863
28,2022-10-24 18:17:18,29,0,pc,0,0,1318.4744516399999,0.9467720000000003,768.744,10.398687635580398,727.825294368,9.845186290113734
29,2022-10-24 18:20:26,30,0,pc,0,0,1308.703563203972,0.9467720000000003,770.0286000000001,8.329215099652018,729.0415176792,7.8858676383277375
30,2022-10-24 18:23:39,31,0,pc,0,0,1310.991402516028,0.9467720000000003,764.1576,6.873851931752748,723.4830192671999,6.507970541129415
31,2022-10-24 18:26:41,32,0,pc,1,1,1345.10995118,0.9467720000000003,469.98300000000006,1.9912152323882273,444.966744876,1.885226827998664
32,2022-10-24 18:29:54,33,0,pc,0,0,1278.736370643972,0.9467720000000003,465.04859999999996,2.1702012497477607,440.2949931192,2.054685777626189
33,2022-10-24 18:33:04,34,0,pc,0,0,1336.4463462439721,0.9467720000000003,463.5024,1.762447327738004,438.8310942527999,1.6686357813771653
34,2022-10-24 18:39:07,35,0,mc,0,0,1346.9138662639718,0.9467720000000003,173.50200000000004,0.24577790718658343,164.26683554400003,0.23269564074285584
35,2022-10-24 18:42:16,36,0,mc,0,0,1333.764259543972,0.9467720000000003,172.63620000000003,0.3045162031257144,163.44712034639997,0.28830741466573934
36,2022-10-24 18:45:34,37,0,mc,0,0,1336.3495614639721,0.9467720000000003,171.8589,0.22651778244259715,162.7111944708,0.21446069391874278
37,2022-10-24 18:48:36,38,0,mc,0,0,1316.5168836639718,0.9467720000000003,45.45881999999999,0.0693754970664728,43.039137929039995,0.06568277810861853
38,2022-10-24 18:51:57,39,0,mc,0,0,1319.641337176028,0.9467720000000003,45.00540000000001,0.08496305079268217,42.6098525688,0.08044063752508875
39,2022-10-24 18:55:01,40,0,mc,0,0,1321.80450424,0.9467720000000003,44.600880000000004,0.0734541960357203,42.226864359359986,0.0695443760891304
40,2022-10-24 18:58:14,41,1,bc,0,1,1315.732216316028,0.9467720000000003,9.385571999999998,0.024688985315970458,8.885996773583999,0.02337484000557208
41,2022-10-24 19:01:19,42,1,bc,0,0,1362.40325882,0.9467720000000003,9.319266000000002,0.021087564750787154,8.823220109351999,0.019965115854232197
42,2022-10-24 19:04:28,43,1,bc,0,0,1320.393196123972,0.9467720000000003,9.281399999999998,0.02684106441598505,8.787369640799998,0.0254123682392508
43,2022-10-24 19:07:37,44,0,bc,0,0,1328.3700119960279,0.9467720000000003,4.391897999999999,0.0420989564990046,4.158126053256,0.03985811324247557
44,2022-10-24 19:11:02,45,0,bc,0,0,1320.484513056028,0.9467720000000003,4.360236,0.030876760785583813,4.128149358191999,0.029233252562488838
45,2022-10-24 19:14:06,46,0,bc,1,1,1284.677971883972,0.9467720000000003,19.222379999999998,0.04251620691980229,18.19921115736,0.04025315425787521
46,2022-10-24 19:17:24,47,1,bc,0,0,1307.237027723972,0.9467720000000003,19.25733,0.030151781126241048,18.23230083876,0.028546862120453466
47,2022-10-24 19:20:30,48,1,bc,0,0,1312.03908398,0.9467720000000003,19.199868000000002,0.03353221516033965,18.177897426096003,0.03174736241178503
48,2022-10-24 19:23:45,49,1,bc,0,0,1314.6347753360283,0.9467720000000003,19.137936000000007,0.029475905885937043,18.119261942592,0.027906962367440086
49,2022-10-24 19:26:51,50,1,bc,0,0,1340.276180356028,0.9467720000000003,19.084788,0.027314786012620565,18.068942904335998,0.025860874582740764
50,2022-10-24 19:30:05,51,1,bc,0,0,1342.3770114600002,0.9467720000000003,28.279776000000002,0.051634034341438845,26.774500083071995,0.04888565796151252
51,2022-10-24 19:33:08,52,1,bc,0,0,1318.0528636999998,0.9467720000000003,28.395636000000003,0.03465916070848998,26.884193086992003,0.03281432290229879
52,2022-10-24 19:36:20,53,1,bc,0,0,1343.04302198,0.9467720000000003,33.74649600000001,0.05239109056098601,31.950237510912,0.0496024175926057
53,2022-10-24 19:39:22,54,0,bc,0,0,1310.7108906960282,0.9467720000000003,5.730096,0.023088368720407496,5.425094450112,0.021859421030157533
54,2022-10-24 19:42:34,55,0,bc,0,0,1312.537224743972,0.9467720000000003,5.664306,0.02388691757398688,5.362806320232001,0.02261546472535869
55,2022-10-24 19:45:37,56,0,bc,1,1,1353.4886696239719,0.9467720000000003,1.6867296,0.02524203804068636,1.5969483568512,0.023898454839856722
56,2022-10-24 19:48:46,57,1,bc,0,0,1294.528147396028,0.9467720000000002,1.6710206896551725,0.02779579519520128,1.5820756003862066,0.02631628060855111
57,2022-10-25 16:35:28,58,1,bc,0,1,1338.281976223972,0.9467720000000003,14.975867999999998,0.03025081888792153,14.178732498096,0.028640628300155332
58,2022-10-25 16:38:31,59,1,bc,0,1,1389.91802348,0.9467720000000003,14.939028000000002,0.02303850312934137,14.143853417615999,0.021812209684772862
59,2022-10-25 16:41:46,60,1,bc,0,0,1336.532195,0.9467720000000003,14.960652000000001,0.029860693783305452,14.164326415344002,0.028271268774607526
60,2022-10-25 16:44:54,61,1,bc,0,0,1362.1265747560278,0.9467720000000003,14.903766,0.024990786993935882,14.110468343352,0.02366057738382264
61,2022-10-25 16:48:06,62,1,bc,0,0,1323.315877976028,0.9467720000000003,14.848542,0.02137288308875104,14.058183806423996,0.02023524726770317
62,2022-10-25 16:51:13,63,0,bc,1,1,1389.498622876028,0.9467720000000003,3.936408,0.03237073028189276,3.726880874976,0.030647701050448176
63,2022-10-25 16:54:29,64,0,bc,1,1,1349.397462143972,0.9467720000000003,3.845538,0.024649134807933154,3.6408477033360005,0.023337110660376456
64,2022-10-25 16:57:35,65,0,None,1,1,1360.884776816028,0.9467720000000003,0.6825282,1.4599207661468967,0.6461985889704,1.3822121036064297
65,2022-10-25 17:00:52,66,0,None,1,1,1327.4366130160279,0.9467720000000003,0.0,0.0,0.0,0.0
66,2022-10-25 17:04:00,67,0,bc,1,1,1374.553302843972,0.9467720000000003,12.198948000000001,0.031591538279220566,11.549622395855998,0.029909983879694207
67,2022-10-25 17:07:16,68,0,bc,1,1,1343.5613947000002,0.9467720000000003,12.211199999999998,0.026481046627889922,11.561222246399998,0.025071513477980444
68,2022-10-25 17:10:31,69,0,mc,1,1,1363.3984468439721,0.9467720000000003,214.85874,0.3530063336446217,203.42223898727997,0.3342165125173887
69,2022-10-25 17:13:51,70,0,mc,0,1,1347.831954876028,0.9467720000000003,216.36348,0.3686459864450373,204.84688468656003,0.3490236978785385
70,2022-10-25 17:16:59,71,0,mc,0,0,1338.274867956028,0.9467720000000003,217.9251,0.3418401142768555,206.3253827772,0.3236446486741283
71,2022-10-25 17:20:12,72,0,bc,1,1,1337.161569363972,0.9467720000000003,24.64629,0.030593954537413065,23.33441727588,0.028965499525295573
72,2022-10-25 17:23:22,73,0,bc,1,1,1367.092672683972,0.9467720000000003,24.576126000000002,0.033118706128005944,23.267987965272003,0.03135586363822468
73,2022-10-25 17:26:36,74,0,mc,1,1,1340.2056422960281,0.9467720000000003,103.27139999999999,0.15526756348699028,97.77446992079999,0.1470029816177048
74,2022-10-25 17:29:47,75,1,mc,0,0,1349.0010274200001,0.9467720000000003,102.94157999999999,0.12176682189847117,97.46220557976,0.11528541750246167
75,2022-10-25 17:32:56,76,1,mc,0,0,1337.3004584760279,0.9467720000000003,102.55374,0.16022118313576303,97.09500952728,0.1516929299998121
76,2022-10-25 17:36:04,77,1,mc,0,0,1327.4267704960278,0.9467720000000003,102.36504000000004,0.1290068914201802,96.91635365088,0.12214011260366793
77,2022-10-25 17:39:20,78,0,mc,1,1,1346.867387916028,0.9467720000000003,52.59563999999999,0.07591083797478353,49.796079274079986,0.07187025589106195
78,2022-10-25 17:42:26,79,0,mc,1,1,1334.7408563599997,0.9476165666666666,52.4355,0.24813969411726586,49.688956537200006,0.2810247836122008
79,2022-10-25 17:45:43,80,0,pc,1,1,1331.4507207560282,0.948721,1013.8626000000002,40.573512848337856,961.8727397345999,38.492943682987935
80,2022-10-25 17:48:48,81,0,pc,1,1,1357.482545736028,0.948721,1040.1084,27.89296460667371,986.7726813564001,26.462641274608085
81,2022-10-25 17:52:10,82,1,pc,0,1,1308.1791757199999,0.948721,1038.9276,25.811705721320852,985.6524315995998,24.48810726363725
82,2022-10-25 17:55:18,83,1,pc,0,0,1341.5327420760282,0.948721,1042.44,24.303864250187168,988.9847192399999,23.057586395301815
83,2022-10-25 17:58:33,84,1,pc,0,0,1310.085890676028,0.948721,1044.8639999999998,27.99259565053296,991.284418944,26.557163338169296
84,2022-10-25 18:01:38,85,1,pc,0,0,1347.57550244,0.948721,1031.4684000000002,28.991991859354556,978.5757319164,27.505311508798723
85,2022-10-25 18:04:54,86,1,pc,0,0,1318.7303571599998,0.948721,1034.445,23.214650507157998,981.399694845,22.024226443801457
86,2022-10-25 18:08:04,87,1,pc,0,0,1332.7160311639718,0.948721,1037.9676,21.74102508552648,984.7416594396,20.62616706016577
87,2022-10-25 18:11:22,88,0,mc,1,1,1358.705205223972,0.948721,84.3393111864407,29.468218589922465,80.01447564811119,27.957117808849834
88,2022-10-25 18:14:25,89,0,bc,1,1,1344.879198876028,0.948721,25.340244,0.05354761148355009,24.040821627924004,0.05080174351428501
89,2022-10-25 18:17:40,90,0,bc,1,1,1306.2380119439722,0.948721,24.843539999999994,0.031168470378937614,23.56958811234,0.029570182386375765
90,2022-10-25 18:20:42,91,0,None,1,1,1305.5933268839722,0.948721,0.0,0.0,0.0,0.0
91,2022-10-25 18:23:59,92,0,None,1,1,1298.0052908799998,0.948721,0.0,0.0,0.0,0.0
92,2022-10-25 18:27:08,93,0,None,1,1,1320.1990799760279,0.948721,0.0,0.0,0.0,0.0
93,2022-10-25 18:30:19,94,0,None,0,0,1292.596279223972,0.948721,0.0,0.0,0.0,0.0
94,2022-10-25 18:33:32,95,0,bc,1,1,1318.0627062199999,0.948721,26.547539999999994,1.9954923714058599,25.18620869634,1.893165518092539
95,2022-10-25 18:36:53,96,0,pc,1,1,1295.4522504439722,0.948721,466.1580000000001,2.643581392026951,442.253883918,2.5080211818252036
96,2022-10-25 18:40:05,97,0,pc,1,1,1312.2359343800001,0.948721,480.5406,1.9335745873241446,455.8989585726,1.8344228160607559
97,2022-10-25 18:43:26,98,1,pc,0,1,1293.827688056028,0.948721,488.82120000000003,2.021244630822082,463.7549376852,1.9175972273981483
98,2022-10-25 18:46:38,99,1,pc,0,0,1303.1534757560282,0.948721,492.99959999999993,2.35302948759498,467.7190735116,2.2323684885005957
99,2022-10-25 18:49:54,100,1,pc,0,0,1246.13357006,0.948721,491.66040000000004,2.661313624917121,466.44854634840004,2.5248441235450017
100,2022-10-25 18:53:04,101,0,bc,1,1,1319.78514722,0.948721,1.684839,0.023402854754154837,1.598442140919,0.02220277976521651
101,2022-10-25 18:56:22,102,0,bc,1,1,1268.58271776,0.948721,1.7095422,0.023086891564886212,1.6218785855262001,0.021903018852330397
102,2022-10-25 18:59:31,103,0,bc,1,1,1302.914521023972,0.948721,26.102999999999998,0.049982469062255445,24.764464263,0.04741941803121195
103,2022-10-25 19:02:47,104,1,bc,0,0,1284.910364936028,0.948721,26.024448,0.03163257004193026,24.689940331008003,0.030010483482750365
104,2022-10-25 19:05:57,105,1,bc,0,0,1292.620338936028,0.948721,25.762769999999996,0.0390279459197107,24.44168091717,0.037026631880893626
105,2022-10-25 19:09:08,106,1,bc,0,0,1277.88718,0.948721,25.630086000000002,0.030050288089089782,24.315800820006004,0.02850933936616964
106,2022-10-25 19:12:18,107,0,mc,1,1,1308.6696613000001,0.948721,149.59686000000002,0.24212531088156006,141.92568261606002,0.2297093670648641
107,2022-10-25 19:15:37,108,0,mc,1,1,1273.92720612,0.948721,149.65254000000002,0.19028506465434525,141.97850740133998,0.1805274368239355
108,2022-10-25 19:18:48,109,0,pc,1,1,1291.67326968,0.948721,647.4707999999999,6.218779968635732,614.2691448467999,5.8998871506240596
109,2022-10-25 19:22:07,110,1,pc,0,1,1274.3985535760282,0.948721,663.5226,5.157336052587815,629.4978245945999,4.892873017147163
110,2022-10-25 19:25:20,111,1,pc,0,0,1265.460451583972,0.948721,667.2443999999998,5.467142045198098,633.0287744124001,5.18679246826238
111,2022-10-25 19:28:44,112,1,pc,0,0,1263.0621575439718,0.948721,669.0732000000002,4.3492196564831,634.7637953772002,4.126196021718298
112,2022-10-25 19:31:53,113,0,mc,1,1,1273.486480056028,0.948721,76.00134000000001,0.0925129641854212,72.10406728614002,0.08776899189495703
113,2022-10-25 19:35:15,114,0,mc,1,1,1249.5325202999998,0.948721,75.45336,0.0807732192570823,71.58418715255999,0.07663124934679802
114,2022-10-25 19:38:28,115,0,bc,1,1,1346.002886576028,0.948721,6.403974,0.027269407780110763,6.075584617254,0.02587105981855447
115,2022-10-25 19:41:50,116,0,pc,1,1,1327.54433382,0.948721,353.74565999999993,1.7017170874826724,335.60593630086004,1.6144547369536477
116,2022-10-25 19:45:00,117,1,pc,0,1,1313.131056783972,0.948721,358.37664,1.6998842173133968,339.9994442774401,1.6127158545337805
117,2022-10-25 19:48:12,118,1,pc,0,0,1320.00332308,0.948721,363.34890000000007,1.6516582083736742,344.7167317569,1.5669628271064777
118,2022-10-25 19:51:24,119,0,bc,1,1,1326.1324791160278,0.948721,9.037302,0.053392148689623935,8.573878190742,0.050654252696968535
119,2022-10-25 19:54:38,120,1,bc,0,0,1319.071017603972,0.948721,8.970978,0.02681768343993855,8.510955219138001,0.025442499450822005
120,2022-10-25 19:57:45,121,1,bc,0,0,1310.5463017800002,0.948721,8.929697999999998,0.026511148074034513,8.471792016258,0.02515168291194608
121,2022-10-25 20:01:02,122,1,mc,0,1,1297.18344046,0.948721,149.95409999999998,0.18520549283504176,142.2646037061,0.1757083403679534
122,2022-10-25 20:04:13,123,1,mc,0,0,1320.8902433839721,0.948721,149.68476000000004,0.17006785006907896,142.00907519196002,0.16134694078538356
123,2022-10-25 20:07:27,124,1,mc,0,0,1258.8566675799998,0.948721,149.70534,0.1679320576900073,142.02859987014,0.15932066970372027
124,2022-10-25 20:10:31,125,1,mc,0,0,1306.3763541399999,0.948721,149.51447999999996,0.16078636926796272,141.84752698008,0.1525414050382728
125,2022-10-25 20:13:50,126,0,None,1,1,1324.7277326800001,0.948721,0.0,0.0,0.0,0.0
126,2022-10-25 20:16:56,127,0,None,1,1,1303.210890456028,0.948721,0.0,0.0,0.0,0.0
127,2022-10-25 20:20:10,128,0,bc,1,1,1290.5791095400002,0.948721,3.4363398,0.03227737547077452,3.2601277313958,0.03062222393400868
128,2022-10-25 20:23:21,129,0,mc,1,1,1315.596608043972,0.948721,79.13562,0.08615582020927173,75.07762454201999,0.08173783590475918
129,2022-10-25 20:26:35,130,1,mc,0,1,1301.929722436028,0.948721,78.90822000000001,0.07913181194069079,74.86188538662002,0.07507401175618424
130,2022-10-25 20:29:41,131,1,mc,0,1,1296.73396538,0.948721,78.58218000000001,0.09168199793723258,74.55256439178,0.08698063676501007
131,2022-10-25 20:33:00,132,1,mc,0,0,1287.906318443972,0.948721,78.46955999999999,0.07443519123986482,74.44571943275999,0.07061822906827685
132,2022-10-26 16:39:47,133,0,None,0,0,1327.045099223972,0.948721,0.0,0.0,0.0,0.0
133,2022-10-26 16:42:56,134,0,None,0,0,1351.203564563972,0.948721,0.0,0.0,0.0,0.0
134,2022-10-26 16:46:11,135,0,bc,1,1,1317.3403745039723,0.948721,1.2390252,0.027437477339197616,1.1754892267692003,0.02603051093872089
135,2022-10-26 16:49:18,136,1,bc,0,0,1372.11618564,0.948721,1.1858334,0.03088959044737853,1.1250250490814002,0.029305603138827428
136,2022-10-26 16:52:32,137,1,bc,0,0,1363.9676725839722,0.948721,1.1565936000000003,0.029887205159466947,1.0972846367856,0.028354619166094643
137,2022-10-26 16:55:40,138,0,bc,1,1,1370.4178040239722,0.948721,7.257389999999999,0.027895269145107125,6.885238298190001,0.02646482763861517
138,2022-10-26 16:58:46,139,0,bc,1,1,1366.351202843972,0.948721,7.242696,0.03166496407436002,6.871297791816,0.030041216381590963
139,2022-10-26 17:11:57,140,0,None,0,0,1355.9662507399999,0.948721,0.0,0.0,0.0,0.0
140,2022-10-26 17:15:07,141,0,bc,1,1,1367.0675197960281,0.948721,4.34835,0.04222319171550237,4.125370960350001,0.040058028667523116
141,2022-10-26 17:18:18,142,0,bc,1,1,1376.6853022560279,0.948721,2.1239382,0.024602675951191193,2.0150247730422004,0.023341075331090075
142,2022-10-26 17:21:29,143,0,bc,1,1,1371.6404638400002,0.948721,2.1045162,0.028607119525610077,1.9965987137802002,0.027140175043456335
143,2022-10-26 17:24:42,144,0,bc,1,1,1406.7044413400001,0.948721,1.6782174,0.022524308054384563,1.5921600899454,0.021369284061663774
144,2022-10-26 17:27:48,145,0,bc,1,1,1385.038867483972,0.948721,2.704209,2.495648622326781,2.565539866689,2.367674256622486
145,2022-10-26 17:30:56,146,0,mc,1,1,1388.1551188960282,0.948721,62.73198,0.07294994522598663,59.51514679758,0.06920914498474301
146,2022-10-26 17:34:04,147,0,mc,0,1,1396.45345676,0.948721,62.83482000000001,0.0729067730689143,59.612713265219995,0.06916818665271368
147,2022-10-26 17:37:14,148,0,mc,0,0,1396.8662956839719,0.948721,62.72844,0.06508536037845428,59.51178832523999,0.06174784818360752
148,2022-10-26 17:40:28,149,0,mc,0,0,1382.901400223972,0.948721,62.40552,0.07139173574163575,59.20542733992,0.06773083892454014
149,2022-10-26 17:43:42,150,0,mc,1,1,1383.18245896,0.948721,93.1221,0.13113099932148337,88.34689183409999,0.12440673280727707
150,2022-10-26 17:46:51,151,0,mc,0,0,1359.8267059160282,0.948721,92.95326000000001,0.09471936282996848,88.18670978046,0.08986224862341313
151,2022-10-26 17:50:01,152,0,mc,0,0,1361.07615904,0.948721,92.78873999999999,0.11275983958718974,88.03062620153999,0.10697762777299803
152,2022-10-26 17:53:09,153,0,mc,0,1,1335.5408344039718,0.948721,77.63399999999999,0.0751877379111997,73.65300611400001,0.0713321858988514
153,2022-10-26 17:56:19,154,0,mc,0,0,1344.22248396,0.948721,77.82216000000001,0.08905628614362303,73.83151745736,0.08448956884646378
154,2022-10-26 17:59:29,155,0,mc,0,0,1329.156319763972,0.948721,77.76126000000001,0.07871265312967095,73.77374034846001,0.07467634698983446
155,2022-10-26 18:02:42,156,0,pc,1,1,1349.258026443972,0.948721,989.3448000000002,123.77509994721221,938.6121880008,117.42803659701912
156,2022-10-26 18:05:47,157,0,pc,0,0,1350.9744526800002,0.948721,1098.945,31.64831956981634,1042.5921993450002,30.025425390595746
157,2022-10-26 18:08:58,158,0,pc,0,0,1347.8046143239721,0.948721,1099.4778,29.433729485353187,1043.0976778938,27.924397271073765
158,2022-10-26 18:12:03,159,0,pc,0,0,1340.17228698,0.948721,1104.639,28.224390919551507,1047.994216719,26.777072377587828
159,2022-10-26 18:15:15,160,0,pc,0,0,1371.979483863972,0.948721,1096.9014,29.355595973441467,1040.6533931094,27.850270367519382
160,2022-10-26 18:18:26,161,0,pc,0,0,1338.0703620439722,0.948721,1091.4054,29.644209164520333,1035.4392224934002,28.12408376277291
161,2022-10-26 18:21:39,162,0,pc,0,0,1348.0506773239717,0.948721,1076.0346,24.778148041765768,1020.8566217466,23.507549388332077
162,2022-10-26 18:24:48,163,0,pc,0,0,1308.7336376800001,0.948721,1072.6818,28.062553974158202,1017.6757499778,26.62353426891735
163,2022-10-26 18:28:01,164,0,pc,0,0,1374.487139456028,0.948721,1074.975,35.02359671489292,1019.851356975,33.227621698949925
164,2022-10-26 18:31:09,165,0,pc,0,0,1345.627230396028,0.948721,1061.0832,32.59474453884463,1006.6719145871999,30.923318633637226
165,2022-10-26 18:34:18,166,0,None,1,1,1335.351639516028,0.948721,44.14224,108.48555730451051,41.87867007503999,102.92252641149251
166,2022-10-26 18:37:29,167,0,None,1,1,1349.6008742239721,0.948721,0.0,0.0,0.0,0.0
167,2022-10-26 18:40:37,168,0,None,1,1,1342.7985993999998,0.948721,0.0,0.0,0.0,0.0
168,2022-10-26 18:43:47,169,0,None,0,0,1320.8333756000002,0.948721,0.0,0.0,0.0,0.0
169,2022-10-26 18:46:59,170,0,None,0,0,1363.146915996028,0.948721,0.0,0.0,0.0,0.0
170,2022-10-26 18:50:03,171,1,bc,0,1,1337.17688006,0.948721,0.9920898000000001,0.026271408725721153,0.9412164271458,0.024924237157674903
171,2022-10-26 18:53:16,172,1,bc,0,1,1314.892321276028,0.948721,0.9513777,0.022764137516225545,0.9025920029217002,0.021596815308530987
172,2022-10-26 18:56:26,173,1,bc,0,1,1319.431910003972,0.948721,0.9230562,0.021377052209780027,0.8757228011201998,0.020280858349514708
173,2022-10-26 18:59:36,174,1,bc,0,0,1324.2230302360279,0.948721,0.8887562999999997,0.025487027162919364,0.8431817656923002,0.024180077897032026
174,2022-10-26 19:02:45,175,1,bc,0,0,1304.1224170599999,0.948721,0.8707869000000001,0.024430076132796578,0.8261338185549002,0.0231773262587829
175,2022-10-26 19:05:51,176,0,bc,1,1,1299.18147202,0.948721,4.422935999999999,0.02458912665855599,4.196132264856001,0.023328220832631967
176,2022-10-26 19:09:02,177,1,bc,0,1,1307.900851236028,0.948721,4.454513999999999,0.023938756690028946,4.226090976594,0.02271120118572096
177,2022-10-26 19:12:10,178,1,bc,0,0,1336.06631572,0.948721,4.432002,0.028835222740746708,4.204733369442001,0.027356581353823874
178,2022-10-26 19:15:22,179,1,bc,0,0,1298.337202636028,0.948721,4.43025,0.020932705251652015,4.20307121025,0.019859297059052514
179,2022-10-26 19:18:35,180,0,bc,1,1,1307.559643876028,0.948721,3.5381909999999994,0.024363778712517943,3.3567561037109996,0.023114428503918715
180,2022-10-26 19:21:46,181,0,bc,1,1,1306.26808642,0.948721,3.5158962,0.02618159778553229,3.3356045587602,0.024839031632688
181,2022-10-26 19:25:02,182,0,bc,1,1,1318.9206458799997,0.948721,0.7284318,0.023177462582343475,0.6910785457278,0.02198894547858348
182,2022-10-26 19:28:08,183,0,bc,0,0,1310.747526523972,0.948721,0.7183986000000001,0.024089107910113344,0.6815598381906,0.02285384254559066
183,2022-10-26 19:31:15,184,0,bc,0,0,1299.326375896028,0.948721,0.7130262,0.02255370072440667,0.6764629294901999,0.021397169504959818
184,2022-10-26 19:34:27,185,0,bc,0,0,1296.61585514,0.948721,0.7004058000000002,0.026260158734723617,0.6644896909818001,0.024913564054965733
185,2022-10-26 19:37:38,186,0,bc,0,0,1323.991731016028,0.948721,0.6956315999999999,0.021501069068572506,0.6599603071835999,0.020398515747805167
186,2022-10-26 19:40:57,187,0,bc,1,1,1289.776397243972,0.948721,1.7631456000000003,0.021994788981614777,1.6727332567776,0.020866918197426556
187,2022-10-26 19:44:07,188,0,bc,1,1,1295.137289803972,0.948721,1.7640198,0.022096293453113394,1.6735626286758,0.020963217621131194
188,2022-10-26 19:47:22,189,0,bc,0,0,1268.74347892,0.948721,1.7495418000000003,0.026382714047301775,1.6598270460378002,0.025029834853670184
189,2022-10-26 19:50:33,190,0,mc,1,1,1302.23593406,0.948721,82.55142000000002,0.2512102710304382,78.31826573382001,0.23832845954226925
190,2022-10-26 19:53:45,191,0,mc,1,1,1275.15916154,0.948721,82.93949999999998,0.07831481449567228,78.68644537949999,0.07429890912314886
191,2022-10-26 19:56:53,192,0,mc,1,1,1297.7067344400002,0.948721,82.86594,0.09150068852200002,78.61665746274002,0.08680862471528025
192,2022-10-26 20:00:04,193,0,mc,1,1,1293.5592057639722,0.948721,49.155240000000006,0.06624280760446376,46.63460844804,0.062845942673314
193,2022-10-26 20:03:10,194,1,mc,0,0,1277.4836366799998,0.948721,49.12799999999999,0.07102526645199018,46.608765288,0.06738316181359846
194,2022-10-26 20:06:18,195,1,mc,0,0,1288.61060554,0.948721,49.15739999999999,0.07720333706671798,46.6366576854,0.07324442714527345
195,2022-10-26 20:09:26,196,0,mc,1,1,1490.348910223972,0.948721,74.81154,0.08180982743171397,70.97527904034,0.07761470129084344
196,2022-10-26 20:12:35,197,0,bc,1,1,1286.662333496028,0.948721,12.91746,0.031885209790588336,12.25506556866,0.030250168117736776
197,2022-10-26 20:15:41,198,1,bc,0,0,1313.132150616028,0.948721,12.823368,0.026974032258288462,12.165798512328001,0.025590830858115643
198,2022-10-26 20:18:52,199,1,bc,0,0,1262.09649708,0.948721,12.761087999999997,0.02558353368735846,12.106712168448002,0.02427163566340434
199,2022-10-26 20:21:59,200,1,bc,0,0,1284.177643783972,0.948721,12.732119999999998,0.02494795993833453,12.079229618520001,0.023668653500656705
200,2022-10-26 20:25:07,201,0,bc,1,1,1268.742932003972,0.948721,8.715497999999998,0.026130256687913998,8.268575978058,0.024790323255214578
201,2022-10-26 20:28:19,202,0,bc,1,1,1293.0840308799998,0.948721,6.716003999999999,0.02440112217480646,6.371614030884,0.023149857030804567
202,2022-10-26 20:31:30,203,0,bc,1,1,1208.202685316028,0.948721,6.679746,0.025428719197002417,6.337215304866001,0.024124759905299345
203,2022-10-26 20:34:41,204,0,bc,1,1,1258.926658723972,0.948721,7.515108000000001,0.10023834979095357,7.129740776868,0.09509822745202318
204,2022-10-26 20:37:47,205,0,bc,1,1,1221.03678448,0.948721,2.9872925999999995,0.024200611504530643,2.8341072227646005,0.022959628347189807
205,2022-10-26 20:40:55,206,0,bc,1,1,1260.861807736028,0.948721,2.9476584,0.02571562494565828,2.7965054249064,0.024396953414069895
206,2022-10-27 16:37:23,207,1,None,0,0,1418.60076718,0.948721,0.0,0.0,0.0,0.0
207,2022-10-27 16:40:45,208,0,bc,1,1,1386.152712663972,0.948721,8.232489,5.054364011287021,7.8103351965689995,4.795181279152233
208,2022-10-27 16:43:54,209,0,bc,1,1,1431.561178683972,0.948721,7.354326,0.5003451277925695,6.977203517046001,0.4746879299844944
209,2022-10-27 16:47:10,210,0,bc,1,1,1377.5476162599998,0.948721,7.0725,0.024096917870289065,6.709829272500001,0.022861252018818504
210,2022-10-27 16:50:18,211,0,bc,1,1,1435.2800108239721,0.948721,7.388478,0.024949229993892284,7.009604236638,0.023669858429035493
211,2022-10-27 16:53:36,212,0,bc,0,0,1408.370561143972,0.948721,7.354595999999999,0.025718143381337825,6.977459671716001,0.024399342706886297
212,2022-10-27 16:56:41,213,0,bc,1,1,1400.2264227599999,0.948721,3.518465999999999,0.027501328515213506,3.338042581986,0.02609108789028188
213,2022-10-27 17:00:00,214,0,bc,1,1,1415.353282496028,0.948721,0.7714823999999999,0.025181627956690027,0.7319215540104002,0.023890339256698926
214,2022-10-27 17:03:09,215,0,bc,1,1,1396.324957083972,0.948721,2.3829504,0.025650489408355074,2.2607550864384,0.024335157961984037
215,2022-10-27 17:06:27,216,1,bc,0,0,1387.0183078360283,0.948721,2.368347,0.02638230956981002,2.246900534187,0.025029451117379743
216,2022-10-27 17:09:34,217,1,bc,0,0,1375.14604138,0.948721,2.3477424,0.023674386774010098,2.2273525174704,0.022460387894625653
217,2022-10-27 17:12:52,218,0,bc,0,1,1416.9833130599998,0.948721,33.572579999999995,0.05306432067607711,31.851011670180004,0.05034323537612833
218,2022-10-27 17:15:57,219,0,bc,0,0,1395.293132903972,0.948721,33.753876000000005,0.039375228348006365,32.023010992596,0.03735610601354904
219,2022-10-27 17:19:12,220,0,bc,1,1,1421.349017596028,0.948721,0.0,0.0,0.0,0.0
220,2022-10-27 17:22:21,221,0,bc,0,0,1397.2539817200002,0.948721,8.35167,0.02477667314639698,7.923404714070001,0.023506150124122896
221,2022-10-27 17:25:45,222,0,bc,0,0,1407.1205611039718,0.948721,8.299626,0.027246118255634128,7.874029478346,0.02584896455760347
222,2022-10-27 17:28:58,223,0,bc,0,0,1407.562381,0.948721,8.280071999999999,0.02522960198400263,7.855478187912001,0.023935853223864913
223,2022-10-27 17:32:15,224,0,bc,0,1,1405.5293537039722,0.948721,4.682717999999998,0.03364414164633494,4.442592903678,0.031918903706852554
224,2022-10-27 17:35:24,225,0,bc,0,0,1408.792149083972,0.948721,4.656654,0.025351548423274372,4.417865439534,0.024051546371677213
225,2022-10-27 17:38:46,226,0,bc,0,0,1395.23134386,0.948721,4.65468,0.028466106876037005,4.41599266428,0.027006393381540674
226,2022-10-27 17:41:52,227,0,bc,0,0,1412.1369654639718,0.948721,4.654956000000001,0.023427757200757165,4.416254511276,0.022226405239259547
227,2022-10-27 17:45:11,228,0,bc,0,0,1397.081190703972,0.948721,24.772452,0.028536572359586017,23.502145433892004,0.027073245465559073
228,2022-10-27 17:48:21,229,0,bc,0,0,1425.55614798,0.948721,24.794442000000004,0.029249799582103473,23.523007808682003,0.027749899109332617
229,2022-10-27 17:51:40,230,0,bc,0,0,1362.9626420400002,0.948721,24.820037999999997,0.0300368302058249,23.547291271398002,0.028496571589700505
230,2022-10-27 17:54:46,231,1,bc,0,0,1403.37766958,0.948721,1.4624952000000002,0.028407930616738422,1.3874999086392001,0.026951200342642687
231,2022-10-27 17:58:01,232,1,bc,0,0,1360.7825238599999,0.948721,6.219689999999999,0.027337534264468912,5.900750516490001,0.025935692844921244
232,2022-10-27 18:01:09,233,1,bc,0,0,1397.3644367760278,0.948721,6.2162880000000005,0.026349948239102708,5.897522967648001,0.02499874924334976
233,2022-10-27 18:04:28,234,1,bc,0,0,1368.1239502760282,0.948721,6.204408000000001,0.024814338993030188,5.886252162168002,0.023541884503806603
234,2022-10-27 18:07:44,235,1,pc,0,0,1403.9715016200003,0.948721,545.994,5.096983674318688,517.995973674,4.835615448483289
235,2022-10-27 18:11:04,236,1,pc,0,0,1355.4495184399998,0.948721,562.1136,4.257358722836866,533.2889767056,4.039045624888509
236,2022-10-27 18:14:15,237,1,pc,0,0,1371.244575703972,0.948721,566.0634000000001,4.595328671596838,537.0362349114,4.359684812646021
237,2022-10-27 18:17:50,238,1,pc,0,0,1398.9583781000001,0.948721,566.0844,3.8300733771791298,537.0561580524,3.6336710444707627
238,2022-10-27 18:20:58,239,1,pc,0,0,1406.81763032,0.948721,566.3232000000002,4.704800104905482,537.2827126272,4.463542660326035
239,2022-10-27 18:24:24,240,1,pc,0,0,1423.0288076760282,0.948721,564.0971999999999,4.144875655144572,535.1708596812001,3.9323305764244094
240,2022-10-27 18:27:36,241,1,pc,0,0,1421.91441558,0.948721,564.0966,4.162152625908373,535.1702904486,3.948721601404417
241,2022-10-27 18:31:01,242,0,None,1,1,1398.4662521000002,0.948721,0.0,0.0,0.0,0.0
242,2022-10-27 18:34:09,243,0,None,0,0,1429.120233723972,0.948721,0.0,0.0,0.0,0.0
243,2022-10-27 18:37:31,244,0,bc,0,0,1420.2931337039722,0.948721,2.8939332,0.030183738680042333,2.7455351994372,0.028635946744268437
244,2022-10-27 18:40:34,245,0,bc,0,0,1427.040181163972,0.948721,2.7547086,0.0249088171205652,2.6134498977005998,0.02363151788743974
245,2022-10-27 18:43:53,246,0,bc,0,0,1463.9228378560279,0.948721,12.240287999999998,0.02369944208740457,11.612618271647998,0.02248415839660423
246,2022-10-27 18:47:05,247,0,bc,0,0,1441.68147658,0.948721,12.159527999999998,0.027778654212011564,11.535999563687998,0.026354192602673715
247,2022-10-27 18:50:26,248,0,bc,0,0,1380.384995943972,0.948721,12.249624,0.028100477539823077,11.621475530903998,0.026659513152058518
248,2022-10-27 18:53:33,249,1,bc,0,0,1384.1267939639722,0.948721,6.975882,0.02990284872773662,6.618165746922,0.02836946054782698
249,2022-10-27 18:56:58,250,0,bc,0,0,1386.2117677839722,0.948721,15.024888,0.029254708721381615,14.254426768248,0.027754556512858023
250,2022-10-27 19:00:06,251,0,bc,0,0,1367.3201444760282,0.948721,14.997827999999998,0.02184853288329758,14.228754377988002,0.020728161965575188
251,2022-10-27 19:03:29,252,1,bc,0,0,1359.1989716439718,0.948721,23.409744,0.025381686925546612,22.209315737424,0.024080139401691403
252,2022-10-27 19:06:40,253,1,bc,0,0,1380.7579182,0.948721,16.822956,0.02834684421499418,15.960291639276,0.02689324639049361
253,2022-10-27 19:10:00,254,1,bc,0,0,1330.7092509160282,0.948721,16.79259,0.026319738935390528,15.931482777389999,0.024970089042522667
254,2022-10-27 19:13:13,255,0,bc,0,0,1382.2840557160278,0.948721,2.3270334,0.02600876030592092,2.2077054542814003,0.024675057086193587
255,2022-10-27 19:16:39,256,0,bc,0,0,1355.1963468439722,0.948721,2.3043912,0.027485359128088548,2.1862243236552,0.02607593739735929
256,2022-10-27 19:19:47,257,1,bc,0,0,1388.9550969400002,0.948721,11.052672000000001,0.02227857500844202,10.485902032511998,0.02113615196058421
257,2022-10-27 19:23:15,258,1,bc,0,0,1347.9517055360282,0.948721,11.037156000000001,0.0263319273371345,10.471181677476,0.024981652435213716
258,2022-10-27 19:26:22,259,1,bc,0,0,1386.715376723972,0.948721,11.017655999999997,0.026413122778559343,10.452681617976001,0.02505868425559772
259,2022-10-27 19:29:31,260,1,bc,0,0,1354.700940003972,0.948721,11.004444000000001,0.02653132483100195,10.440147116124,0.025170825024992884
260,2022-10-27 19:32:38,261,1,bc,0,0,1397.2534348039721,0.948721,11.009862,0.02811927566152466,10.445287286502001,0.02667734732487739
261,2022-10-27 19:35:57,262,0,bc,0,0,1356.411898063972,0.948721,0.9779556000000001,0.027550217738965443,0.9278070147876001,0.026137470123529044
262,2022-10-27 19:39:05,263,0,bc,0,0,1358.8238623799998,0.948721,0.9675503999999999,0.029391230996647713,0.9179353830384002,0.027884078062370584
263,2022-10-27 19:42:35,264,0,bc,0,0,1344.93606666,0.948721,0.9689376,0.026405215953144625,0.9192514488096002,0.02505118288428331
264,2022-10-27 19:45:42,265,0,bc,0,0,1373.044116443972,0.948721,0.9661392000000001,0.02618752936800263,0.9165965479632001,0.024844659049540814
265,2022-10-27 19:49:00,266,0,None,0,0,1357.822659263972,0.948721,0.0,0.0,0.0,0.0
266,2022-10-27 19:52:09,267,0,None,0,0,1366.7798993800002,0.948721,0.0,0.0,0.0,0.0
267,2022-10-27 19:55:22,268,0,None,0,0,1362.293897596028,0.948721,0.0,0.0,0.0,0.0
268,2022-10-27 19:58:28,269,0,None,0,0,1377.57222256,0.948721,0.0,0.0,0.0,0.0
269,2022-10-27 20:01:40,270,0,None,0,0,1355.7108921360282,0.948721,0.0,0.0,0.0,0.0
270,2022-10-27 20:04:44,271,0,bc,0,0,1384.556037416028,0.948721,0.6735791999999999,0.02517297196571039,0.6390387322032001,0.023882127136280726
271,2022-10-27 20:08:03,272,0,bc,0,0,1355.2800082639721,0.948721,26.696862000000003,0.041099123781331584,25.327873613502003,0.038991601812948244
272,2022-10-27 20:11:04,273,0,bc,1,1,1351.18278602,0.948721,19.799028,0.024988894943724003,18.783753643187996,0.023707489399904642
273,2022-10-27 20:14:18,274,0,None,1,1,1350.1050300799998,0.948721,0.5114387368421053,2.7801288315553347,0.485212669855579,2.63756660520201
274,2022-10-28 16:41:12,275,0,bc,1,1,1358.349781,0.959663,7.782855000000001,8.282242382702007,7.468917977865001,7.9481615717109575
275,2022-10-28 16:44:21,276,0,bc,0,0,1370.1263561800001,0.959663,6.453377999999999,0.08516909869314929,6.193068091613999,0.0817336327591637
276,2022-10-28 16:47:43,277,0,bc,1,1,1370.0673010599999,0.959663,3.1717812,0.02876337796149701,3.0438410617356,0.02760314958466409
277,2022-10-28 16:50:53,278,1,bc,0,0,1362.99545044,0.959663,3.1116798000000006,0.027093804311962472,2.9861639719074002,0.02600092152743086
278,2022-10-28 16:54:17,279,1,bc,0,0,1356.37143448,0.959663,3.0834234,0.026236431070077268,2.9590473503142,0.02517813215000356
279,2022-10-28 16:57:25,280,1,bc,0,0,1372.327252903972,0.959663,3.081888,0.02769305624281649,2.9575738837439998,0.02657600143315001
280,2022-10-28 17:00:48,281,0,bc,1,1,1352.2129697799999,0.959663,19.857264000000004,0.03381518599782951,19.056281542032004,0.032451182840235245
281,2022-10-28 17:03:50,282,0,bc,0,0,1365.946019103972,0.959663,19.914042,0.026694454880291714,19.110769287846,0.02561768065378554
282,2022-10-28 17:07:10,283,0,None,1,1,1372.5585521239718,0.959663,0.0,0.0,0.0,0.0
283,2022-10-28 17:10:17,284,0,bc,1,1,1365.61520118,0.959663,1.4896122,0.02971490184550734,1.4295257126886,0.028516291849765108
284,2022-10-28 17:13:39,285,0,bc,0,0,1380.913211183972,0.959663,1.4634198000000003,0.025391438251932394,1.4043898355274,0.02436722380716421
285,2022-10-28 17:16:43,286,0,bc,0,0,1364.1836614360282,0.959663,1.4510772000000003,0.025235137217776323,1.3925450989836,0.024217227487822898
286,2022-10-28 17:20:05,287,0,bc,0,0,1393.1808188599998,0.959663,1.4399802,0.027942118657645953,1.3818957186726002,0.026815017417352496
287,2022-10-28 17:23:05,288,0,bc,0,0,1398.15293188,0.959663,1.427538,0.023114253493813543,1.3699553996940002,0.022181893850633568
288,2022-10-28 17:26:29,289,0,bc,1,1,1389.853500183972,0.959663,2.5740011999999997,0.027728567172698435,2.4701737135956003,0.026610079958653294
289,2022-10-28 17:29:30,290,0,bc,1,1,1432.2102384160282,0.959663,6.055704,0.02388468363915188,5.811435067752001,0.022921247155199415
290,2022-10-28 17:32:54,291,0,bc,1,1,1390.892979876028,0.959663,10.176882,0.030395635212970933,9.766377110766001,0.029169566475385378
291,2022-10-28 17:35:56,292,1,bc,0,0,1374.361373703972,0.959663,10.17126,0.027845001011957776,9.760981885380001,0.026721817206138407
292,2022-10-28 17:39:22,293,1,bc,0,0,1432.289525163972,0.959663,10.17327,0.02644595960938126,9.762910808009998,0.025379208936617596
293,2022-10-28 17:42:29,294,1,bc,0,0,1378.390245223972,0.959663,18.591888,0.025712257895830558,17.841947013744,0.024675102549086496
294,2022-10-28 17:45:59,295,1,bc,0,0,1381.271916576028,0.959663,18.585366000000004,0.025548910700186642,17.835688091658003,0.024518344289273162
295,2022-10-28 17:49:03,296,0,bc,1,1,1428.8123816799998,0.959663,7.965701999999999,0.03395886678351249,7.644389478426001,0.032589067974065924
296,2022-10-28 17:52:29,297,0,pc,1,1,1391.2057531799999,0.959663,582.6126,130.78534717039733,559.1117555538001,125.50985862158501
297,2022-10-28 17:55:27,298,1,pc,0,0,1368.4667980560278,0.959663,451.95000000000005,2.307040895804683,433.71969285,2.2139817871906073
298,2022-10-28 17:58:53,299,0,bc,1,1,1509.63259424,0.959663,7.748022000000001,0.05364182604103758,7.435490036586001,0.051478075704020285
299,2022-10-28 18:01:56,300,0,pc,0,1,1410.56927086,0.959663,614.1923999999999,5.139605245014086,589.4177211612001,4.932288988245957
300,2022-10-28 18:05:18,301,0,pc,0,0,1366.314567016028,0.959663,626.979,4.709412982959528,601.688548077,4.519449391465888
301,2022-10-28 18:08:16,302,0,bc,0,0,1364.600874703972,0.959663,9.598932,0.08425591244757172,9.211739879916,0.08085728170717396
302,2022-10-28 18:11:40,303,1,pc,0,0,1593.254097243972,0.959663,512.658,2.0026903261295526,491.97891425399996,1.9219078064444501
303,2022-10-28 18:14:41,304,1,pc,0,0,1356.4375981960281,0.959663,518.7192,2.366314310684264,497.7956236296,2.2708642903341967
304,2022-10-28 18:18:05,305,0,bc,1,1,1535.6923063599997,0.959663,12.083346,0.04702320397997549,11.595940072398,0.045126429001035084
305,2022-10-28 18:21:10,306,0,bc,1,1,1360.074955923972,0.959663,11.664666,0.04559675862699171,11.194148367558,0.043757522174254694
306,2022-10-28 18:24:29,307,0,pc,0,0,1766.2686480560278,0.959663,1169.9832,29.462649723083032,1122.7895876616,28.274214821203024
307,2022-10-28 18:27:32,308,0,pc,0,0,1389.8578748560283,0.959663,1171.6308,33.16541475121846,1124.3707284204002,31.827621416398564
308,2022-10-28 18:30:56,309,0,None,1,1,1415.5993454960278,0.959663,0.0,0.0,0.0,0.0
309,2022-10-28 18:33:56,310,1,bc,0,0,1373.443832336028,0.959663,10.320822,0.12100617929031846,9.904511002986002,0.1161251530362849
310,2022-10-28 18:37:13,311,1,pc,0,0,1485.4713949760278,0.959663,807.696,7.88765599002322,775.1159664480001,7.56949161035366
311,2022-10-28 18:40:18,312,1,pc,0,0,1337.10798242,0.959663,819.5928000000001,7.089369795328445,786.5328852263999,6.8034058858942865
312,2022-10-28 18:43:39,313,1,bc,0,1,1444.07484936,0.959663,5.796072,0.0341687900412255,5.562275843736,0.032790523557332564
313,2022-10-28 18:46:46,314,0,bc,1,1,1357.103608716028,0.959663,10.20783,0.026843734237184842,9.796076761290001,0.02576093852925946
314,2022-10-28 18:50:00,315,0,bc,1,1,1397.3152241760279,0.959663,1.081104,0.02581021297267645,1.037495507952,0.02476910641199759
315,2022-10-28 18:52:58,316,0,None,0,0,1325.34945186,0.959663,0.0,0.0,0.0,0.0
316,2022-10-28 18:56:18,317,0,bc,0,0,1357.40161824,0.959663,18.52152,0.04261911149246038,17.774417447760005,0.040899984392188976
317,2022-10-28 18:59:27,318,1,mc,0,1,1336.975655316028,0.959663,323.24621999999994,0.7851652026964935,310.2074372238601,0.7534939939153281
318,2022-10-28 19:02:55,319,1,mc,0,0,1372.662992416028,0.959663,327.17645999999996,0.8402140673964283,313.97914313298,0.8063223525598572
319,2022-10-28 19:06:01,320,0,bc,1,1,1326.3156592399998,0.959663,12.528531,4.6417845841537195,12.023167645053,4.45454891938271
320,2022-10-28 19:09:20,321,0,bc,0,0,1339.8786518,0.959663,13.980929999999997,0.026108491897322367,13.416981226590002,0.0250553536596599
321,2022-10-28 19:12:30,322,0,None,1,1,1358.2152665600001,0.959663,2.5946844,5.401687675360915,2.4900226153572,5.183799799599883
322,2022-10-28 19:15:56,323,1,None,0,0,1344.3821516160278,0.959663,0.0,0.0,0.0,0.0
323,2022-10-28 19:18:59,324,0,None,0,0,1368.012948303972,0.959663,0.0,0.0,0.0,0.0
324,2022-10-28 19:22:18,325,1,bc,0,0,1371.6043746000003,0.959663,7.990673999999999,0.02794469290750777,7.668354182862,0.026817487829697593
325,2022-10-28 19:25:26,326,1,bc,0,0,1382.330534063972,0.959663,7.962864,0.02020808792605367,7.641665954832001,0.019392954283380368
326,2022-10-28 19:28:43,327,0,mc,1,1,1367.21297026,0.959663,61.90122,0.07665489204595032,59.404310488860006,0.07356286366549253
327,2022-10-28 19:31:52,328,1,mc,0,0,1360.197987423972,0.959663,61.6881,0.07793430088373962,59.19978711030001,0.07479066498899214
328,2022-10-28 19:35:12,329,0,mc,1,1,1368.232764583972,0.959663,50.35986,0.08306837126779784,48.32849432718,0.07971764237596865
329,2022-10-28 19:38:23,330,0,mc,1,1,1349.43573872,0.959663,49.87536000000001,0.07558653633138879,47.86353760368,0.07253760221538959
330,2022-10-28 19:41:55,331,0,pc,1,1,1384.505184396028,0.959663,494.15939999999995,3.5972765461043714,474.2264922822001,3.4521732020641545
331,2022-10-28 19:45:07,332,0,pc,0,1,1346.71428194,0.959663,512.3076,3.022382376060094,491.6426483387999,2.9004685381569595
332,2022-10-28 19:48:31,333,0,mc,1,1,1375.7568245360283,0.959663,55.18566,0.14513475351536662,52.95963603257999,0.13928045296281757
333,2022-10-28 19:51:35,334,1,mc,0,0,1376.1253721199998,0.959663,54.29393999999999,0.0785030738899406,52.10388534221999,0.07533649539844278
334,2022-10-28 19:55:01,335,0,pc,1,1,1348.752777083972,0.959663,450.30300000000005,2.289033620385298,432.1391278889999,2.1967008712398157
335,2022-10-28 19:58:08,336,0,mc,1,1,1379.769291856028,0.959663,52.21716000000001,0.07920379035614102,50.11087641708,0.07600894706454481
336,2022-10-28 20:01:31,337,0,mc,0,0,1349.6779739639721,0.959663,51.81606,0.07193231564393276,49.72595558778001,0.06903078182780396
337,2022-10-28 20:04:36,338,0,pc,1,1,1425.65457318,0.959663,1602.1554,160.7891852537015,1537.5292576302002,154.30343188812296
338,2022-10-28 20:07:51,339,0,pc,1,1,1358.8440943360279,0.959663,1522.2558,39.72546348773358,1460.8525677953996,38.12305746702886
339,2022-10-28 20:10:53,340,0,bc,1,1,1373.992279203972,0.959663,20.464955999999997,0.07651783855825471,19.639461069828,0.07343133850433048
340,2022-10-28 20:14:12,341,0,bc,1,1,1337.10798242,0.959663,20.566379999999995,0.043232538593290265,19.73679392994,0.04148866768405274
341,2022-10-28 20:17:16,342,0,pc,1,1,1344.834907536028,0.959663,919.6134000000001,16.31519112974163,882.5189542842,15.657085265141239
342,2022-10-28 20:20:43,343,0,pc,0,0,1395.130731323972,0.959663,924.2171999999999,13.29071975554142,886.9370508036003,12.754611992762147
343,2022-10-28 20:23:50,344,0,bc,0,0,1409.9655963000002,0.959663,9.908897999999999,0.09121068490039974,9.509202781373999,0.08753151950357246
344,2022-10-28 20:27:06,345,0,pc,1,1,1344.85896692,0.959663,412.6656,25.510629884920977,396.0199076928,24.481607607252926
345,2022-10-28 20:30:10,346,0,pc,0,1,1336.373621176028,0.959663,402.0774,1.7910754008487249,385.8588039162001,1.7188287924046892
346,2022-10-28 20:33:34,347,0,pc,0,0,1362.6104986560279,0.959663,401.4288,1.5826237472702496,385.2363664944,1.5187854531766058
347,2022-10-28 20:36:39,348,0,bc,1,1,1385.69394198,0.959663,27.033696000000003,0.032967317930420514,25.943237804447996,0.03163751522706093
348,2022-10-28 20:39:57,349,1,mc,0,1,1340.092999903972,0.959663,119.62374,0.16792551738741357,114.79847719962001,0.16115190579255834
