,datetime_utc,overpass_id,phase_iii,meter,qc_su_discard,qc_su_discard_strict,altitude_feet,methane_fraction_su_normalized,kgh_gas_60_mean,kgh_gas_60_std,kgh_ch4_60_mean_su_normalized,kgh_ch4_60_std_su_normalized
0,2022-10-31 17:03:58,1.0,0,mc,0.0,0.0,6587.102972999999,0.9299999999999999,224.12556,0.15120101694573262,208.4367708,0.14061694575952938
1,2022-10-31 17:07:11,2.0,0,mc,0.0,0.0,6323.76964,0.9299999999999999,224.61653999999996,0.14595075696147308,208.8933822,0.1357342039741709
2,2022-10-31 17:10:55,3.0,1,mc,0.0,0.0,6457.866862000001,0.9299999999999999,318.79188,3.8436872680420353,296.4764483999999,3.574629159279093
3,2022-10-31 17:14:15,4.0,0,mc,0.0,0.0,6475.540472999999,0.9299999999999999,115.84914000000002,0.2144020468533701,107.7397002,0.19939390357363374
4,2022-10-31 17:17:11,5.0,0,mc,0.0,0.0,6556.686307,0.9299999999999999,114.40380000000002,0.12047570118605332,106.39553400000001,0.11204240210303085
5,2022-10-31 17:20:09,6.0,0,mc,0.0,0.0,6488.665472999999,0.9299999999999999,62.66604,0.08393526803637819,58.279417200000005,0.07805979927383207
6,2022-10-31 17:23:18,7.0,1,mc,0.0,0.0,6541.89464,0.9299999999999999,115.4442,0.09021371236294987,107.363106,0.08389875249754401
7,2022-10-31 17:26:03,8.0,0,pc,0.0,0.0,6553.352972999999,0.9299999999999999,690.3474,3.8511672947566726,642.023082,3.5815855841236983
8,2022-10-31 17:29:18,9.0,0,pc,0.0,0.0,6526.061307,0.9299999999999999,711.2178,2.904995620055627,661.4325539999999,2.7016459266517376
9,2022-10-31 17:32:10,10.0,0,bc,0.0,0.0,6566.998807,0.9299999999999999,22.027854000000005,0.6744996870982176,20.485904220000002,0.6272847090013423
10,2022-10-31 17:35:30,11.0,0,mc,0.0,0.0,6564.186307,0.9299999999999999,287.60351999999995,0.2518495628447364,267.4712736,0.23422009344560427
11,2022-10-31 17:38:24,12.0,1,mc,0.0,1.0,6521.165472999999,0.9299999999999999,330.29688000000004,0.43160497193221514,307.17609840000006,0.401392623896961
12,2022-10-31 17:41:48,13.0,1,mc,0.0,0.0,6585.748807,0.9299999999999999,331.3183200000001,0.2849162189076147,308.1260376,0.2649720835840796
13,2022-10-31 17:44:49,14.0,1,mc,0.0,0.0,6580.94767,0.9299999999999999,273.3414,0.39807312504281755,254.207502,0.3702080062898209
14,2022-10-31 17:48:18,15.0,1,mc,0.0,0.0,6545.436307,0.9299999999999999,272.19017999999994,0.27294013424441066,253.13686740000003,0.2538343248472981
15,2022-10-31 17:51:26,16.0,0,pc,0.0,1.0,6564.39464,0.9299999999999999,992.1587999999999,10.931365744684776,922.7076840000001,10.16617014255684
16,2022-10-31 17:54:42,17.0,1,pc,0.0,1.0,6584.186307,0.9299999999999999,448.90560000000005,0.8423003852445091,417.482208,0.7833393582773973
17,2022-10-31 17:57:55,18.0,0,mc,1.0,1.0,6538.561307,0.9299999999999999,174.53633999999997,0.347724924012733,162.31879620000004,0.3233841793318414
18,2022-10-31 18:01:26,19.0,0,pc,1.0,1.0,6562.415472999999,0.9299999999999999,1166.9778000000001,15.206306834749268,1085.289354,14.141865356316842
19,2022-10-31 18:04:21,20.0,0,pc,0.0,0.0,6532.51964,0.9299999999999999,1190.0747999999999,14.246440503163216,1106.769564,13.249189667941792
20,2022-10-31 18:07:42,21.0,0,bc,1.0,1.0,6566.061307,0.9299999999999999,18.841434000000003,0.026000763300399212,17.522533619999997,0.024180709869371465
21,2022-10-31 18:11:01,22.0,0,pc,1.0,1.0,6568.526583999999,0.9299999999999999,648.6084,2.5355176464764018,603.205812,2.358031411223051
22,2022-10-31 18:14:42,23.0,0,pc,0.0,1.0,6569.811307,0.9299999999999999,657.507,2.2959229450248393,611.4815100000001,2.1352083388731025
23,2022-10-31 18:17:44,24.0,0,bc,1.0,1.0,6559.498807,0.9299999999999999,23.687952000000003,0.03798162467406251,22.02979536,0.03532291094687834
24,2022-10-31 18:21:20,25.0,0,bc,0.0,0.0,6568.352972999999,0.9299999999999999,23.299344000000005,0.040348166916966056,21.668389920000003,0.0375237952327784
25,2022-10-31 18:24:22,26.0,0,pc,0.0,1.0,6556.477972999999,0.9299999999999999,482.2506000000001,1.019975892038126,448.493058,0.9485775795954652
26,2022-10-31 18:27:46,27.0,0,pc,0.0,0.0,6579.602972999999,0.9299999999999999,489.90480000000014,0.8700163411673968,455.61146399999996,0.8091151972856792
27,2022-10-31 18:30:56,28.0,0,None,1.0,1.0,6580.64464,0.9299999999999999,0.0,0.0,0.0,0.0
28,2022-10-31 18:34:29,29.0,0,pc,1.0,1.0,6548.561307,0.9299999999999999,645.1398,2.3357242030133505,599.9800140000001,2.1722235088024178
29,2022-10-31 18:37:51,30.0,0,pc,1.0,1.0,6568.561307,0.9299999999999999,627.069,38.58491995673695,583.1741700000001,35.88397555976536
30,2022-10-31 18:41:25,31.0,0,mc,1.0,1.0,6553.352972999999,0.9299999999999999,169.47846000000007,0.18861310521177277,157.61496780000004,0.17541018784694634
31,2022-10-31 18:44:50,32.0,0,pc,1.0,1.0,6586.89464,0.9299999999999999,586.4837999999999,2.3674059521706137,545.429934,2.20168753551867
32,2022-10-31 18:48:28,33.0,1,pc,0.0,0.0,6547.966069,0.9299999999999999,589.5186,1.674788660585909,548.252298,1.557553454344894
33,2022-10-31 18:51:56,34.0,0,bc,1.0,1.0,6568.109918,0.9299999999999999,2.371725,0.011859215022468898,2.2057042500000006,0.011029069970896114
34,2022-10-31 18:55:34,35.0,0,bc,1.0,1.0,6565.64464,0.9299999999999999,7.378140000000001,0.031231904157257757,6.861670200000002,0.02904567086624969
35,2022-10-31 18:58:59,36.0,0,None,1.0,1.0,6542.102972999999,0.9299999999999999,0.0,0.0,0.0,0.0
36,2022-10-31 19:02:29,37.0,0,mc,1.0,1.0,6560.64464,0.9299999999999999,349.88645999999994,0.8046024889052636,325.3944078,0.7482803146818966
37,2022-10-31 19:05:51,38.0,0,bc,1.0,1.0,6560.64464,0.9299999999999999,0.7092126000000002,0.010496709200538901,0.6595677179999999,0.009761939556501172
38,2022-10-31 19:09:23,39.0,0,pc,0.0,1.0,6579.08214,0.9299999999999999,1167.6642000000002,15.411583746858748,1085.927706,14.332772884578652
39,2022-10-31 19:12:50,40.0,0,pc,0.0,1.0,6597.631819,0.9299999999999999,1199.3021999999996,16.924072618410158,1115.351046,15.739387535121436
40,2022-10-31 19:16:43,41.0,1,mc,0.0,0.0,6551.686307,0.9299999999999999,94.93968000000001,0.23274906309775173,88.2939024,0.21645662868090984
41,2022-10-31 19:19:57,42.0,0,None,1.0,1.0,6572.51964,0.9299999999999999,0.0,0.0,0.0,0.0
42,2022-10-31 19:23:23,43.0,0,None,0.0,0.0,6575.131819,0.9299999999999999,0.0,0.0,0.0,0.0
43,2022-10-31 19:26:49,44.0,1,bc,0.0,1.0,6573.76964,0.9299999999999999,3.0517182000000007,0.02369553172982875,2.838097926,0.022036844508740758
44,2022-10-31 19:30:30,45.0,0,mc,0.0,0.0,6586.790472999999,0.9299999999999999,329.7151799999999,0.56429954504888,306.6351174,0.5247985768954572
45,2022-10-31 19:33:50,46.0,0,mc,0.0,0.0,6558.352972999999,0.9299999999999999,334.35083999999995,0.2682278383914289,310.94628120000004,0.24945188970403026
46,2022-10-31 19:37:14,47.0,0,bc,1.0,1.0,6570.852972999999,0.9299999999999999,7.494744,0.034507069636746115,6.97011192,0.03209157476217383
47,2022-10-31 19:40:45,48.0,1,pc,0.0,1.0,6593.977972999999,0.9299999999999999,877.4928000000001,8.328079186845725,816.0683040000001,7.745113643766524
48,2022-10-31 19:44:26,49.0,1,pc,0.0,0.0,6543.977972999999,0.9299999999999999,896.6682,5.131464411858413,833.901426,4.772261903028326
49,2022-10-31 19:47:36,50.0,0,bc,1.0,1.0,6564.458742999999,0.9299999999999999,9.639168,0.018642685192494145,8.964426239999998,0.017337697229019667
50,2022-10-31 19:51:07,51.0,0,bc,0.0,0.0,6561.061307,0.9299999999999999,9.634805999999998,0.012851550483521714,8.96036958,0.011951941949675096
51,2022-10-31 19:54:16,52.0,0,pc,0.0,0.0,6588.040472999999,0.9299999999999999,403.4934,0.7238892414577663,375.24886200000003,0.6732169945557268
52,2022-10-31 20:00:56,54.0,1,mc,0.0,0.0,6591.26964,0.9299999999999999,79.98011999999999,0.0791841894850644,74.38151159999998,0.0736412962211101
53,2022-10-31 20:04:28,55.0,1,None,0.0,0.0,6593.526583999999,0.9299999999999999,0.0,0.0,0.0,0.0
54,2022-10-31 20:11:39,56.0,1,mc,0.0,1.0,6560.852972999999,0.9299999999999999,245.11320000000003,0.28426132641447244,227.955276,0.2643630335654561
55,2022-10-31 20:15:00,57.0,1,pc,0.0,1.0,6592.102972999999,0.9299999999999999,1123.0907999999997,10.804813096996032,1044.474444,10.048476180206299
56,2022-10-31 20:18:40,58.0,1,pc,0.0,0.0,6617.51964,0.9299999999999999,1134.7073999999998,9.926816297453575,1055.277882,9.231939156631823
57,2022-10-31 20:21:59,59.0,0,bc,1.0,1.0,6578.76964,0.9299999999999999,1.8270504,0.01408842371666677,1.6991568719999999,0.013102234056500094
58,2022-10-31 20:32:23,60.0,0,bc,1.0,1.0,6588.14464,0.9299999999999999,10.579716,0.07393629019268975,9.839135879999999,0.06876074987920133
59,2022-10-31 20:35:42,61.0,1,bc,0.0,0.0,6592.51964,0.9299999999999999,10.511388000000004,0.011130199687550319,9.77559084,0.010351085709421825
60,2022-10-31 20:38:56,62.0,0,None,1.0,1.0,6646.964083999999,0.9299999999999999,0.0,0.0,0.0,0.0
61,2022-10-31 20:42:27,63.0,0,None,0.0,0.0,6614.282461000001,0.9299999999999999,0.0,0.0,0.0,0.0
62,2022-10-31 20:45:47,64.0,1,mc,0.0,1.0,6638.112589,0.9299999999999999,137.70192,0.08321537667555423,128.06278559999998,0.07739030030826627
63,2022-10-31 20:49:11,65.0,0,pc,1.0,1.0,6615.01964,0.9299999999999999,482.94300000000004,1.7984408501603453,449.13698999999997,1.6725499906491166
64,2022-10-31 20:52:30,66.0,1,pc,0.0,0.0,6623.040472999999,0.9299999999999999,496.44120000000004,1.2520157685691324,461.69031599999994,1.1643746647692854
65,2022-10-31 20:55:58,67.0,0,mc,1.0,1.0,6610.436307,0.9299999999999999,45.77213999999999,0.07343333469254706,42.56809020000001,0.06829300126406952
66,2022-10-31 20:59:03,68.0,0,mc,1.0,1.0,6566.686307,0.9299999999999999,45.50261999999999,0.05282210246170091,42.3174366,0.04912455528938258
67,2022-11-02 16:38:30,69.0,0,None,1.0,1.0,6457.727972999999,0.9299999999999999,0.0,0.0,0.0,0.0
68,2022-11-02 16:41:15,70.0,0,bc,1.0,1.0,6440.505751000001,0.9299999999999999,1.14201,0.013168079586636773,1.0620693,0.012246314015572196
69,2022-11-02 16:45:27,71.0,1,bc,0.0,0.0,6579.811307,0.9299999999999999,1.1184138,0.010175568944739779,1.040124834,0.009463279118608009
70,2022-11-02 16:48:30,72.0,1,bc,0.0,0.0,6621.373807,0.9299999999999999,1.1023296,0.01656346814088877,1.025166528,0.015404025371026578
71,2022-11-02 16:52:31,73.0,1,bc,0.0,0.0,6592.102972999999,0.9299999999999999,4.238352,0.010348558042515908,3.94166736,0.009624158979539839
72,2022-11-02 16:55:43,74.0,1,bc,0.0,0.0,6533.561307,0.9299999999999999,4.235448,0.009192456155429414,3.938966640000001,0.008548984224549373
73,2022-11-02 16:59:31,75.0,1,bc,0.0,0.0,6575.852972999999,0.9299999999999999,4.191192,0.007579819057810879,3.8978085600000005,0.0070492317237640795
74,2022-11-02 17:02:34,76.0,1,bc,0.0,0.0,6576.477972999999,0.9299999999999999,11.004731999999999,0.01308974042549266,10.23440076,0.012173458595708241
75,2022-11-02 17:06:40,77.0,1,bc,0.0,0.0,6600.64464,0.9299999999999999,10.957769999999998,0.012355321642165146,10.190726099999997,0.011490449127213653
76,2022-11-02 17:09:45,78.0,1,bc,0.0,0.0,6530.95714,0.9299999999999999,22.154261999999996,0.017343834424439236,20.603463659999996,0.016129766014728642
77,2022-11-02 17:13:53,79.0,1,bc,0.0,0.0,6567.311307,0.9299999999999999,22.217772,0.012673956320484936,20.662527960000002,0.011786779378051053
78,2022-11-02 17:17:07,80.0,1,bc,0.0,0.0,6561.061307,0.9299999999999999,22.203623999999998,0.015262841017720342,20.649370320000003,0.014194442146479986
79,2022-11-02 17:21:05,81.0,0,bc,1.0,1.0,6567.51964,0.9299999999999999,30.615017999999996,0.020342993030125496,28.471966740000006,0.018918983518017175
80,2022-11-02 17:24:14,82.0,0,bc,0.0,1.0,6550.804362000001,0.9299999999999999,30.566712,0.019529901350996668,28.42704216,0.018162808256426934
81,2022-11-02 17:28:30,83.0,0,bc,0.0,0.0,6547.51964,0.9299999999999999,26.528375999999994,0.012818869989067241,24.671389680000004,0.011921549089832516
82,2022-11-02 17:37:34,84.0,0,bc,0.0,0.0,6586.686307,0.9299999999999999,26.578398,0.015577122599330577,24.717910140000008,0.014486724017377425
83,2022-11-02 17:41:55,85.0,0,bc,0.0,0.0,6565.01964,0.9299999999999999,33.791286,0.021015114270368132,31.42589598,0.019544056271442314
84,2022-11-02 17:45:14,86.0,0,bc,0.0,0.0,6616.686307,0.9299999999999999,33.707711999999994,0.014880790574954027,31.348172160000004,0.013839135234707247
85,2022-11-02 17:49:41,87.0,0,pc,0.0,0.0,6549.186307,0.9299999999999999,851.4540000000001,9.296849154600157,791.8522200000002,8.64606971377815
86,2022-11-02 17:52:42,88.0,0,pc,0.0,0.0,6618.873807,0.9299999999999999,842.4173999999999,6.720828190491224,783.448182,6.250370217156837
87,2022-11-02 18:05:02,89.0,0,pc,0.0,0.0,6540.852972999999,0.9299999999999999,774.5963999999999,7.092950396613078,720.3746520000003,6.596443868850161
88,2022-11-04 16:43:19,90.0,0,bc,1.0,1.0,6389.811307,0.9299999999999999,13.635143999999999,3.2359257191214796,12.680683920000002,3.009410918782976
89,2022-11-04 16:47:50,91.0,0,bc,1.0,1.0,6576.964083999999,0.9299999999999999,9.683531999999998,0.011508610895575557,9.005684760000003,0.01070300813288541
90,2022-11-04 16:51:29,92.0,0,bc,0.0,0.0,6592.936307,0.9299999999999999,9.746801999999999,0.015299145738863377,9.064525860000002,0.014228205537142935
91,2022-11-04 16:55:06,93.0,0,bc,0.0,0.0,6585.32267,0.9299999999999999,9.730818000000003,0.009361976975049448,9.049660739999998,0.008706638586795904
92,2022-11-04 16:58:53,94.0,1,pc,0.0,1.0,6642.51964,0.9299999999999999,668.4419999999999,2.7849076544955267,621.65106,2.5899641186808413
93,2022-11-04 17:02:28,95.0,1,pc,0.0,1.0,6524.811307,0.9299999999999999,684.8262000000001,2.2022720378766882,636.8883659999999,2.048112995225323
94,2022-11-04 17:06:37,96.0,0,bc,1.0,1.0,6569.735548999999,0.9299999999999999,7.74366,0.022036056123805995,7.2016038,0.020493532195139493
95,2022-11-04 17:10:21,97.0,0,bc,1.0,1.0,6482.102972999999,0.9299999999999999,7.747950000000001,0.009822016431449334,7.2055935,0.009134475281247823
96,2022-11-04 17:14:25,98.0,0,bc,1.0,1.0,6583.248807,0.9299999999999999,0.0,0.0,0.0,0.0
97,2022-11-04 17:18:03,99.0,0,bc,1.0,1.0,6471.061307,0.9299999999999999,12.775775999999999,0.021852845542516586,11.88147168,0.020323146354540404
98,2022-11-04 17:22:07,100.0,0,bc,0.0,0.0,6551.307519,0.9299999999999999,12.685158000000001,0.011813792399033367,11.79719694,0.010986826931100802
99,2022-11-04 17:25:59,101.0,0,bc,0.0,1.0,6518.561307,0.9299999999999999,23.461685999999993,0.018806844516770126,21.81936798,0.017490365400595825
100,2022-11-04 17:29:55,102.0,0,bc,0.0,0.0,6581.686307,0.9299999999999999,23.363892000000003,0.015973714510226975,21.728419560000003,0.014855554494510956
101,2022-11-04 17:33:40,103.0,0,bc,1.0,1.0,6541.825196,0.9299999999999999,5.6032259999999985,0.012318619392156515,5.21100018,0.011456316034705517
102,2022-11-04 17:37:46,104.0,1,bc,0.0,1.0,6588.804362000001,0.9299999999999999,34.686912,0.03458372914183683,32.25882816,0.0321628681019085
103,2022-11-04 17:41:35,105.0,0,bc,1.0,1.0,6554.915472999999,0.9299999999999999,19.301586000000004,0.021716785135239742,17.95047498,0.020196610175773066
104,2022-11-04 17:45:47,106.0,0,bc,0.0,0.0,6599.811307,0.9299999999999999,19.159134,0.01490969849301255,17.817994619999997,0.013866019598501781
105,2022-11-04 17:50:26,107.0,0,bc,0.0,0.0,6594.356760999999,0.9299999999999999,19.087542,0.012356530531652287,17.751414060000002,0.0114915733944367
106,2022-11-04 17:54:51,108.0,1,bc,0.0,0.0,6548.727972999999,0.9299999999999999,31.122342000000003,0.016608136743828543,28.94377806,0.01544556717176041
107,2022-11-04 17:59:10,109.0,1,bc,0.0,0.0,6660.33214,0.9299999999999999,31.121484000000006,0.020534859918305056,28.942980119999998,0.019097419724024067
108,2022-11-04 18:02:09,110.0,0,bc,1.0,1.0,6598.352972999999,0.9299999999999999,37.04406000000001,0.03515095388922022,34.4509758,0.03269038711697478
109,2022-11-04 18:05:20,111.0,0,bc,0.0,0.0,6579.621913000001,0.9299999999999999,37.098240000000004,0.017218704847061006,34.5013632,0.016013395507766762
110,2022-11-04 18:09:23,112.0,0,bc,0.0,0.0,6490.783529,0.9299999999999999,36.974640000000015,0.021229362461186767,34.3864152,0.01974330708890358
111,2022-11-04 18:12:50,113.0,0,mc,1.0,1.0,6652.033529,0.9299999999999999,65.53920000000001,0.06623053727546356,60.95145599999999,0.061594399666180875
112,2022-11-04 18:16:52,114.0,0,mc,1.0,1.0,6517.762696,0.9299999999999999,64.90925999999999,0.03960180273246417,60.3656118,0.0368296765411905
113,2022-11-04 18:20:21,115.0,1,mc,0.0,0.0,6627.5953979999995,0.9299999999999999,64.67634,0.03307981718638696,60.14899620000001,0.03076422998333965
114,2022-11-04 18:23:41,116.0,1,mc,0.0,0.0,6516.165472999999,0.9299999999999999,64.8249,0.02534594541839944,60.28715700000001,0.02357172923911207
115,2022-11-04 18:26:58,117.0,0,mc,1.0,1.0,6563.422418,0.9299999999999999,52.85321999999999,0.03586811435130958,49.1534946,0.03335734634671875
116,2022-11-04 18:30:20,118.0,1,mc,0.0,0.0,6659.186307,0.9299999999999999,52.95630000000002,0.04078481771360657,49.249359,0.03792988047365362
117,2022-11-04 18:33:38,119.0,0,mc,0.0,0.0,6688.76964,0.9299999999999999,41.87526,0.025606336609838198,38.9439918,0.02381389304714958
118,2022-11-04 18:37:26,120.0,0,mc,0.0,0.0,6612.102972999999,0.9299999999999999,41.898240000000015,0.05102460423450809,38.96536319999999,0.04745288193809275
119,2022-11-04 18:40:28,121.0,0,mc,0.0,0.0,6666.165472999999,0.9299999999999999,41.90765999999999,0.04426231974436642,38.9741238,0.04116395736226116
120,2022-11-04 18:44:10,122.0,1,bc,0.0,1.0,6558.352972999999,0.9299999999999999,37.98408,0.020337331458365984,35.3251944,0.018913718256280136
121,2022-11-04 18:47:17,123.0,0,bc,1.0,1.0,6635.436307,0.9299999999999999,23.430228000000003,0.02087494620311752,21.79011204,0.019413699968899155
122,2022-11-04 18:51:04,124.0,1,bc,0.0,0.0,6519.602972999999,0.9299999999999999,23.329314,0.01335875123566068,21.696262020000006,0.012423638649164523
123,2022-11-04 18:54:32,125.0,0,bc,1.0,1.0,6620.852972999999,0.9299999999999999,34.689474000000004,0.020767639527049547,32.26121082,0.019313904760156334
124,2022-11-04 18:58:34,126.0,1,mc,0.0,0.0,6495.679813000001,0.9299999999999999,88.24889999999999,0.04372205742053722,82.071477,0.04066151340109937
125,2022-11-04 19:02:07,127.0,1,mc,0.0,0.0,6616.547418,0.9299999999999999,88.27398,0.03243337264326582,82.09480140000001,0.03016303655823597
126,2022-11-04 19:05:47,128.0,0,mc,1.0,1.0,6518.14464,0.9299999999999999,65.38566,0.027468744641927067,60.808663800000005,0.025545932516992786
127,2022-11-04 19:09:13,129.0,0,mc,0.0,0.0,6616.616862000001,0.9299999999999999,65.35602,0.0245726511886832,60.7810986,0.022852565605475567
128,2022-11-04 19:13:22,130.0,1,mc,0.0,0.0,6623.248807,0.9299999999999999,48.469920000000016,0.02976370671284404,45.0770256,0.027680247242945776
129,2022-11-04 19:17:16,131.0,1,mc,0.0,0.0,6594.255751000001,0.9299999999999999,48.602579999999996,0.026413702145231255,45.200399399999995,0.024564742995064746
130,2022-11-04 19:21:22,132.0,0,mc,1.0,1.0,6580.436307,0.9299999999999999,70.326,0.02678456423681137,65.40318,0.02490964474023541
131,2022-11-04 19:24:27,133.0,0,mc,0.0,0.0,6623.908529,0.9299999999999999,53.254920000000006,0.03446610125316197,49.527075599999996,0.03205347416544035
132,2022-11-04 19:28:09,134.0,0,mc,0.0,0.0,6667.51964,0.9299999999999999,53.342459999999996,0.04124291495394449,49.608487800000006,0.03835591090716739
133,2022-11-04 19:31:29,135.0,0,mc,0.0,0.0,6650.227972999999,0.9299999999999999,53.59619999999999,0.043711380048708816,49.844466000000004,0.04065158344530015
134,2022-11-04 19:35:17,136.0,0,mc,0.0,0.0,6573.14464,0.9299999999999999,53.42028,0.03259916189002881,49.68086040000001,0.030317220557727027
135,2022-11-04 19:38:33,137.0,0,mc,0.0,0.0,6587.3996910000005,0.9299999999999999,53.36646,0.04500545051736702,49.63080779999999,0.04185506898115098
136,2022-11-04 19:42:02,138.0,0,mc,0.0,0.0,6538.873807,0.9299999999999999,53.244420000000005,0.030597966034096816,49.517310599999995,0.028456108411710132
137,2022-11-04 19:45:32,139.0,0,mc,1.0,1.0,6586.26964,0.9299999999999999,95.67678000000002,0.047339433521132436,88.97940540000003,0.04402567317465462
138,2022-11-04 19:49:06,140.0,0,mc,0.0,0.0,6570.471029,0.9299999999999999,95.75880000000001,0.0535021114742523,89.055684,0.04975696367105553
139,2022-11-04 19:52:31,141.0,0,mc,0.0,0.0,6576.785513000001,0.9299999999999999,95.91287999999999,0.04671057950066692,89.19897840000003,0.0434408389356208
140,2022-11-04 19:55:58,142.0,1,mc,0.0,0.0,6564.811307,0.9299999999999999,60.03996,0.03246682374467549,55.8371628,0.030194146082548834
141,2022-11-04 19:59:24,143.0,1,mc,0.0,0.0,6568.491862000001,0.9299999999999999,60.119099999999996,0.02590597077960715,55.91076300000001,0.024092552825033985
142,2022-11-04 20:03:32,144.0,0,mc,0.0,0.0,6580.038579,0.9299999999999999,82.80996000000002,0.031281484207710694,77.01326279999999,0.029091780313170546
143,2022-11-04 20:06:44,145.0,0,mc,0.0,0.0,6532.727972999999,0.9299999999999999,82.85088,0.03572723786446021,77.05131840000003,0.033226331213948815
144,2022-11-04 20:10:36,146.0,0,mc,0.0,0.0,6589.811307,0.9299999999999999,125.61408000000002,0.04927519677230253,116.82109439999999,0.0458259329982409
145,2022-11-04 20:13:47,147.0,0,mc,1.0,1.0,6593.64464,0.9299999999999999,102.05712000000003,2.972965666325891,94.9131216,2.7648580696830765
146,2022-11-04 20:17:39,148.0,1,mc,0.0,0.0,6561.165472999999,0.9299999999999999,103.33601999999999,0.040237897643634744,96.1024986,0.03742124480857976
147,2022-11-04 20:21:10,149.0,1,mc,0.0,0.0,6431.234918,0.9299999999999999,103.10082000000001,0.062350629099894535,95.88376260000001,0.057986085062900594
148,2022-11-04 20:25:01,150.0,1,mc,0.0,0.0,6565.227972999999,0.9299999999999999,103.04880000000001,0.05520353710111839,95.835384,0.051339289504039695
149,2022-11-04 20:28:15,151.0,1,mc,0.0,0.0,6583.14464,0.9299999999999999,103.16369999999999,0.07556742639658483,95.942241,0.07027770654882474
150,2022-11-04 20:31:59,152.0,0,mc,1.0,1.0,6601.622203999999,0.9299999999999999,75.85571999999999,0.05414407897578182,70.5458196,0.050353993447476555
151,2022-11-07 19:23:44,153.0,1,bc,0.0,0.0,6835.602973000001,0.9299999999999999,14.004594,0.01048604515777259,13.024272419999999,0.009752021996728689
152,2022-11-07 19:27:06,154.0,1,bc,0.0,0.0,6752.936307,0.9299999999999999,13.964442000000002,0.01181521782293454,12.98693106,0.010988152575329157
153,2022-11-07 19:31:26,155.0,0,bc,1.0,1.0,6725.985548999999,0.9299999999999999,22.957710000000002,0.012076184435013886,21.3506703,0.011230851524563096
154,2022-11-07 19:35:30,156.0,1,bc,0.0,0.0,6696.061307,0.9299999999999999,23.016461999999997,0.014832386781200354,21.405309660000004,0.013794119706516452
155,2022-11-07 19:39:48,157.0,1,bc,0.0,0.0,6691.686307,0.9299999999999999,23.139407999999996,0.021707576182725362,21.519649440000002,0.020188045849934878
156,2022-11-07 19:43:46,158.0,0,bc,1.0,1.0,6705.922418,0.9299999999999999,12.399317999999996,0.012444744694387057,11.53136574,0.011573612565779998
157,2022-11-07 19:48:21,159.0,1,bc,0.0,0.0,6723.422418,0.9299999999999999,21.362052000000002,0.011555785519948637,19.86670836,0.010746880533552107
158,2022-11-07 19:52:30,160.0,1,bc,0.0,0.0,6536.373807,0.9299999999999999,19.956149999999994,0.013140041792364382,18.5592195,0.012220238866898403
159,2022-11-07 19:57:16,161.0,1,bc,0.0,0.0,6726.200196,0.9299999999999999,19.874322000000006,0.008136271331908685,18.483119459999998,0.007566732338675085
160,2022-11-07 20:01:21,162.0,1,bc,0.0,0.0,6694.290472999999,0.9299999999999999,19.842570000000002,0.011057398780753392,18.453590100000003,0.010283380866100856
161,2022-11-07 20:05:41,163.0,1,bc,0.0,0.0,6696.58214,0.9299999999999999,19.846470000000004,0.01686171171719833,18.457217099999998,0.015681391896994506
162,2022-11-07 20:09:26,164.0,0,None,1.0,1.0,6667.727972999999,0.9299999999999999,0.0,0.0,0.0,0.0
163,2022-11-07 20:13:59,165.0,0,None,0.0,0.0,6658.700196,0.9299999999999999,0.0,0.0,0.0,0.0
164,2022-11-07 20:18:16,166.0,0,bc,1.0,1.0,6621.766435,0.9299999999999999,16.915379999999995,0.010787009136071562,15.7313034,0.010031918496546591
165,2022-11-07 20:22:30,167.0,0,bc,0.0,0.0,6738.040472999999,0.9299999999999999,16.865628,0.012554672949996064,15.685034040000001,0.011675845843495932
166,2022-11-07 20:26:25,168.0,0,bc,0.0,0.0,6730.436307,0.9299999999999999,16.776210000000003,0.01653016656841826,15.601875300000001,0.015373054908629197
167,2022-11-07 20:31:01,169.0,0,bc,0.0,0.0,6700.95714,0.9299999999999999,16.6995,0.014623344234824148,15.530535000000004,0.013599710138386322
168,2022-11-07 20:35:38,170.0,0,bc,0.0,0.0,6729.047418,0.9299999999999999,32.73021,0.021666266993271278,30.4390953,0.020149628303742208
169,2022-11-07 20:40:40,171.0,0,bc,0.0,0.0,6696.662268,0.9299999999999999,32.770512000000004,0.021298794809542304,30.47657616,0.01980787917287403
170,2022-11-07 20:44:55,172.0,0,bc,1.0,1.0,6770.852972999999,0.9299999999999999,28.368222,0.017787516361344055,26.38244646,0.01654239021604997
171,2022-11-07 20:49:30,173.0,0,bc,1.0,1.0,6618.096562999999,0.9299999999999999,28.426884000000005,0.022176281970472476,26.437002120000002,0.020623942232538984
172,2022-11-07 20:53:44,174.0,1,bc,0.0,0.0,6636.811307,0.9299999999999999,28.453679999999995,0.01881305424883224,26.4619224,0.01749614045141435
173,2022-11-07 20:57:49,175.0,1,bc,0.0,0.0,6581.755751000001,0.9299999999999999,28.547178,0.01936903336667367,26.548875539999997,0.018013201031006475
174,2022-11-07 21:02:14,176.0,1,bc,0.0,0.0,6614.602972999999,0.9299999999999999,21.268344000000003,0.012021231387332992,19.77955992,0.01117974519021922
175,2022-11-07 21:06:59,177.0,0,bc,0.0,0.0,6688.76964,0.9299999999999999,15.013710000000001,0.01696202678167824,13.962750300000002,0.015774684906960747
176,2022-11-07 21:10:48,178.0,0,bc,0.0,0.0,6623.76964,0.9299999999999999,14.952833999999998,0.01205625643896294,13.906135619999997,0.011212318488235477
177,2022-11-07 21:15:49,179.0,0,bc,1.0,1.0,6723.977972999999,0.9299999999999999,14.911500000000002,0.011221177315192225,13.867695000000001,0.010435694903128834
178,2022-11-07 21:19:21,180.0,0,None,0.0,0.0,6663.14464,0.9299999999999999,0.0,0.0,0.0,0.0
179,2022-11-07 21:23:59,181.0,1,bc,0.0,0.0,6695.95714,0.9299999999999999,26.778977999999995,0.011656371328263955,24.904449539999998,0.010840425335285692
180,2022-11-07 21:27:56,182.0,0,bc,0.0,0.0,6628.214083999999,0.9299999999999999,21.263484000000002,0.009531474924548108,19.775040119999996,0.00886427167982976
181,2022-11-07 21:32:14,183.0,0,bc,0.0,0.0,6635.436307,0.9299999999999999,21.284921999999998,0.012699948858832496,19.794977460000005,0.011810952438714186
182,2022-11-07 21:36:12,184.0,1,bc,0.0,0.0,6745.158529,0.9299999999999999,16.056984,0.015433581172126454,14.93299512,0.014353230490077496
183,2022-11-07 21:40:54,185.0,1,bc,0.0,0.0,6704.915472999999,0.9299999999999999,16.027416,0.010967754772320485,14.905496880000003,0.010200011938257982
184,2022-11-07 21:44:51,186.0,1,bc,0.0,0.0,6771.477972999999,0.9299999999999999,16.01421,0.011589633298771558,14.8932153,0.010778358967857763
185,2022-11-07 21:49:21,187.0,1,bc,0.0,0.0,6745.01964,0.9299999999999999,16.027914,0.01213573588307396,14.90596002,0.011286234371258804
186,2022-11-07 21:52:49,188.0,0,bc,0.0,0.0,6684.186307,0.9299999999999999,30.289536000000005,0.015201167127359076,28.169268479999996,0.01413708542844374
187,2022-11-07 21:57:19,189.0,0,bc,0.0,0.0,6786.061307,0.9299999999999999,30.379638,0.023511030718020933,28.253063340000004,0.021865258567759643
188,2022-11-07 22:01:42,190.0,0,bc,0.0,0.0,6652.727972999999,0.9299999999999999,30.522420000000004,0.017241248922475902,28.385850600000005,0.01603436149790257
189,2022-11-07 22:05:59,191.0,0,bc,0.0,0.0,6752.727972999999,0.9299999999999999,30.694194000000007,0.016587809001119634,28.545600420000003,0.015426662371041091
190,2022-11-07 22:09:39,192.0,1,bc,0.0,0.0,6710.297418,0.9299999999999999,17.655204000000005,0.011474407661680957,16.419339720000004,0.010671199125363143
