,datetime_utc,overpass_id,phase_iii,meter,qc_su_discard,qc_su_discard_strict,altitude_feet,methane_fraction_su_normalized,methane_fraction_su_normalized_sigma,kgh_gas_90_mean,kgh_gas_90_std,kgh_ch4_90_mean_su_normalized,kgh_ch4_90_std_su_normalized,meter_uncertainty,meter_sigma_percent,meter_sigma_kgh_gas,kgh_ch4_sigma
0,2022-10-24 16:46:28,1,0,None,0,0,1341.440878556028,0.9000000000000004,0.022499999999999996,0.0,0.0,0.0,0.0,0.0,0.0,0.0,0.0
1,2022-10-24 16:49:20,2,0,None,0,0,1366.343000743972,0.9000000000000004,0.022499999999999996,0.0,0.0,0.0,0.0,0.0,0.0,0.0,0.0
2,2022-10-24 16:52:30,3,1,bc,0,1,1308.693174096028,0.9000000000000004,0.022499999999999996,19.834088,0.058112330494531135,17.850679200000002,0.052301097445078125,0.25,0.12755102040816327,0.025298581632653066,0.44989780728594936
3,2022-10-24 16:55:39,4,1,bc,0,0,1324.65883504,0.9000000000000004,0.022499999999999996,19.787039999999998,0.028959334525844642,17.808336,0.026063401073260113,0.25,0.12755102040816327,0.025238571428571426,0.44654874151781804
4,2022-10-24 16:59:00,5,1,bc,0,0,1342.620887123972,0.9000000000000004,0.022499999999999996,19.8045,0.029080127814503635,17.82405,0.026172115033053254,0.25,0.12755102040816327,0.025260841836734698,0.44694778533113805
5,2022-10-24 17:02:02,6,0,mc,0,0,1351.0280396239718,0.9000000000000004,0.022499999999999996,119.94128000000002,0.1583107818199678,107.94715199999997,0.14247970363797102,0.25,0.12755102040816327,0.15298632653061228,2.7059426513811244
6,2022-10-24 17:05:20,7,0,mc,0,0,1355.3910102360278,0.9000000000000004,0.022499999999999996,119.70824000000002,0.09878961506628048,107.737416,0.08891065355965229,0.25,0.12755102040816327,0.1526890816326531,2.6984039101598394
7,2022-10-24 17:08:20,8,0,mc,0,0,1339.943175096028,0.9000000000000004,0.022499999999999996,119.38708000000003,0.12457941395761397,107.44837199999998,0.11212147256185255,0.25,0.12755102040816327,0.15227943877551026,2.6920391416674616
8,2022-10-24 17:11:37,9,1,bc,0,0,1358.929942763972,0.9000000000000004,0.022499999999999996,1.8220672000000002,0.029141678627705194,1.6398604799999998,0.026227510764934663,0.6245705968203787,0.3186584677654994,0.005806171421177738,0.048947959453018136
9,2022-10-24 17:14:37,10,1,bc,0,0,1346.9559705960282,0.9000000000000004,0.022499999999999996,1.7562144,0.02637256140185063,1.5805929600000002,0.023735305261665566,0.6478726647219578,0.3305472779193662,0.00580511889362793,0.046390543755860845
10,2022-10-24 17:17:53,11,1,bc,0,0,1353.0430223,0.9000000000000004,0.022499999999999996,1.7173783999999999,0.0327407483722201,1.5456405599999998,0.029466673534998093,0.6624503971405056,0.3379848965002579,0.005804479607757785,0.0488743625924167
11,2022-10-24 17:21:03,12,1,bc,0,0,1341.3774487639719,0.9000000000000004,0.022499999999999996,13.628300000000003,0.04058672312939327,12.26547,0.0365280508164539,0.25,0.12755102040816327,0.01738303571428572,0.30920082889739087
12,2022-10-24 17:24:11,13,1,bc,0,0,1333.7484022600001,0.9000000000000004,0.022499999999999996,13.671912,0.028603361285938562,12.3047208,0.02574302515734477,0.25,0.12755102040816327,0.017438663265306124,0.3090920190233345
13,2022-10-24 17:27:11,14,1,bc,0,0,1355.863997783972,0.9000000000000004,0.022499999999999996,3.712411999999999,0.05202748571776618,3.3411707999999996,0.046824737145989566,0.3076182004762572,0.15694806146747817,0.005826558667686034,0.09590199931236769
14,2022-10-24 17:30:26,15,1,bc,0,0,1348.437816443972,0.9000000000000004,0.022499999999999996,3.6111336,0.02632247459969684,3.2500202400000004,0.023690227139727127,0.3162026294383038,0.1613278721623999,0.00582576499782147,0.0847960058777173
15,2022-10-24 17:33:54,16,1,bc,0,0,1353.22018766,0.9000000000000004,0.022499999999999996,3.596866000000001,0.028475954928301395,3.2371794000000005,0.02562835943547124,0.3174507131985289,0.16196464959108617,0.005825651413160918,0.08505224455223351
16,2022-10-24 17:36:53,17,1,bc,0,0,1381.301990723972,0.9000000000000004,0.022499999999999996,3.5772988000000003,0.025146004499207345,3.2195689200000004,0.022631404049286614,0.3191785382262258,0.1628461929725642,0.005825494907053224,0.08377460202844651
17,2022-10-24 17:39:59,18,1,bc,0,1,1377.9648298560282,0.9000000000000004,0.022499999999999996,31.334452,0.07728017806525675,28.2010068,0.06955216025873093,0.25,0.12755102040816327,0.039967413265306125,0.7093601924057421
18,2022-10-24 17:43:17,19,1,bc,0,0,1352.7761807560282,0.9000000000000004,0.022499999999999996,31.426903999999997,0.0383829998886152,28.2842136,0.03454469989975376,0.25,0.12755102040816327,0.040085336734693874,0.7088672893192333
19,2022-10-24 17:46:21,20,1,bc,0,0,1369.64899396,0.9000000000000004,0.022499999999999996,31.408676,0.041798263949756234,28.267808400000003,0.03761843755478072,0.25,0.12755102040816327,0.04006208673469388,0.7086136415732994
20,2022-10-24 17:49:35,21,1,mc,0,0,1356.3145666960281,0.9000000000000004,0.022499999999999996,207.53632000000002,0.26612435177326565,186.78268799999992,0.2395119165959388,0.25,0.12755102040816327,0.2647146938775511,4.681771419828455
21,2022-10-24 17:52:40,22,1,mc,0,0,1370.2663387960279,0.9000000000000004,0.022499999999999996,208.02852000000001,0.2736114160835302,187.22566799999998,0.24625027447517897,0.25,0.12755102040816327,0.26534250000000004,4.693194573179981
22,2022-10-24 17:57:59,23,1,mc,0,0,1329.98363836,0.9000000000000004,0.022499999999999996,209.31676000000002,0.25295174687515065,188.38508400000003,0.22765657218763696,0.25,0.12755102040816327,0.26698566326530615,4.721244838479559
23,2022-10-24 18:01:13,24,0,mc,1,1,1337.0609571560278,0.9000000000000004,0.022499999999999996,68.20288,5.003960286965524,61.38259200000001,4.503564258268971,0.25,0.12755102040816327,0.0869934693877551,4.758477710714517
24,2022-10-24 18:04:29,25,1,mc,0,0,1343.4607821639718,0.9000000000000004,0.022499999999999996,65.70584,0.09677973230108439,59.135256,0.0871017590709763,0.25,0.12755102040816327,0.0838084693877551,1.482864662242486
25,2022-10-24 18:07:33,26,0,mc,1,1,1333.6587260760282,0.9000000000000004,0.022499999999999996,128.84751999999997,0.20146197522280393,115.96276800000003,0.1813157777005237,0.25,0.12755102040816327,0.16434632653061224,2.908497121679426
26,2022-10-24 18:10:49,27,0,None,1,1,1312.8625748199997,0.9000000000000004,0.022499999999999996,0.0,0.0,0.0,0.0,0.0,0.0,0.0,0.0
27,2022-10-24 18:13:53,28,0,pc,0,1,1317.7696179560278,0.9000000000000004,0.022499999999999996,785.9383999999999,35.84288344540516,707.34456,32.258595100864646,0.25,0.12755102040816327,1.0024724489795918,36.79865720785752
28,2022-10-24 18:17:16,29,0,pc,0,0,1318.4744516399999,0.9000000000000004,0.022499999999999996,767.72,10.043700772796997,690.948,9.039330695517295,0.25,0.12755102040816327,0.9792346938775511,19.51581206579251
29,2022-10-24 18:20:23,30,0,pc,0,0,1308.703563203972,0.9000000000000004,0.022499999999999996,768.7351999999998,8.006145352025076,691.86168,7.205530816822572,0.25,0.12755102040816327,0.9805295918367346,18.75816634207944
30,2022-10-24 18:23:37,31,0,pc,0,0,1310.991402516028,0.9000000000000004,0.022499999999999996,764.822,7.555601984508886,688.3398,6.8000417860579985,0.25,0.12755102040816327,0.9755382653061225,18.524138984899984
31,2022-10-24 18:26:41,32,0,pc,1,1,1345.10995118,0.9000000000000004,0.022499999999999996,490.83,35.32820642572202,441.747,31.795385783149833,0.25,0.12755102040816327,0.6260586734693878,33.663434074224774
32,2022-10-24 18:29:53,33,0,pc,0,0,1278.736370643972,0.9000000000000004,0.022499999999999996,465.77040000000005,2.2984555478881776,419.19336,2.068609993099362,0.25,0.12755102040816327,0.5940948979591838,10.695417544762295
33,2022-10-24 18:33:05,34,0,pc,0,0,1336.4463462439721,0.9000000000000004,0.022499999999999996,463.3284000000001,1.7587382658145674,416.99556,1.5828644392331093,0.25,0.12755102040816327,0.5909801020408165,10.557777657013158
34,2022-10-24 18:39:07,35,0,mc,0,0,1346.9138662639718,0.9000000000000004,0.022499999999999996,173.63832000000002,0.30105263237625735,156.274488,0.270947369138632,0.25,0.12755102040816327,0.22147744897959187,3.9213157304100417
35,2022-10-24 18:42:12,36,0,mc,0,0,1333.764259543972,0.9000000000000004,0.022499999999999996,172.74016,0.2942234436385325,155.466144,0.26480109927467943,0.25,0.12755102040816327,0.2203318367346939,3.900707395380474
36,2022-10-24 18:45:33,37,0,mc,0,0,1336.3495614639721,0.9000000000000004,0.022499999999999996,171.90588,0.22881095636531254,154.71529200000003,0.20592986072878366,0.25,0.12755102040816327,0.21926770408163268,3.8783842045749117
37,2022-10-24 18:48:35,38,0,mc,0,0,1316.5168836639718,0.9000000000000004,0.022499999999999996,45.53336,0.13757794179088298,40.980024,0.12382014761179493,0.25,0.12755102040816327,0.05807826530612246,1.0332788138371702
38,2022-10-24 18:51:58,39,0,mc,0,0,1319.641337176028,0.9000000000000004,0.022499999999999996,45.026799999999994,0.0906811973374952,40.524119999999996,0.08161307760374545,0.25,0.12755102040816327,0.057432142857142855,1.0176984466834054
39,2022-10-24 18:53:01,40,0,mc,0,0,1321.80450424,0.9000000000000004,0.022499999999999996,44.894999999999996,0.10257320761947604,40.405499999999996,0.09231588685752883,0.25,0.12755102040816327,0.0572640306122449,1.015655511936074
40,2022-10-24 18:58:13,41,1,bc,0,1,1315.732216316028,0.9000000000000004,0.022499999999999996,9.401779999999999,0.03265603827709445,8.461602,0.029390434449384942,0.25,0.12755102040816327,0.011992066326530612,0.2138445141019469
41,2022-10-24 19:01:18,42,1,bc,0,0,1362.40325882,0.9000000000000004,0.022499999999999996,9.325187999999999,0.023943304156539905,8.392669199999998,0.021548973740885814,0.25,0.12755102040816327,0.011894372448979592,0.21119188927347995
42,2022-10-24 19:04:28,43,1,bc,0,0,1320.393196123972,0.9000000000000004,0.022499999999999996,9.285003999999999,0.027467873974411645,8.3565036,0.02472108657697044,0.25,0.12755102040816327,0.011843117346938775,0.21064000692920076
43,2022-10-24 19:07:37,44,0,bc,0,0,1328.3700119960279,0.9000000000000004,0.022499999999999996,4.387528,0.037039547258620666,3.9487751999999996,0.03333559253275865,0.26049876505529307,0.13290753319147605,0.005831355232885305,0.10432795180206836
44,2022-10-24 19:11:01,45,0,bc,0,0,1320.484513056028,0.9000000000000004,0.022499999999999996,4.36492,0.030149468551412012,3.928428,0.027134521696270834,0.26184135014738374,0.13359252558539988,0.005831206867782236,0.10202532171347771
45,2022-10-24 19:14:05,46,0,bc,1,1,1284.677971883972,0.9000000000000004,0.022499999999999996,19.197004,0.05171286360734559,17.2773036,0.04654157724661089,0.25,0.12755102040816327,0.02448597448979592,0.43499140991926405
46,2022-10-24 19:17:22,47,1,bc,0,0,1307.237027723972,0.9000000000000004,0.022499999999999996,19.263972,0.029713692043087905,17.3375748,0.026742322838779083,0.25,0.12755102040816327,0.024571392857142858,0.4348262635902201
47,2022-10-24 19:20:28,48,1,bc,0,0,1312.03908398,0.9000000000000004,0.022499999999999996,19.205388000000003,0.03305175700169157,17.2848492,0.02974658130152247,0.25,0.12755102040816327,0.024496668367346944,0.43370460776008773
48,2022-10-24 19:23:43,49,1,bc,0,0,1314.6347753360283,0.9000000000000004,0.022499999999999996,19.139924,0.02825407552584634,17.225931600000003,0.02542866797326165,0.25,0.12755102040816327,0.02441316836734694,0.43195755473715425
49,2022-10-24 19:26:50,50,1,bc,0,0,1340.276180356028,0.9000000000000004,0.022499999999999996,19.0904,0.026366405591589835,17.18136,0.023729765032430683,0.25,0.12755102040816327,0.02435,0.4307468237021536
50,2022-10-24 19:30:10,51,1,bc,0,0,1342.3770114600002,0.9000000000000004,0.022499999999999996,28.256048,0.07009380685909412,25.4304432,0.06308442617318465,0.25,0.12755102040816327,0.03604087755102041,0.6397061364412807
51,2022-10-24 19:33:05,52,1,bc,0,0,1318.0528636999998,0.9000000000000004,0.022499999999999996,28.384888000000007,0.03499199019743694,25.546399199999996,0.03149279117769351,0.25,0.12755102040816327,0.0362052142857143,0.6402656699826689
52,2022-10-24 19:36:16,53,1,bc,0,1,1343.04302198,0.9000000000000004,0.022499999999999996,33.705515999999996,0.06937690424231435,30.3349644,0.062439213818082664,0.25,0.12755102040816327,0.04299172959183673,0.7619232639047601
53,2022-10-24 19:39:20,54,0,bc,0,0,1310.7108906960282,0.9000000000000004,0.022499999999999996,5.7335280000000015,0.024339582742723555,5.1601752,0.021905624468451186,0.25,0.12755102040816327,0.007313173469387758,0.1310164389401338
54,2022-10-24 19:42:32,55,0,bc,0,0,1312.537224743972,0.9000000000000004,0.022499999999999996,5.667052,0.02714841337470838,5.1003468,0.02443357203723752,0.25,0.12755102040816327,0.007228382653061225,0.12999147077962
55,2022-10-24 19:45:36,56,0,bc,1,1,1353.4886696239719,0.9000000000000004,0.022499999999999996,1.6887299999999998,0.026008372524022223,1.5198570000000002,0.023407535271620008,0.6736327013414988,0.34369015374566264,0.005803998733349128,0.044932471613779494
56,2022-10-24 19:48:44,57,1,bc,0,0,1294.528147396028,0.9000000000000004,0.022499999999999996,1.6723288,0.027417013146396208,1.5050959199999998,0.024675311831756596,0.6802065921791071,0.3470441796832179,0.005803719765566201,0.04529873570387787
57,2022-10-25 16:36:27,58,1,bc,0,1,1338.281976223972,0.9000000000000004,0.022499999999999996,14.958628,0.02721985425416498,13.4627652,0.024497868828748413,0.25,0.12755102040816327,0.019079882653061226,0.3378961361172565
58,2022-10-25 16:38:31,59,1,bc,0,1,1389.91802348,0.9000000000000004,0.022499999999999996,14.946188000000001,0.025146543944636734,13.451569200000005,0.022631889550173145,0.25,0.12755102040816327,0.01906401530612245,0.33748634394457155
59,2022-10-25 16:41:45,60,1,bc,0,0,1336.532195,0.9000000000000004,0.022499999999999996,14.963348000000002,0.02888837592130761,13.467013200000002,0.025999538329176924,0.25,0.12755102040816327,0.019085903061224492,0.33811435032755666
60,2022-10-25 16:44:54,61,1,bc,0,0,1362.1265747560278,0.9000000000000004,0.022499999999999996,14.910944,0.027249405098134786,13.419849600000001,0.024524464588321245,0.25,0.12755102040816327,0.0190190612244898,0.3368266221905101
61,2022-10-25 16:48:06,62,1,bc,0,0,1323.315877976028,0.9000000000000004,0.022499999999999996,14.850004000000002,0.025570024620659243,13.365003600000003,0.02301302215859335,0.25,0.12755102040816327,0.018941331632653064,0.33535023770982275
62,2022-10-25 16:51:11,63,0,bc,1,1,1389.498622876028,0.9000000000000004,0.022499999999999996,3.948416,0.032693349658762576,3.5535744000000005,0.029424014692886313,0.2893191080525065,0.1476117898227074,0.005828327527246151,0.09373217025806196
63,2022-10-25 16:54:28,64,0,bc,1,1,1349.397462143972,0.9000000000000004,0.022499999999999996,3.847468,0.02559088211923242,3.4627212000000003,0.023031793907309177,0.2968722531616852,0.15146543528657408,0.005827584153711646,0.08973291227690772
64,2022-10-25 16:57:34,65,0,None,1,1,1360.884776816028,0.9000000000000004,0.022499999999999996,1.7758148,1.913084594848026,1.5982333199999998,1.7217761353632235,0.0,0.0,0.0,1.7222396839281813
65,2022-10-25 17:00:52,66,0,None,1,1,1327.4366130160279,0.9000000000000004,0.022499999999999996,0.0,0.0,0.0,0.0,0.0,0.0,0.0,0.0
66,2022-10-25 17:04:01,67,0,bc,1,1,1374.553302843972,0.9000000000000004,0.022499999999999996,12.176108,0.04463354810206971,10.9584972,0.04017019329186275,0.25,0.12755102040816327,0.015530750000000001,0.2772443559011004
67,2022-10-25 17:07:17,68,0,bc,1,1,1343.5613947000002,0.9000000000000004,0.022499999999999996,12.215860000000001,0.025761501980080016,10.994273999999999,0.023185351782072042,0.25,0.12755102040816327,0.015581454081632655,0.2761892498185478
68,2022-10-25 17:10:34,69,0,mc,1,1,1363.3984468439721,0.9000000000000004,0.022499999999999996,214.77611999999996,0.39009165595401046,193.29850800000003,0.35108249035861067,0.25,0.12755102040816327,0.2739491326530612,4.851468194786562
69,2022-10-25 17:13:52,70,0,mc,0,1,1347.831954876028,0.9000000000000004,0.022499999999999996,216.22824000000006,0.3936065442042984,194.60541600000002,0.3542458897838674,0.25,0.12755102040816327,0.27580132653061235,4.884326603724602
70,2022-10-25 17:16:59,71,0,mc,0,0,1338.274867956028,0.9000000000000004,0.022499999999999996,217.78276000000002,0.39731224660633235,196.00448400000002,0.35758102194569835,0.25,0.12755102040816327,0.2777841326530613,4.9194985150469055
71,2022-10-25 17:20:12,72,0,bc,1,1,1337.161569363972,0.9000000000000004,0.022499999999999996,24.63672,0.03356099662378983,22.173048,0.030204896961410935,0.25,0.12755102040816327,0.03142438775510204,0.5558684560621994
72,2022-10-25 17:23:23,73,0,bc,1,1,1367.092672683972,0.9000000000000004,0.022499999999999996,24.58238,0.03404603902120937,22.124142000000003,0.030641435119088463,0.25,0.12755102040816327,0.03135507653061225,0.5546699727192688
73,2022-10-25 17:26:35,74,0,mc,1,1,1340.2056422960281,0.9000000000000004,0.022499999999999996,103.24972,0.14746944623559718,92.924748,0.13272250161203758,0.25,0.12755102040816327,0.13169607142857143,2.3299236638696796
74,2022-10-25 17:29:49,75,1,mc,0,0,1349.0010274200001,0.9000000000000004,0.022499999999999996,102.97312,0.12353247419110101,92.675808,0.11117922677199157,0.25,0.12755102040816327,0.13134326530612245,2.322571321069621
75,2022-10-25 17:32:58,76,1,mc,0,0,1337.3004584760279,0.9000000000000004,0.022499999999999996,102.61080000000001,0.16409388378799863,92.34972,0.14768449540919792,0.25,0.12755102040816327,0.13088112244897962,2.316458534808297
76,2022-10-25 17:36:06,77,1,mc,0,0,1327.4267704960278,0.9000000000000004,0.022499999999999996,102.43051999999999,0.1590030451266589,92.187468,0.14310274061399317,0.25,0.12755102040816327,0.13065117346938776,2.3121171380625487
77,2022-10-25 17:39:20,78,0,mc,1,1,1346.867387916028,0.9000000000000004,0.022499999999999996,52.61196000000001,0.07511604326011972,47.350764,0.06760443893410764,0.25,0.12755102040816327,0.06710709183673472,1.18723517691988
78,2022-10-25 17:42:27,79,0,mc,1,1,1334.7408563599997,0.8940000000000001,0.022499999999999996,52.39868,0.2203899257470417,46.84268399999999,0.3292156138495517,0.25,0.12755102040816327,0.06683505102040817,1.1967686514280524
79,2022-10-25 17:45:42,80,0,pc,1,1,1331.4507207560282,0.88,0.022499999999999996,1001.9363999999999,133.40311886797613,881.704032,117.39474460381902,0.25,0.12755102040816327,1.2779801020408164,119.54498458571237
80,2022-10-25 17:48:49,81,0,pc,1,1,1357.482545736028,0.88,0.022499999999999996,1038.588,26.782906646767042,913.9574399999999,23.568957849155,0.25,0.12755102040816327,1.3247295918367348,33.21037411056901
81,2022-10-25 17:52:10,82,1,pc,0,1,1308.1791757199999,0.88,0.022499999999999996,1039.6812,27.635455431851355,914.9194559999999,24.319200780029192,0.25,0.12755102040816327,1.326123979591837,33.76403034585152
82,2022-10-25 17:55:19,83,1,pc,0,0,1341.5327420760282,0.88,0.022499999999999996,1039.224,25.223986657968013,914.51712,22.19710825901185,0.25,0.12755102040816327,1.3255408163265305,32.261671655108366
83,2022-10-25 17:58:33,84,1,pc,0,0,1310.085890676028,0.88,0.022499999999999996,1044.0164,27.640799357861788,918.7344320000001,24.32390343491838,0.25,0.12755102040816327,1.3316535714285715,33.83523250316503
84,2022-10-25 18:01:39,85,1,pc,0,0,1347.57550244,0.88,0.022499999999999996,1033.1452,28.128372800190853,909.167776,24.752968064167952,0.25,0.12755102040816327,1.3177872448979593,33.97675537722453
85,2022-10-25 18:04:54,86,1,pc,0,0,1318.7303571599998,0.88,0.022499999999999996,1035.0536000000002,24.786556427297345,910.8471680000001,21.812169656021673,0.25,0.12755102040816327,1.3202214285714289,31.929364847231014
86,2022-10-25 18:08:05,87,1,pc,0,0,1332.7160311639718,0.88,0.022499999999999996,1041.1464,23.30335764629233,916.2088319999998,20.506954728737252,0.25,0.12755102040816327,1.3279928571428574,31.155556832370685
87,2022-10-25 18:11:23,88,0,mc,1,1,1358.705205223972,0.88,0.022499999999999996,88.42318382022471,26.701728806284997,77.81240176179776,23.497521349530793,0.25,0.12755102040816327,0.11278467324008254,23.581805625859335
88,2022-10-25 18:14:25,89,0,bc,1,1,1344.879198876028,0.88,0.022499999999999996,25.28534,0.09602350709387149,22.251099200000002,0.08450068624260662,0.25,0.12755102040816327,0.032251709183673476,0.5758611054980443
89,2022-10-25 18:17:39,90,0,bc,1,1,1306.2380119439722,0.88,0.022499999999999996,24.85460400000001,0.03242435264572576,21.87205152,0.028533430328238477,0.25,0.12755102040816327,0.03170230102040818,0.5606505795171282
90,2022-10-25 18:20:43,91,0,None,1,1,1305.5933268839722,0.88,0.022499999999999996,0.0,0.0,0.0,0.0,0.0,0.0,0.0,0.0
91,2022-10-25 18:24:01,92,0,None,1,1,1298.0052908799998,0.88,0.022499999999999996,0.0,0.0,0.0,0.0,0.0,0.0,0.0,0.0
92,2022-10-25 18:27:09,93,0,None,1,1,1320.1990799760279,0.88,0.022499999999999996,0.0,0.0,0.0,0.0,0.0,0.0,0.0,0.0
93,2022-10-25 18:30:19,94,0,None,0,0,1292.596279223972,0.88,0.022499999999999996,0.0,0.0,0.0,0.0,0.0,0.0,0.0,0.0
94,2022-10-25 18:33:53,95,0,bc,1,1,1318.0627062199999,0.88,0.022499999999999996,25.511276,4.510335068068556,22.449922880000003,3.9690948599003297,0.25,0.12755102040816327,0.03253989285714286,4.01048802956202
95,2022-10-25 18:36:53,96,0,pc,1,1,1295.4522504439722,0.88,0.022499999999999996,465.02239999999995,3.2600156779108778,409.21971199999984,2.868813796561572,0.25,0.12755102040816327,0.5931408163265306,10.861721393749486
96,2022-10-25 18:40:05,97,0,pc,1,1,1312.2359343800001,0.88,0.022499999999999996,479.7971999999999,2.2763502781347196,422.2215359999999,2.003188244758553,0.25,0.12755102040816327,0.6119862244897959,10.99291849243514
97,2022-10-25 18:43:26,98,1,pc,0,1,1293.827688056028,0.88,0.022499999999999996,488.18080000000003,2.194331508350393,429.5991039999999,1.9310117273483471,0.25,0.12755102040816327,0.6226795918367348,11.16596678009907
98,2022-10-25 18:46:40,99,1,pc,0,0,1303.1534757560282,0.88,0.022499999999999996,492.77039999999994,2.224064326933256,433.637952,1.9571766077012653,0.25,0.12755102040816327,0.6285336734693877,11.272330981967421
99,2022-10-25 18:49:55,100,1,pc,0,0,1246.13357006,0.88,0.022499999999999996,491.62039999999996,2.4556960650791013,432.62595200000004,2.1610125372696096,0.25,0.12755102040816327,0.6270668367346939,11.284075256793063
100,2022-10-25 18:53:05,101,0,bc,1,1,1319.78514722,0.88,0.022499999999999996,1.6961043999999998,0.02887863430460097,1.4925718719999999,0.025413198188048866,0.6707182436610767,0.34220318554136564,0.005804123286907266,0.04613332192851526
101,2022-10-25 18:56:22,102,0,bc,1,1,1268.58271776,0.88,0.022499999999999996,1.7096536000000002,0.02337011029325924,1.504495168,0.020565697058068128,0.6654288003017094,0.3395044899498517,0.005804350734589279,0.04391769286303694
102,2022-10-25 18:59:32,103,0,bc,1,1,1302.914521023972,0.88,0.022499999999999996,26.049104000000003,0.09383706918035929,22.92321152,0.08257662087871609,0.25,0.12755102040816327,0.03322589795918368,0.5926151269076507
103,2022-10-25 19:02:47,104,1,bc,0,0,1284.910364936028,0.88,0.022499999999999996,26.036044000000004,0.03471400354679934,22.91171872,0.030548323121183257,0.25,0.12755102040816327,0.033209239795918374,0.5873344582809646
104,2022-10-25 19:05:57,105,1,bc,0,0,1292.620338936028,0.88,0.022499999999999996,25.784420000000004,0.049417578367271286,22.690289599999996,0.04348746896319886,0.25,0.12755102040816327,0.03288829081632654,0.5824964944570556
105,2022-10-25 19:09:08,106,1,bc,0,0,1277.88718,0.88,0.022499999999999996,25.638472,0.033562644403054065,22.561855360000003,0.029535127074687566,0.25,0.12755102040816327,0.032702132653061225,0.5783376465860229
106,2022-10-25 19:12:19,107,0,mc,1,1,1308.6696613000001,0.88,0.022499999999999996,149.6052,0.21977664658016519,131.65257599999998,0.19340344899054562,0.25,0.12755102040816327,0.19082295918367348,3.3758476106137967
107,2022-10-25 19:15:38,108,0,mc,1,1,1273.92720612,0.88,0.022499999999999996,149.6752,0.18329249419156882,131.71417599999998,0.16129739488857905,0.25,0.12755102040816327,0.1909122448979592,3.375735651534487
108,2022-10-25 19:18:43,109,0,pc,1,1,1291.67326968,0.88,0.022499999999999996,644.5340000000001,6.626595790847733,567.18992,5.831404295946005,0.25,0.12755102040816327,0.8221096938775513,15.647271470601128
109,2022-10-25 19:22:08,110,1,pc,0,1,1274.3985535760282,0.88,0.022499999999999996,663.7772,4.978080328530605,584.1239360000001,4.380710689106926,0.25,0.12755102040816327,0.8466545918367347,15.582027189546988
110,2022-10-25 19:25:20,111,1,pc,0,0,1265.460451583972,0.88,0.022499999999999996,667.2171999999999,5.3003512946965134,587.151136,4.66430913933293,0.25,0.12755102040816327,0.8510423469387755,15.738119972071226
111,2022-10-25 19:28:43,112,1,pc,0,0,1263.0621575439718,0.88,0.022499999999999996,668.3484000000001,4.4632596160205615,588.1465919999999,3.927668462098095,0.25,0.12755102040816327,0.8524852040816329,15.560397226370219
112,2022-10-25 19:31:53,113,0,mc,1,1,1273.486480056028,0.88,0.022499999999999996,75.8716,0.2836148171277058,66.76700799999999,0.24958103907238074,0.25,0.12755102040816327,0.09677500000000001,1.7273596115544232
113,2022-10-25 19:35:14,114,0,mc,1,1,1249.5325202999998,0.88,0.022499999999999996,75.48512,0.09294373216260858,66.4269056,0.08179048430309536,0.25,0.12755102040816327,0.09628204081632653,1.702493096049777
114,2022-10-25 19:38:29,115,0,bc,1,1,1346.002886576028,0.88,0.022499999999999996,6.4151560000000005,0.03183438099027066,5.645337280000001,0.028014255271438228,0.25,0.12755102040816327,0.00818259693877551,0.14721065020952528
115,2022-10-25 19:41:50,116,0,pc,1,1,1327.54433382,0.88,0.022499999999999996,295.17489919999997,123.81263567523118,259.753911296,108.95511939420345,0.27906282786565734,0.14237899380900884,0.42026705145771603,109.15797488995989
116,2022-10-25 19:45:00,117,1,pc,0,1,1313.131056783972,0.88,0.022499999999999996,357.815,1.868182141830977,314.87719999999996,1.6440002848112554,0.25,0.12755102040816327,0.4563966836734694,8.226787180125593
117,2022-10-25 19:48:12,118,1,pc,0,0,1320.00332308,0.88,0.022499999999999996,362.88596,1.7841785793121747,319.33964480000003,1.5700771497947155,0.25,0.12755102040816327,0.46286474489795926,8.324494068154586
118,2022-10-25 19:51:24,119,0,bc,1,1,1326.1324791160278,0.88,0.022499999999999996,8.756672,1.1775855445070265,7.70587136,1.0362752791661833,0.25,0.12755102040816327,0.01116922448979592,1.0548848087550557
119,2022-10-25 19:54:38,120,1,bc,0,0,1319.071017603972,0.88,0.022499999999999996,8.97356,0.02597539648344018,7.896732799999999,0.022858348905427373,0.25,0.12755102040816327,0.011445867346938778,0.20344440523750099
120,2022-10-25 19:57:46,121,1,bc,0,0,1310.5463017800002,0.88,0.022499999999999996,8.934368,0.028131688526034815,7.862243839999999,0.024755885902910585,0.25,0.12755102040816327,0.011395877551020409,0.2027899929451119
121,2022-10-25 20:01:02,122,1,mc,0,1,1297.18344046,0.88,0.022499999999999996,149.88668,0.21618187474044065,131.9002784,0.1902400497715882,0.25,0.12755102040816327,0.1911819897959184,3.3819989726377133
122,2022-10-25 20:04:14,123,1,mc,0,0,1320.8902433839721,0.88,0.022499999999999996,149.70296000000002,0.16753111453422276,131.7386048,0.14742738079011697,0.25,0.12755102040816327,0.19094765306122452,3.37572613724083
123,2022-10-25 20:07:27,124,1,mc,0,0,1258.8566675799998,0.88,0.022499999999999996,149.68164000000002,0.18217281386738202,131.71984319999999,0.16031207620329693,0.25,0.12755102040816327,0.1909204591836735,3.3758336316011968
124,2022-10-25 20:10:32,125,1,mc,0,0,1306.3763541399999,0.88,0.022499999999999996,149.5374,0.16465222184138167,131.59291200000004,0.14489395522041698,0.25,0.12755102040816327,0.19073647959183673,3.3718901532360706
125,2022-10-25 20:13:48,126,0,None,1,1,1324.7277326800001,0.88,0.022499999999999996,0.0,0.0,0.0,0.0,0.0,0.0,0.0,0.0
126,2022-10-25 20:16:56,127,0,None,1,1,1303.210890456028,0.88,0.022499999999999996,0.0,0.0,0.0,0.0,0.0,0.0,0.0,0.0
127,2022-10-25 20:20:10,128,0,bc,1,1,1290.5791095400002,0.88,0.022499999999999996,3.4770856000000006,0.13252215922000588,3.0598353280000006,0.11661950011360515,0.32833164490802297,0.1675161453612362,0.005824679768030613,0.14052404137840638
128,2022-10-25 20:23:21,129,0,mc,1,1,1315.596608043972,0.88,0.022499999999999996,79.16272,0.09079225230520367,69.6631936,0.07989718202858001,0.25,0.12755102040816327,0.10097285714285714,1.7851650313423413
129,2022-10-25 20:26:34,130,1,mc,0,1,1301.929722436028,0.88,0.022499999999999996,78.92248000000002,0.08192686681191931,69.45178240000001,0.07209564279448927,0.25,0.12755102040816327,0.1006664285714286,1.7794251890238921
130,2022-10-25 20:29:54,131,1,mc,0,1,1296.73396538,0.88,0.022499999999999996,78.59248,0.1321979067980941,69.16138240000001,0.11633415798232273,0.25,0.12755102040816327,0.10024551020408164,1.7743476338755226
131,2022-10-25 20:33:01,132,1,mc,0,0,1287.906318443972,0.88,0.022499999999999996,78.43944,0.0893884299880597,69.0267072,0.07866181838949281,0.25,0.12755102040816327,0.100050306122449,1.7688321033165144
132,2022-10-26 16:39:47,133,0,None,0,0,1327.045099223972,0.88,0.022499999999999996,0.0,0.0,0.0,0.0,0.0,0.0,0.0,0.0
133,2022-10-26 16:42:57,134,0,None,0,0,1351.203564563972,0.88,0.022499999999999996,0.0,0.0,0.0,0.0,0.0,0.0,0.0,0.0
134,2022-10-26 16:46:10,135,0,bc,1,1,1317.3403745039723,0.88,0.022499999999999996,1.2475792,0.030265962680390432,1.097869696,0.02663404715874356,0.910474232638895,0.46452766971372195,0.005795350585593095,0.03902994109247225
135,2022-10-26 16:49:19,136,1,bc,0,0,1372.11618564,0.88,0.022499999999999996,1.1866779999999997,0.030057060624639566,1.0442766400000003,0.026450213349682825,0.956964546220759,0.48824721745957095,0.005793922315204886,0.0379277425089884
136,2022-10-26 16:52:33,137,1,bc,0,0,1363.9676725839722,0.88,0.022499999999999996,1.1570728000000001,0.02750718475590524,1.0182240639999998,0.02420632258519662,0.9813276074077435,0.5006773507182365,0.005793201440921319,0.0359125629072415
137,2022-10-26 16:55:40,138,0,bc,1,1,1370.4178040239722,0.88,0.022499999999999996,7.2701519999999995,0.03177079837937541,6.39773376,0.02795830257385034,0.25,0.12755102040816327,0.00927315306122449,0.16615100928869447
138,2022-10-26 16:58:47,139,0,bc,1,1,1366.351202843972,0.88,0.022499999999999996,7.252451999999999,0.035563224762465186,6.382157759999999,0.031295637790969354,0.25,0.12755102040816327,0.009250576530612245,0.1663533969771522
139,2022-10-26 17:11:57,140,0,None,0,0,1355.9662507399999,0.88,0.022499999999999996,0.0,0.0,0.0,0.0,0.0,0.0,0.0,0.0
140,2022-10-26 17:15:08,141,0,bc,1,1,1367.0675197960281,0.88,0.022499999999999996,4.458056,0.5363538754620368,3.9230892800000006,0.4719914104065924,0.2563977198925321,0.13081516321047557,0.005831813232414398,0.482559400148922
141,2022-10-26 17:18:19,142,0,bc,1,1,1376.6853022560279,0.88,0.022499999999999996,2.1269408000000003,0.024801117381134455,1.871707904,0.021824983295398306,0.5354530998814958,0.2731903570823958,0.005810597166451167,0.0528458968059378
142,2022-10-26 17:21:29,143,0,bc,1,1,1371.6404638400002,0.88,0.022499999999999996,2.1084516,0.027063105068119757,1.855437408,0.02381553245994538,0.5401253103248806,0.2755741379208575,0.0058103473201785265,0.0533281568344566
143,2022-10-26 17:24:43,144,0,bc,1,1,1406.7044413400001,0.88,0.022499999999999996,1.6849668,0.025763568092966056,1.482770784,0.02267193992181014,0.6751297728742469,0.3444539657521668,0.005803934964207381,0.04446801155080824
144,2022-10-26 17:27:50,145,0,bc,1,1,1385.038867483972,0.88,0.022499999999999996,2.403162,2.0976017871480184,2.11478256,1.8458895726902562,0.4741927952917495,0.2419350996386477,0.005814092379178119,1.8466884363233624
145,2022-10-26 17:30:56,146,0,mc,1,1,1388.1551188960282,0.88,0.022499999999999996,62.71312,0.07681175471841015,55.18754560000001,0.06759434415220053,0.25,0.12755102040816327,0.07999122448979593,1.414416001232744
146,2022-10-26 17:34:04,147,0,mc,0,1,1396.45345676,0.88,0.022499999999999996,62.83263999999999,0.0753061598268379,55.29272319999999,0.0662694206476174,0.25,0.12755102040816327,0.08014367346938775,1.417042895454861
147,2022-10-26 17:37:15,148,0,mc,0,0,1396.8662956839719,0.88,0.022499999999999996,62.73783999999999,0.06786370478367856,55.2092992,0.05972006020963727,0.25,0.12755102040816327,0.08002275510204081,1.414617961826636
148,2022-10-26 17:40:29,149,0,mc,0,0,1382.901400223972,0.88,0.022499999999999996,62.42292,0.07170502497553241,54.93216960000001,0.06310042197846824,0.25,0.12755102040816327,0.07962107142857143,1.4076772837651046
149,2022-10-26 17:43:42,150,0,mc,1,1,1383.18245896,0.88,0.022499999999999996,93.02104,0.21022798795914027,81.8585152,0.18500062940404383,0.25,0.12755102040816327,0.11864928571428572,2.103726365398087
150,2022-10-26 17:46:52,151,0,mc,0,0,1359.8267059160282,0.88,0.022499999999999996,92.97024000000002,0.09783805560003488,81.81381120000002,0.0860974889280314,0.25,0.12755102040816327,0.1185844897959184,2.096200617913458
151,2022-10-26 17:50:01,152,0,mc,0,0,1361.07615904,0.88,0.022499999999999996,92.75528000000001,0.11184479133296558,81.62464640000002,0.09842341637300965,0.25,0.12755102040816327,0.11831030612244901,2.0919057869192663
152,2022-10-26 17:53:08,153,0,mc,0,1,1335.5408344039718,0.88,0.022499999999999996,77.75092000000001,0.19059208939335892,68.42080960000001,0.16772103866615606,0.25,0.12755102040816327,0.09917209183673471,1.759582895566987
153,2022-10-26 17:56:19,154,0,mc,0,0,1344.22248396,0.88,0.022499999999999996,77.84092000000001,0.08511669610044875,68.5000096,0.07490269256839513,0.25,0.12755102040816327,0.09928688775510207,1.7551976608698263
154,2022-10-26 17:59:30,155,0,mc,0,0,1329.156319763972,0.88,0.022499999999999996,77.76044,0.07974023105959921,68.42918720000002,0.07017140333244684,0.25,0.12755102040816327,0.09918423469387756,1.7531905194916386
155,2022-10-26 18:02:45,156,0,pc,1,1,1349.258026443972,0.88,0.022499999999999996,752.2268925842696,403.443668027482,661.9596654741574,355.0304278641841,0.25,0.12755102040816327,0.9594730772758542,355.43463083287514
156,2022-10-26 18:05:47,157,0,pc,0,0,1350.9744526800002,0.88,0.022499999999999996,1100.0964000000001,31.72737593684991,968.084832,27.920090824427916,0.25,0.12755102040816327,1.4031841836734698,37.33264091957156
157,2022-10-26 18:08:58,158,0,pc,0,0,1347.8046143239721,0.88,0.022499999999999996,1103.1236,28.516295809057382,970.748768,25.094340311970484,0.25,0.12755102040816327,1.4070454081632653,35.31721115477369
158,2022-10-26 18:12:05,159,0,pc,0,0,1340.17228698,0.88,0.022499999999999996,1105.97,30.848849405819372,973.2535999999999,27.146987477121037,0.25,0.12755102040816327,1.4106760204081634,36.84738282539576
159,2022-10-26 18:15:16,160,0,pc,0,0,1371.979483863972,0.88,0.022499999999999996,1097.2376000000002,27.87299858761466,965.569088,24.528238757100898,0.25,0.12755102040816327,1.3995377551020411,34.82299611629751
160,2022-10-26 18:18:28,161,0,pc,0,0,1338.0703620439722,0.88,0.022499999999999996,1094.9008,29.215376454450848,963.512704,25.709531279916735,0.25,0.12755102040816327,1.3965571428571428,35.628454864448024
161,2022-10-26 18:21:38,162,0,pc,0,0,1348.0506773239717,0.88,0.022499999999999996,1083.7640000000001,31.598925266889573,953.7123199999999,27.807054234862807,0.25,0.12755102040816327,1.3823520408163268,37.00439393343827
162,2022-10-26 18:24:49,163,0,pc,0,0,1308.7336376800001,0.88,0.022499999999999996,1074.1132,29.863960284047913,945.2196160000001,26.280285049962156,0.25,0.12755102040816327,1.3700423469387757,35.72362343771932
163,2022-10-26 18:28:01,164,0,pc,0,0,1374.487139456028,0.88,0.022499999999999996,1074.4216000000001,34.34951573732538,945.4910080000002,30.227573848846333,0.25,0.12755102040816327,1.3704357142857146,38.724235178782344
164,2022-10-26 18:31:09,165,0,pc,0,0,1345.627230396028,0.88,0.022499999999999996,1061.584,32.04656809335124,934.1939200000002,28.200979922149084,0.25,0.12755102040816327,1.354061224489796,36.97619389667788
165,2022-10-26 18:34:18,166,0,None,1,1,1335.351639516028,0.88,0.022499999999999996,331.80296,430.3981547210592,291.9866048,378.7503761545321,0.0,0.0,0.0,378.82394607767156
166,2022-10-26 18:37:29,167,0,None,1,1,1349.6008742239721,0.88,0.022499999999999996,0.0,0.0,0.0,0.0,0.0,0.0,0.0,0.0
167,2022-10-26 18:40:38,168,0,None,1,1,1342.7985993999998,0.88,0.022499999999999996,0.0,0.0,0.0,0.0,0.0,0.0,0.0,0.0
168,2022-10-26 18:43:48,169,0,None,0,0,1320.8333756000002,0.88,0.022499999999999996,0.0,0.0,0.0,0.0,0.0,0.0,0.0,0.0
169,2022-10-26 18:47:00,170,0,None,0,0,1363.146915996028,0.88,0.022499999999999996,0.0,0.0,0.0,0.0,0.0,0.0,0.0,0.0
170,2022-10-26 18:50:03,171,1,bc,0,1,1337.17688006,0.88,0.022499999999999996,0.9946838,0.031095910171560378,0.8753217439999998,0.027364400950973134,1.1406862473814265,0.5819827792762381,0.005788888424250497,0.035716147474465144
171,2022-10-26 18:53:10,172,1,bc,0,1,1314.892321276028,0.88,0.022499999999999996,0.9559886000000001,0.023073890857879788,0.841269968,0.02030502395493421,1.186625476017818,0.6054211612335807,0.0057877572833806516,0.030015063193393397
172,2022-10-26 18:56:26,173,1,bc,0,1,1319.431910003972,0.88,0.022499999999999996,0.9248346,0.021724323805460424,0.8138544480000001,0.01911740494880517,1.2263980421485465,0.6257132868104829,0.005786812973220582,0.02871259176243033
173,2022-10-26 18:59:36,174,1,bc,0,0,1324.2230302360279,0.88,0.022499999999999996,0.8917937999999999,0.024165845570542858,0.7847785440000001,0.021265944102077713,1.2716080140905053,0.648779599025768,0.005785776239776658,0.029677976187968552
174,2022-10-26 19:02:44,175,1,bc,0,0,1304.1224170599999,0.88,0.022499999999999996,0.8756568,0.02791472685917725,0.7705779839999999,0.024564959636075977,1.294925319862027,0.660676183603075,0.005785255927700812,0.03189883286368186
175,2022-10-26 19:05:49,176,0,bc,1,1,1299.18147202,0.88,0.022499999999999996,4.4236580000000005,0.024878453301033148,3.8928190400000005,0.021893038904909186,0.2583815904773864,0.1318273420802992,0.005831590764122523,0.10204077744233205
176,2022-10-26 19:09:02,177,1,bc,0,1,1307.900851236028,0.88,0.022499999999999996,4.456683999999999,0.02346793905726502,3.92188192,0.020651786370393187,0.2564762636953579,0.13085523657926423,0.005831804391790216,0.1025084748661527
177,2022-10-26 19:12:09,178,1,bc,0,0,1336.06631572,0.88,0.022499999999999996,4.432676000000001,0.02736236802289281,3.90075488,0.024078883860145638,0.25785851565977647,0.13156046717335534,0.005831649253881202,0.10272896699522192
178,2022-10-26 19:15:22,179,1,bc,0,0,1298.337202636028,0.88,0.022499999999999996,4.426951999999999,0.021463160557653044,3.8957177600000006,0.018887581290734676,0.2581902807864263,0.13172973509511546,0.005831612142387915,0.1015111579839838
179,2022-10-26 19:18:35,180,0,bc,1,1,1307.559643876028,0.88,0.022499999999999996,3.5412275999999996,0.02269490685069665,3.1162802880000005,0.019971518028613047,0.3224136210221607,0.16449674541946974,0.005825204149895997,0.08230226326420494
180,2022-10-26 19:21:45,181,0,bc,1,1,1306.26808642,0.88,0.022499999999999996,3.5159368000000004,0.02565570402494793,3.094024384,0.022577019541954187,0.32472134062612484,0.16567415338067595,0.005824998526799631,0.08242672374472373
181,2022-10-26 19:25:28,182,0,bc,1,1,1318.9206458799997,0.88,0.022499999999999996,0.7293303999999998,0.025116196525909126,0.641810752,0.022102252942800032,1.5533282495988303,0.7925144130606278,0.005780048538832728,0.02799406041496
182,2022-10-26 19:28:10,183,0,bc,0,0,1310.747526523972,0.88,0.022499999999999996,0.7162108,0.025117974629936077,0.6302655039999999,0.02210381767434375,1.5816408215411888,0.8069596028271372,0.005779531827085062,0.02782320922813398
183,2022-10-26 19:31:15,184,0,bc,0,0,1299.326375896028,0.88,0.022499999999999996,0.7117844000000001,0.023511773942125634,0.6263702720000001,0.020690361069070556,1.591428039173877,0.8119530812111618,0.005779355367380382,0.02665411287494009
184,2022-10-26 19:34:27,185,0,bc,0,0,1296.61585514,0.88,0.022499999999999996,0.7041988,0.02538400086721883,0.619694944,0.022337920763152577,1.6084859566606091,0.8206561003370455,0.00577905041070027,0.027854855834175813
185,2022-10-26 19:37:39,186,0,bc,0,0,1323.991731016028,0.88,0.022499999999999996,0.6967788,0.022413584816837598,0.613165344,0.01972395463881709,1.6255299253339721,0.8293520027214144,0.005778748932338239,0.025703684182310022
186,2022-10-26 19:40:57,187,0,bc,1,1,1289.776397243972,0.88,0.022499999999999996,1.7717852,0.0255879179737081,1.5591709760000003,0.022517367816863147,0.6422069491998293,0.32765660673460684,0.005805371264945967,0.04606910550431243
187,2022-10-26 19:44:07,188,0,bc,1,1,1295.137289803972,0.88,0.022499999999999996,1.7593888000000002,0.02321320923608372,1.5482621440000002,0.02042762412775366,0.6467094838818962,0.3299538183070899,0.00580517052446729,0.04483811037447339
188,2022-10-26 19:47:24,189,0,bc,0,0,1268.74347892,0.88,0.022499999999999996,1.7501184,0.0257063938834269,1.5401041919999998,0.022621626617415663,0.6501181969290334,0.3316929576168538,0.00580501948275676,0.045699391009511446
189,2022-10-26 19:50:33,190,0,mc,1,1,1302.23593406,0.88,0.022499999999999996,84.70144,15.594066558249043,74.53726720000002,13.722778571259157,0.25,0.12755102040816327,0.10803755102040818,13.854807727133045
190,2022-10-26 19:53:43,191,0,mc,1,1,1275.15916154,0.88,0.022499999999999996,82.92168000000001,0.09148072701793658,72.9710784,0.08050303977578366,0.25,0.12755102040816327,0.10576744897959185,1.8697917797148835
191,2022-10-26 19:56:53,192,0,mc,1,1,1297.7067344400002,0.88,0.022499999999999996,82.88307999999999,0.10158889526148716,72.93711040000001,0.08939822783010888,0.25,0.12755102040816327,0.10571821428571429,1.86932728743839
192,2022-10-26 20:00:04,193,0,mc,1,1,1293.5592057639722,0.88,0.022499999999999996,49.16436,0.07181582060999975,43.2646368,0.06319792213679994,0.25,0.12755102040816327,0.06270964285714287,1.1093752932482175
193,2022-10-26 20:03:09,194,1,mc,0,0,1277.4836366799998,0.88,0.022499999999999996,49.13644000000002,0.07084704968760651,43.240067200000006,0.062345403725093396,0.25,0.12755102040816327,0.06267403061224493,1.108699067722574
194,2022-10-26 20:06:14,195,1,mc,0,0,1288.61060554,0.88,0.022499999999999996,49.153960000000005,0.07857206639752792,43.255484800000005,0.06914341842982463,0.25,0.12755102040816327,0.06269637755102042,1.109496030642734
195,2022-10-26 20:09:25,196,0,mc,1,1,1490.348910223972,0.88,0.022499999999999996,74.79296,0.08304598536590045,65.8178048,0.07308046712199258,0.25,0.12755102040816327,0.09539918367346939,1.6865184324676363
196,2022-10-26 20:12:34,197,0,bc,1,1,1286.662333496028,0.88,0.022499999999999996,12.930292000000001,0.03545618493137181,11.378656959999999,0.03120144273960716,0.25,0.12755102040816327,0.016492719387755105,0.29295964369729266
197,2022-10-26 20:15:41,198,1,bc,0,0,1313.132150616028,0.88,0.022499999999999996,12.825364,0.026033039715982753,11.28632032,0.022909074950064823,0.25,0.12755102040816327,0.016358882653061225,0.2898363475853273
198,2022-10-26 20:18:52,199,1,bc,0,0,1262.09649708,0.88,0.022499999999999996,12.766172000000001,0.026521223521524237,11.23423136,0.023338676698941328,0.25,0.12755102040816327,0.016283382653061226,0.28854149321464906
199,2022-10-26 20:21:58,200,1,bc,0,0,1284.177643783972,0.88,0.022499999999999996,12.730628000000001,0.028121277928990888,11.20295264,0.024746724577511963,0.25,0.12755102040816327,0.01623804591836735,0.28786101650415846
200,2022-10-26 20:25:08,201,0,bc,1,1,1268.742932003972,0.88,0.022499999999999996,8.7174224,2.8237015808090735,7.671331712000001,2.484857391111984,0.25,0.12755102040816327,0.011119161224489797,2.492605801850537
201,2022-10-26 20:28:18,202,0,bc,1,1,1293.0840308799998,0.88,0.022499999999999996,6.71652,0.022737615421503175,5.9105376000000005,0.020009101570922797,0.25,0.12755102040816327,0.008566989795918368,0.1526268919262055
202,2022-10-26 20:31:29,203,0,bc,1,1,1208.202685316028,0.88,0.022499999999999996,6.680256,0.024754575144037463,5.8786252800000005,0.021784026126752946,0.25,0.12755102040816327,0.008520734693877551,0.1520611356806942
203,2022-10-26 20:34:39,204,0,bc,1,1,1258.926658723972,0.88,0.022499999999999996,6.3526096,2.621261401700089,5.590296448,2.306710033496078,0.25,0.12755102040816327,0.008102818367346939,2.3111451857355054
204,2022-10-26 20:37:46,205,0,bc,1,1,1221.03678448,0.88,0.022499999999999996,2.9901924,0.0230568593828875,2.631369312,0.020290036256941008,0.3815103509407429,0.19464813823507293,0.005820353836246645,0.07045869469512449
205,2022-10-26 20:40:55,206,0,bc,1,1,1260.861807736028,0.88,0.022499999999999996,2.94775,0.025755115087464444,2.59402,0.022664501276968695,0.3869761808414945,0.19743682695994616,0.005819944066711813,0.07027682846894279
206,2022-10-27 16:37:23,207,1,None,0,0,1418.60076718,0.88,0.022499999999999996,0.0,0.0,0.0,0.0,0.0,0.0,0.0,0.0
207,2022-10-27 16:40:43,208,0,bc,1,1,1386.152712663972,0.88,0.022499999999999996,6.1359692,5.590099854470137,5.399652896000001,4.91928787193372,0.25,0.12755102040816327,0.007826491326530613,4.921229620153399
208,2022-10-27 16:43:54,209,0,bc,1,1,1431.561178683972,0.88,0.022499999999999996,7.819420000000001,0.776982726336126,6.881089599999998,0.6837447991757907,0.25,0.12755102040816327,0.009973750000000002,0.7060720889178772
209,2022-10-27 16:47:07,210,0,bc,1,1,1377.5476162599998,0.88,0.022499999999999996,7.081124,0.026983761109146836,6.231389120000001,0.023745709776049177,0.25,0.12755102040816327,0.009032045918367348,0.16128106105826806
210,2022-10-27 16:50:19,211,0,bc,1,1,1435.2800108239721,0.88,0.022499999999999996,7.374599999999999,0.03493507146089062,6.489648000000001,0.030742862885583713,0.25,0.12755102040816327,0.009406377551020409,0.16895534793290412
211,2022-10-27 16:53:34,212,0,bc,0,0,1408.370561143972,0.88,0.022499999999999996,7.352824000000001,0.026888655508525896,6.470485120000001,0.023662016847502798,0.25,0.12755102040816327,0.00937860204081633,0.16732577915642097
212,2022-10-27 16:56:43,213,0,bc,1,1,1400.2264227599999,0.88,0.022499999999999996,3.5258572000000004,0.027289496923158935,3.102754336,0.024014757292379854,0.3238121935779128,0.16521030284587387,0.005825079358033049,0.08304527432900251
213,2022-10-27 16:59:56,214,0,bc,1,1,1415.353282496028,0.88,0.022499999999999996,0.7731596,0.026798593792052985,0.680380448,0.023582762537006623,1.4656937194191362,0.7478029180709879,0.005781710050145977,0.029743191601777207
214,2022-10-27 17:03:09,215,0,bc,1,1,1396.324957083972,0.88,0.022499999999999996,2.3832972,0.029773112192043347,2.097301536,0.026200338728998133,0.47812564980890104,0.24394165806576584,0.005813854706314971,0.05990147413006243
215,2022-10-27 17:06:23,216,1,bc,0,0,1387.0183078360283,0.88,0.022499999999999996,2.3713068,0.026138094511672483,2.086749984,0.023001523170271793,0.48053133278108595,0.24516904733728875,0.005813710291004348,0.05832612201490032
216,2022-10-27 17:09:34,217,1,bc,0,0,1375.14604138,0.88,0.022499999999999996,2.350612,0.022899223502855035,2.0685385600000004,0.020151316682512434,0.48474100646959034,0.24731684003550528,0.005813459319895391,0.05682842086531972
217,2022-10-27 17:12:49,218,0,bc,0,1,1416.9833130599998,0.88,0.022499999999999996,33.548807999999994,0.05774470811300495,29.522951040000002,0.05081534313944437,0.25,0.12755102040816327,0.0427918469387755,0.7574932411842549
218,2022-10-27 17:15:58,219,0,bc,0,0,1395.293132903972,0.88,0.022499999999999996,33.744476,0.04628624647812521,29.695138880000002,0.040731896900750186,0.25,0.12755102040816327,0.04304142346938776,0.7612853300348148
219,2022-10-27 17:19:10,220,0,bc,1,1,1421.349017596028,0.88,0.022499999999999996,0.9351216,3.742841471113855,0.8229070079999999,3.2937004945801927,1.212972874028058,0.6188637112388051,0.0057871282383556944,3.2937716336815908
220,2022-10-27 17:22:21,221,0,bc,0,0,1397.2539817200002,0.88,0.022499999999999996,8.347912,0.024372651610295754,7.34616256,0.021447933417060278,0.25,0.12755102040816327,0.010647846938775513,0.18928068527567957
221,2022-10-27 17:25:44,222,0,bc,0,0,1407.1205611039718,0.88,0.022499999999999996,8.302364,0.02672049454564876,7.306080320000001,0.023514035200170907,0.25,0.12755102040816327,0.010589750000000002,0.18850778507481164
222,2022-10-27 17:28:57,223,0,bc,0,0,1407.562381,0.88,0.022499999999999996,8.282056,0.02618217099864426,7.288209280000001,0.02304031047880697,0.25,0.12755102040816327,0.010563846938775512,0.187995222237676
223,2022-10-27 17:32:14,224,0,bc,0,1,1405.5293537039722,0.88,0.022499999999999996,4.6860159999999995,0.03155953705816746,4.12369408,0.02777239261118732,0.24398469128816333,0.12448198535110375,0.005833245750670377,0.10915251371139566
224,2022-10-27 17:35:24,225,0,bc,0,0,1408.792149083972,0.88,0.022499999999999996,4.658448,0.02482426663433557,4.09943424,0.021845354638215297,0.24542142437895015,0.12521501243823988,0.0058330762426289364,0.10719034146372176
225,2022-10-27 17:38:45,226,0,bc,0,0,1395.23134386,0.88,0.022499999999999996,4.653995999999999,0.025864268737069814,4.095516480000001,0.022760556488621467,0.2456550370660471,0.12533420258471792,0.005833048774924667,0.10728282177619712
226,2022-10-27 17:41:52,227,0,bc,0,0,1412.1369654639718,0.88,0.022499999999999996,4.652484,0.025760127747607012,4.09418592,0.022668912417894184,0.24573447867916615,0.12537473401998273,0.005833039440322253,0.10723020459439057
227,2022-10-27 17:45:11,228,0,bc,0,0,1397.081190703972,0.88,0.022499999999999996,24.769728,0.03005583729503489,21.79736064,0.026449136819631028,0.25,0.12755102040816327,0.03159404081632653,0.558638419802661
228,2022-10-27 17:48:23,229,0,bc,0,0,1425.55614798,0.88,0.022499999999999996,24.789968000000005,0.029861547300684327,21.81517184,0.02627816162460219,0.25,0.12755102040816327,0.03161985714285715,0.559085812936719
229,2022-10-27 17:51:35,230,0,bc,0,0,1362.9626420400002,0.88,0.022499999999999996,24.804624000000004,0.033539590317290466,21.828069120000006,0.029514839479215522,0.25,0.12755102040816327,0.03163855102040817,0.5595769991661819
230,2022-10-27 17:54:43,231,1,bc,0,0,1403.37766958,0.88,0.022499999999999996,1.459778,0.028178742219599727,1.28460464,0.02479729315324777,0.7787264858548395,0.3973094315585916,0.0057998356738173775,0.04146986184026144
231,2022-10-27 17:57:57,232,1,bc,0,0,1360.7825238599999,0.88,0.022499999999999996,6.220063999999998,0.026856449554932337,5.473656320000001,0.023633675608340482,0.25,0.12755102040816327,0.007933755102040814,0.14210454031598252
232,2022-10-27 18:01:09,233,1,bc,0,0,1397.3644367760278,0.88,0.022499999999999996,6.222763999999999,0.029509153666487306,5.476032320000001,0.025968055226508822,0.25,0.12755102040816327,0.007937198979591836,0.1425711743841959
233,2022-10-27 18:04:28,234,1,bc,0,0,1368.1239502760282,0.88,0.022499999999999996,6.205284000000001,0.023566652539342835,5.46064992,0.02073865423462166,0.25,0.12755102040816327,0.007914903061224492,0.14132246476407828
234,2022-10-27 18:07:45,235,1,pc,0,0,1403.9715016200003,0.88,0.022499999999999996,543.5708000000001,6.384676161708407,478.34230400000007,5.618515022303401,0.25,0.12755102040816327,0.6933301020408165,13.472982601045565
235,2022-10-27 18:11:05,236,1,pc,0,0,1355.4495184399998,0.88,0.022499999999999996,561.9088,3.927573797788983,494.479744,3.456264942054304,0.25,0.12755102040816327,0.7167204081632654,13.122031152938433
236,2022-10-27 18:14:15,237,1,pc,0,0,1371.244575703972,0.88,0.022499999999999996,566.0068000000001,4.545357585221217,498.085984,3.999914674994672,0.25,0.12755102040816327,0.7219474489795921,13.363647066129385
237,2022-10-27 18:17:48,238,1,pc,0,0,1398.9583781000001,0.88,0.022499999999999996,566.1908000000001,3.606240905037904,498.24790400000006,3.1734919964333557,0.25,0.12755102040816327,0.722182142857143,13.143991921209855
238,2022-10-27 18:20:59,239,1,pc,0,0,1406.81763032,0.88,0.022499999999999996,566.6372,4.605658481633024,498.640736,4.052979463837061,0.25,0.12755102040816327,0.722751530612245,13.39316092741425
239,2022-10-27 18:24:24,240,1,pc,0,0,1423.0288076760282,0.88,0.022499999999999996,564.0876,3.8998547734412625,496.397088,3.431872200628307,0.25,0.12755102040816327,0.7194994897959184,13.163007471065825
240,2022-10-27 18:27:36,241,1,pc,0,0,1421.91441558,0.88,0.022499999999999996,563.8108,4.050204109713124,496.153504,3.5641796165475452,0.25,0.12755102040816327,0.7191464285714286,13.19211694448806
241,2022-10-27 18:30:59,242,0,None,1,1,1398.4662521000002,0.88,0.022499999999999996,100.49131999999999,204.94436921728612,88.4323616,180.35104491121172,0.0,0.0,0.0,180.36521773591028
242,2022-10-27 18:34:10,243,0,None,0,0,1429.120233723972,0.88,0.022499999999999996,0.0,0.0,0.0,0.0,0.0,0.0,0.0,0.0
243,2022-10-27 18:37:31,244,0,bc,0,0,1420.2931337039722,0.88,0.022499999999999996,2.8995500000000005,0.029550200952946998,2.551604,0.026004176838593365,0.3933770480226074,0.20070257552173848,0.005819471528540569,0.07041792759088089
244,2022-10-27 18:40:34,245,0,bc,0,0,1427.040181163972,0.88,0.022499999999999996,2.7635068,0.02803709820019969,2.431885984,0.024672646416175732,0.41264472428345483,0.2105330225935994,0.005818094395619656,0.0670907525049821
245,2022-10-27 18:43:52,246,0,bc,0,0,1463.9228378560279,0.88,0.022499999999999996,12.237744000000001,0.024206437104691246,10.769214719999999,0.021301664652128263,0.25,0.12755102040816327,0.015609367346938779,0.27651337990153924
246,2022-10-27 18:47:06,247,0,bc,0,0,1441.68147658,0.88,0.022499999999999996,12.167167999999997,0.0297220315969011,10.707107839999999,0.026155387805273066,0.25,0.12755102040816327,0.015519346938775507,0.27534679420449887
247,2022-10-27 18:50:26,248,0,bc,0,0,1380.384995943972,0.88,0.022499999999999996,12.263255999999998,0.034187449855765106,10.79166528,0.030084955873073232,0.25,0.12755102040816327,0.015641908163265307,0.27789966152885737
248,2022-10-27 18:53:33,249,1,bc,0,0,1384.1267939639722,0.88,0.022499999999999996,6.986336,0.03544686153679889,6.147975679999999,0.031193238152383014,0.25,0.12755102040816327,0.008911142857142857,0.1604494092935386
249,2022-10-27 18:56:57,250,0,bc,0,0,1386.2117677839722,0.88,0.022499999999999996,15.025860000000002,0.028566073851352028,13.222756799999999,0.02513814498918981,0.25,0.12755102040816327,0.019165637755102046,0.3394344082950364
250,2022-10-27 19:00:07,251,0,bc,0,0,1367.3201444760282,0.88,0.022499999999999996,14.997748,0.02216220444963476,13.19801824,0.01950273991567868,0.25,0.12755102040816327,0.0191297806122449,0.33843137813288676
251,2022-10-27 19:03:28,252,1,bc,0,0,1359.1989716439718,0.88,0.022499999999999996,23.408940000000005,0.02619034576396377,20.599867200000002,0.023047504272287824,0.25,0.12755102040816327,0.029858341836734702,0.5278595290411245
252,2022-10-27 19:06:40,253,1,bc,0,0,1380.7579182,0.88,0.022499999999999996,16.837612000000004,0.03466646079166758,14.81709856,0.030506485496667558,0.25,0.12755102040816327,0.021476545918367354,0.3805421497996101
253,2022-10-27 19:09:59,254,1,bc,0,0,1330.7092509160282,0.88,0.022499999999999996,16.79234,0.02588214620418531,14.777259200000001,0.02277628865968296,0.25,0.12755102040816327,0.021418801020408166,0.37898253267716975
254,2022-10-27 19:13:12,255,0,bc,0,0,1382.2840557160278,0.88,0.022499999999999996,2.3345084,0.027969691975984676,2.054367392,0.024613328938866523,0.4880682589604624,0.24901441783697062,0.005813262501615177,0.0582324037393988
255,2022-10-27 19:16:39,256,0,bc,0,0,1355.1963468439722,0.88,0.022499999999999996,2.3095695999999997,0.027463220795591617,2.032421248,0.024167634300120637,0.49331233984107964,0.2516899693066733,0.005812955017356257,0.057538125934486276
256,2022-10-27 19:19:48,257,1,bc,0,0,1388.9550969400002,0.88,0.022499999999999996,11.054184000000001,0.022309611210407688,9.72768192,0.01963245786515887,0.25,0.12755102040816327,0.014099724489795922,0.24980111379177578
257,2022-10-27 19:23:44,258,1,bc,0,0,1347.9517055360282,0.88,0.022499999999999996,11.037828000000001,0.026985431575266106,9.71328864,0.02374717978623421,0.25,0.12755102040816327,0.014078862244897962,0.2497913319594882
258,2022-10-27 19:26:24,259,1,bc,0,0,1386.715376723972,0.88,0.022499999999999996,11.016168,0.026563429587699527,9.69422784,0.02337581803717564,0.25,0.12755102040816327,0.014051234693877554,0.2492704909725679
259,2022-10-27 19:29:30,260,1,bc,0,0,1354.700940003972,0.88,0.022499999999999996,11.004567999999999,0.025372378646911498,9.68401984,0.022327693209282077,0.25,0.12755102040816327,0.014036438775510205,0.24891411387317824
260,2022-10-27 19:32:38,261,1,bc,0,0,1397.2534348039721,0.88,0.022499999999999996,11.011568,0.026620076363864483,9.69017984,0.02342566720020075,0.25,0.12755102040816327,0.014045367346938778,0.24917200069947104
261,2022-10-27 19:35:58,262,0,bc,0,0,1356.411898063972,0.88,0.022499999999999996,0.97839,0.027562994101968826,0.8609831999999998,0.024255434809732575,1.1595885492599651,0.591626810846921,0.005788417554645191,0.03314934813654719
262,2022-10-27 19:39:06,263,0,bc,0,0,1358.8238623799998,0.88,0.022499999999999996,0.9662596,0.028918909548186284,0.8503084479999999,0.02544864040240393,1.17407385524767,0.5990172730855459,0.005788061906847304,0.03385618336014595
263,2022-10-27 19:42:34,264,0,bc,0,0,1344.93606666,0.88,0.022499999999999996,0.9720436,0.027143057143938325,0.8553983680000001,0.023885890286665726,1.16712200901056,0.5954704127604898,0.005788232037131925,0.0327844593649274
264,2022-10-27 19:45:45,265,0,bc,0,0,1373.044116443972,0.88,0.022499999999999996,0.9664659999999999,0.024637685155017155,0.85049008,0.021681162936415095,1.173824352930445,0.598889975984921,0.0057880679953024265,0.03112688042092514
265,2022-10-27 19:48:59,266,0,None,0,0,1357.822659263972,0.88,0.022499999999999996,0.0,0.0,0.0,0.0,0.0,0.0,0.0,0.0
266,2022-10-27 19:52:09,267,0,None,0,0,1366.7798993800002,0.88,0.022499999999999996,0.0,0.0,0.0,0.0,0.0,0.0,0.0,0.0
267,2022-10-27 19:55:21,268,0,None,0,0,1362.293897596028,0.88,0.022499999999999996,0.0,0.0,0.0,0.0,0.0,0.0,0.0,0.0
268,2022-10-27 19:58:31,269,0,None,0,0,1377.57222256,0.88,0.022499999999999996,0.0,0.0,0.0,0.0,0.0,0.0,0.0,0.0
269,2022-10-27 20:01:40,270,0,None,0,0,1355.7108921360282,0.88,0.022499999999999996,0.0,0.0,0.0,0.0,0.0,0.0,0.0,0.0
270,2022-10-27 20:04:44,271,0,bc,0,0,1384.556037416028,0.88,0.022499999999999996,0.6753275999999999,0.026066883846293944,0.5942882879999999,0.022938857784738663,1.6769052135829765,0.8555638844811104,0.0057778590475330545,0.027980843513754218
271,2022-10-27 20:08:02,272,0,bc,0,0,1355.2800082639721,0.88,0.022499999999999996,26.694708000000002,0.03983594286909325,23.491343040000004,0.03505562972480199,0.25,0.12755102040816327,0.0340493724489796,0.6023987213212193
272,2022-10-27 20:11:05,273,0,bc,0,1,1351.18278602,0.88,0.022499999999999996,19.792172,0.02982102505416098,17.417111359999996,0.026242502047661785,0.25,0.12755102040816327,0.025245117346938777,0.44664925341600026
273,2022-10-27 20:14:15,274,0,None,1,1,1350.1050300799998,0.88,0.022499999999999996,7.591623200000001,9.613678877881505,6.680628416,8.460037412535724,0.0,0.0,0.0,8.461761613136598
274,2022-10-28 16:41:12,275,0,bc,1,1,1358.349781,0.87,0.022499999999999996,5.1885699999999995,7.686697566257136,4.5140559,6.687426882643708,0.25,0.12755102040816327,0.006618073979591837,6.6884482766397
275,2022-10-28 16:44:22,276,0,bc,0,0,1370.1263561800001,0.87,0.022499999999999996,6.524303999999999,0.1309873362504083,5.67614448,0.11395898253785522,0.25,0.12755102040816327,0.008321816326530613,0.18597951298033952
276,2022-10-28 16:47:43,277,0,bc,1,1,1370.0673010599999,0.87,0.022499999999999996,3.1808687999999994,0.030418261198892425,2.767355856,0.02646388724303641,0.3587500097378994,0.1830357192540303,0.005822126086607041,0.0764734874542326
277,2022-10-28 16:50:52,278,1,bc,0,0,1362.99545044,0.87,0.022499999999999996,3.1175515999999996,0.027205688876665725,2.712269892,0.023668949322699185,0.36599994657788787,0.18673466662137136,0.005821549587009228,0.0742036345131903
278,2022-10-28 16:54:18,279,1,bc,0,0,1356.37143448,0.87,0.022499999999999996,3.0840052,0.025239683685049395,2.6830845240000003,0.021958524805992957,0.369961413881327,0.18875582340884028,0.005821239409231451,0.07295761844549739
279,2022-10-28 16:57:24,280,1,bc,0,0,1372.327252903972,0.87,0.022499999999999996,3.0826200000000004,0.026243802190959335,2.6818794,0.022832107906134606,0.3701268400709166,0.18884022452597787,0.0058212265292827,0.07319575071921251
280,2022-10-28 17:00:48,281,0,bc,1,1,1352.2129697799999,0.87,0.022499999999999996,19.852028000000004,0.032943761926769066,17.271264359999996,0.028661072876289162,0.25,0.12755102040816327,0.025321464285714294,0.4481310247421126
281,2022-10-28 17:03:49,282,0,bc,0,0,1365.946019103972,0.87,0.022499999999999996,19.908711999999998,0.026722573515305246,17.32057944,0.023248638958315592,0.25,0.12755102040816327,0.02539376530612245,0.4490926607655201
282,2022-10-28 17:07:10,283,0,None,1,1,1372.5585521239718,0.87,0.022499999999999996,0.0,0.0,0.0,0.0,0.0,0.0,0.0,0.0
283,2022-10-28 17:10:16,284,0,bc,1,1,1365.61520118,0.87,0.022499999999999996,1.490636,0.028684443847344518,1.29685332,0.024955466147189728,0.7626844591917533,0.38912472407742515,0.005800433221998768,0.042108508947101976
284,2022-10-28 17:13:38,285,0,bc,0,0,1380.913211183972,0.87,0.022499999999999996,1.4640488000000005,0.026621929905477085,1.273722456,0.023161079017765072,0.7764660219576458,0.3961561336518601,0.005799919120856456,0.04058340701069338
285,2022-10-28 17:16:43,286,0,bc,0,0,1364.1836614360282,0.87,0.022499999999999996,1.4506928000000001,0.02669866415342775,1.2621027360000001,0.02322783781348214,0.7835792940270697,0.39978535409544375,0.005799657347317108,0.04037820627590805
286,2022-10-28 17:20:05,287,0,bc,0,0,1393.1808188599998,0.87,0.022499999999999996,1.4409088,0.026931744184808294,1.253590656,0.023430617440783213,0.7888736298030871,0.40248654581790155,0.005799464057506176,0.04031794504681399
287,2022-10-28 17:23:05,288,0,bc,0,0,1398.15293188,0.87,0.022499999999999996,1.427426,0.02458181841126679,1.24186062,0.02138618201780211,0.7962880924854661,0.4062694349415643,0.0057991955444089745,0.03891440586124047
288,2022-10-28 17:26:29,289,0,bc,1,1,1389.853500183972,0.87,0.022499999999999996,2.5755123999999996,0.028004493206418075,2.2406957880000005,0.024363909089583687,0.4426113030243781,0.22582209337978476,0.005816076016935935,0.0630657869835305
289,2022-10-28 17:29:29,290,0,bc,1,1,1432.2102384160282,0.87,0.022499999999999996,6.048651999999999,0.029109839226201126,5.26232724,0.025325560126794988,0.25,0.12755102040816327,0.007715117346938775,0.13859363688080617
290,2022-10-28 17:32:54,291,0,bc,1,1,1390.892979876028,0.87,0.022499999999999996,10.147876,0.052159022893584615,8.828652120000001,0.04537834991741861,0.25,0.12755102040816327,0.012943719387755103,0.23306505614617018
291,2022-10-28 17:35:55,292,1,bc,0,0,1374.361373703972,0.87,0.022499999999999996,10.173092,0.02736356008771806,8.85059004,0.02380629727631482,0.25,0.12755102040816327,0.012975882653061226,0.23040595888740373
292,2022-10-28 17:39:24,293,1,bc,0,0,1432.289525163972,0.87,0.022499999999999996,10.1758,0.025463247804709634,8.852946,0.0221530255900973,0.25,0.12755102040816327,0.01297933673469388,0.23030173100859708
293,2022-10-28 17:42:30,294,1,bc,0,0,1378.390245223972,0.87,0.022499999999999996,18.587792,0.029132411973877774,16.17137904,0.025345198417273757,0.25,0.12755102040816327,0.02370891836734694,0.4195000125839278
294,2022-10-28 17:45:59,295,1,bc,0,0,1381.271916576028,0.87,0.022499999999999996,18.583068,0.025632816361195108,16.16726916,0.022300550234239633,0.25,0.12755102040816327,0.02370289285714286,0.4192208066680782
295,2022-10-28 17:49:02,296,0,bc,1,1,1428.8123816799998,0.87,0.022499999999999996,7.977188,0.03642350467190491,6.940153559999999,0.03168844906455723,0.25,0.12755102040816327,0.010174984693877552,0.18247741269678747
296,2022-10-28 17:52:30,297,0,pc,1,1,1391.2057531799999,0.87,0.022499999999999996,620.0587999999999,122.08261273280245,539.4511560000001,106.21187307753812,0.25,0.12755102040816327,0.7908913265306122,107.1264432524478
297,2022-10-28 17:55:26,298,1,pc,0,0,1368.4667980560278,0.87,0.022499999999999996,451.2896,2.435820461640871,392.621952,2.1191638016275554,0.25,0.12755102040816327,0.5756244897959184,10.384877952188056
298,2022-10-28 17:58:54,299,0,bc,1,1,1509.63259424,0.87,0.022499999999999996,7.784692000000001,0.07264031021316714,6.7726820399999985,0.06319706988545544,0.25,0.12755102040816327,0.009929454081632655,0.18640807167851967
299,2022-10-28 18:01:55,300,0,pc,0,1,1410.56927086,0.87,0.022499999999999996,613.5244,4.8193979222081555,533.766228,4.192876192321099,0.25,0.12755102040816327,0.7825566326530613,14.443074580320866
300,2022-10-28 18:05:17,301,0,pc,0,0,1366.314567016028,0.87,0.022499999999999996,626.6404,4.627638786365965,545.1771480000001,4.026045744138384,0.25,0.12755102040816327,0.799286224489796,14.6794390375826
301,2022-10-28 18:08:16,302,0,bc,0,0,1364.600874703972,0.87,0.022499999999999996,9.648624000000002,0.0999756471560432,8.39430288,0.08697881302575755,0.25,0.12755102040816327,0.012306918367346943,0.23411487858382818
302,2022-10-28 18:11:41,303,1,pc,0,0,1593.254097243972,0.87,0.022499999999999996,512.8688000000001,2.1449971855092675,446.195856,1.8661475513930645,0.25,0.12755102040816327,0.6541693877551022,11.703314944413721
303,2022-10-28 18:14:41,304,1,pc,0,0,1356.4375981960281,0.87,0.022499999999999996,518.6996,2.1100390155613242,451.268652,1.8357339435383575,0.25,0.12755102040816327,0.6616066326530613,11.828247012716577
304,2022-10-28 18:18:05,305,0,bc,1,1,1535.6923063599997,0.87,0.022499999999999996,12.067692000000003,0.058009622278152616,10.498892040000001,0.05046837138199277,0.25,0.12755102040816327,0.01539246428571429,0.2764980376470468
305,2022-10-28 18:21:09,306,0,bc,1,1,1360.074955923972,0.87,0.022499999999999996,11.728923999999996,0.5486286458024736,10.20416388,0.4773069218481521,0.25,0.12755102040816327,0.014960362244897956,0.5455592802267062
306,2022-10-28 18:24:28,307,0,pc,0,0,1766.2686480560278,0.87,0.022499999999999996,1164.2712000000001,30.068403927853225,1012.915944,26.159511417232313,0.25,0.12755102040816327,1.4850397959183677,37.043555739795764
307,2022-10-28 18:27:30,308,0,pc,0,0,1389.8578748560283,0.87,0.022499999999999996,1171.672,30.95599623967885,1019.35464,26.931716728520605,0.25,0.12755102040816327,1.4944795918367348,37.70935708925991
308,2022-10-28 18:30:55,309,0,None,1,1,1415.5993454960278,0.87,0.022499999999999996,0.0,0.0,0.0,0.0,0.0,0.0,0.0,0.0
309,2022-10-28 18:33:56,310,1,bc,0,0,1373.443832336028,0.87,0.022499999999999996,10.413532000000002,0.16966933906403647,9.05977284,0.14761232498571167,0.25,0.12755102040816327,0.013282566326530616,0.2771669540532439
310,2022-10-28 18:37:13,311,1,pc,0,0,1485.4713949760278,0.87,0.022499999999999996,806.6364,7.805893942572927,701.773668,6.791127730038447,0.25,0.12755102040816327,1.0288729591836736,19.39892870452049
311,2022-10-28 18:40:17,312,1,pc,0,0,1337.10798242,0.87,0.022499999999999996,819.5304000000001,7.304993171212463,712.9914480000001,6.355344058954844,0.25,0.12755102040816327,1.0453193877551024,19.52511673189064
312,2022-10-28 18:43:39,313,1,bc,0,1,1444.07484936,0.87,0.022499999999999996,5.809164000000001,0.036818771983012616,5.05397268,0.032032331625220976,0.25,0.12755102040816327,0.007409647959183675,0.13472837253420442
313,2022-10-28 18:46:47,314,0,bc,1,1,1357.103608716028,0.87,0.022499999999999996,10.248256,0.07326275195670488,8.915982719999999,0.06373859420233316,0.25,0.12755102040816327,0.013071755102040818,0.23950309643122583
314,2022-10-28 18:49:59,315,0,bc,1,1,1397.3152241760279,0.87,0.022499999999999996,1.095312,0.06717964707033211,0.9529214400000001,0.05844629295118892,1.0363812058512398,0.5287659213526734,0.005791636588486395,0.06362947637393845
315,2022-10-28 18:52:58,316,0,None,0,0,1325.34945186,0.87,0.022499999999999996,0.0,0.0,0.0,0.0,0.0,0.0,0.0,0.0
316,2022-10-28 18:56:18,317,0,bc,0,0,1357.40161824,0.87,0.022499999999999996,18.482736,0.06841834455364042,16.07998032,0.05952395976166718,0.25,0.12755102040816327,0.02357491836734694,0.420600292811497
317,2022-10-28 18:59:28,318,1,mc,0,1,1336.975655316028,0.87,0.022499999999999996,323.01776,0.7993841715113721,281.0254512,0.6954642292148945,0.25,0.12755102040816327,0.4120124489795919,7.3098920708697355
318,2022-10-28 19:02:55,319,1,mc,0,0,1372.662992416028,0.87,0.022499999999999996,326.79524,0.9344144643524163,284.3118588,0.8129405839865967,0.25,0.12755102040816327,0.41683066326530616,7.406579244372815
319,2022-10-28 19:06:00,320,0,bc,1,1,1326.3156592399998,0.87,0.022499999999999996,94.57743033707864,139.05851687063748,82.28236439325842,120.98090967745459,0.25,0.12755102040816327,0.12063447747076358,120.99966889225323
320,2022-10-28 19:09:16,321,0,bc,0,0,1339.8786518,0.87,0.022499999999999996,13.990596,0.027453674353456248,12.17181852,0.023884696687506857,0.25,0.12755102040816327,0.017845147959183676,0.3160747634431692
321,2022-10-28 19:12:31,322,0,None,1,1,1358.2152665600001,0.87,0.022499999999999996,6.207753600000001,6.916833895376375,5.400745632,6.017645488977446,0.0,0.0,0.0,6.019266249691027
322,2022-10-28 19:15:56,323,1,None,0,0,1344.3821516160278,0.87,0.022499999999999996,0.0,0.0,0.0,0.0,0.0,0.0,0.0,0.0
323,2022-10-28 19:19:59,324,0,None,1,1,1368.012948303972,0.87,0.022499999999999996,0.0,0.0,0.0,0.0,0.0,0.0,0.0,0.0
324,2022-10-28 19:22:19,325,1,bc,0,0,1371.6043746000003,0.87,0.022499999999999996,8.028916,0.06911050133703402,6.98515692,0.060126136163219594,0.25,0.12755102040816327,0.010240964285714287,0.19060214271914055
325,2022-10-28 19:25:29,326,1,bc,0,0,1382.330534063972,0.87,0.022499999999999996,7.963725999999999,0.02105947670530117,6.92844162,0.01832174473361199,0.25,0.12755102040816327,0.010157813775510205,0.1803347744919463
326,2022-10-28 19:28:42,327,0,mc,1,1,1367.21297026,0.87,0.022499999999999996,61.8198,0.15248626241310745,53.783226000000006,0.1326630482994032,0.25,0.12755102040816327,0.07885178571428572,1.398940660966522
327,2022-10-28 19:31:52,328,1,mc,0,0,1360.197987423972,0.87,0.022499999999999996,61.71323999999999,0.08642536144630028,53.6905188,0.07519006445828064,0.25,0.12755102040816327,0.07871586734693878,1.39226747103867
328,2022-10-28 19:35:10,329,0,mc,1,1,1368.232764583972,0.87,0.022499999999999996,50.42864000000001,0.1284317129796081,43.8729168,0.11173559029225869,0.25,0.12755102040816327,0.0643222448979592,1.1415052858852892
329,2022-10-28 19:38:23,330,0,mc,1,1,1349.43573872,0.87,0.022499999999999996,49.95451999999999,0.1355709484639528,43.46043240000001,0.11794672516363955,0.25,0.12755102040816327,0.0637175,1.1315069621619955
330,2022-10-28 19:41:46,331,0,pc,1,1,1384.505184396028,0.87,0.022499999999999996,491.8616,4.3132956215753575,427.9195920000001,3.752567190770558,0.25,0.12755102040816327,0.6273744897959185,11.698531581034295
331,2022-10-28 19:45:05,332,0,pc,0,1,1346.71428194,0.87,0.022499999999999996,511.16399999999993,3.158756688987737,444.71268,2.7481183194193357,0.25,0.12755102040816327,0.6519948979591836,11.83855066701772
332,2022-10-28 19:48:32,333,0,mc,1,1,1375.7568245360283,0.87,0.022499999999999996,55.284479999999995,0.2000484273953961,48.097497600000004,0.17404213183399425,0.25,0.12755102040816327,0.07051591836734694,1.2575148290040488
333,2022-10-28 19:51:35,334,1,mc,0,0,1376.1253721199998,0.87,0.022499999999999996,54.339800000000004,0.1006853682060432,47.275626,0.08759627033925729,0.25,0.12755102040816327,0.06931096938775512,1.2272617002000816
334,2022-10-28 19:55:01,335,0,pc,1,1,1348.752777083972,0.87,0.022499999999999996,449.87880000000007,2.1001722304974915,391.3945559999999,1.827149840532816,0.25,0.12755102040816327,0.5738250000000001,10.297966574652401
335,2022-10-28 19:58:13,336,0,mc,1,1,1379.769291856028,0.87,0.022499999999999996,52.2568,0.39729952247869355,45.463415999999995,0.3456505845564633,0.25,0.12755102040816327,0.06665408163265306,1.2269029961355835
336,2022-10-28 20:01:31,337,0,mc,0,0,1349.6779739639721,0.87,0.022499999999999996,51.82876,0.07508652806348959,45.0910212,0.06532527941523612,0.25,0.12755102040816327,0.06610811224489797,1.1693905753839509
337,2022-10-28 20:04:36,338,0,pc,1,1,1425.65457318,0.87,0.022499999999999996,1579.4111999999998,137.01729363196898,1374.087744,119.20504545981302,0.25,0.12755102040816327,2.0145551020408163,124.40166973623205
338,2022-10-28 20:07:53,339,0,pc,1,1,1358.8440943360279,0.87,0.022499999999999996,1522.4775999999997,40.39574911800119,1324.555512,35.14430173266103,0.25,0.12755102040816327,1.941935714285714,49.106338030038934
339,2022-10-28 20:10:52,340,0,bc,1,1,1373.992279203972,0.87,0.022499999999999996,17.706039999999998,5.684430542474394,15.4042548,4.945454571952723,0.25,0.12755102040816327,0.02258423469387755,4.961513710919105
340,2022-10-28 20:14:12,341,0,bc,1,1,1337.10798242,0.87,0.022499999999999996,20.578776,0.04206199290026049,17.90353512,0.03659393382322664,0.25,0.12755102040816327,0.026248438775510207,0.4650273151401294
341,2022-10-28 20:17:13,342,0,pc,1,1,1344.834907536028,0.87,0.022499999999999996,921.3779999999999,16.414516121580256,801.5988600000002,14.280629025774818,0.25,0.12755102040816327,1.1752270408163266,25.194371050380468
342,2022-10-28 20:20:44,343,0,pc,0,0,1395.130731323972,0.87,0.022499999999999996,924.3331999999999,15.340034184805827,804.1698839999997,13.345829740781081,0.25,0.12755102040816327,1.1789964285714285,24.732552811904704
343,2022-10-28 20:23:48,344,0,bc,0,0,1409.9655963000002,0.87,0.022499999999999996,9.981967999999998,0.11796815174091924,8.684312160000001,0.10263229201459965,0.25,0.12755102040816327,0.012732102040816326,0.24718146436168348
344,2022-10-28 20:27:07,345,0,pc,1,1,1344.85896692,0.87,0.022499999999999996,431.3984,34.59868140528291,375.31660800000003,30.10085282259613,0.25,0.12755102040816327,0.5502530612244898,31.63077547303585
345,2022-10-28 20:30:09,346,0,pc,1,1,1336.373621176028,0.87,0.022499999999999996,401.9407999999999,1.7237051495823257,349.68849600000004,1.4996234801366257,0.25,0.12755102040816327,0.5126795918367346,9.178003342112396
346,2022-10-28 20:33:34,347,0,pc,0,0,1362.6104986560279,0.87,0.022499999999999996,401.63479999999987,1.7776973820148563,349.422276,1.5465967223529256,0.25,0.12755102040816327,0.5122892857142856,9.179000462088974
347,2022-10-28 20:36:37,348,0,bc,1,1,1385.69394198,0.87,0.022499999999999996,27.006272,0.05433710448712677,23.495456639999993,0.047273280903800285,0.25,0.12755102040816327,0.034446775510204086,0.6102135826609553
348,2022-10-28 20:39:58,349,1,mc,0,1,1340.092999903972,0.87,0.022499999999999996,119.68128000000002,0.17648723364722305,104.12271360000001,0.15354389327308365,0.25,0.12755102040816327,0.15265469387755104,2.7004705254430044
