,datetime_utc,overpass_id,phase_iii,meter,qc_su_discard,qc_su_discard_strict,altitude_feet,gas_kgh_60_mean,gas_kgh_60_std,meter_sigma,methane_fraction_km,methane_fraction_km_sigma,ch4_kgh_60_mean_km,ch4_kgh_sigma
0,2022-10-24 16:46:28,1,0,None,0,0,1341.440878556028,0.0,0.0,0.0,0.9460180000000004,0.0,0.0,0.0
1,2022-10-24 16:49:20,2,0,None,0,0,1366.343000743972,0.0,0.0,0.0,0.9460180000000004,0.0,0.0,0.0
2,2022-10-24 16:52:30,3,1,bc,0,1,1308.693174096028,19.816781999999996,0.03813328662041317,0.02527650765306118,0.9460180000000004,0.0024069307218944993,18.747032474075997,0.06440681450758275
3,2022-10-24 16:55:39,4,1,bc,0,0,1324.65883504,19.786793999999997,0.027076365902913943,0.025238257653061185,0.9460180000000004,0.0024069307218944993,18.718663286292,0.059113053993909814
4,2022-10-24 16:59:00,5,1,bc,0,0,1342.620887123972,19.808321999999997,0.031192699210998136,0.02526571683673465,0.9460180000000004,0.0024069307218944993,18.739029161796,0.06095236386865097
5,2022-10-24 17:02:02,6,0,mc,0,0,1351.0280396239718,119.88275999999999,0.13879636980550472,0.15291168367346938,0.9460180000000004,0.0024069307218944993,113.41124884968,0.3484640936862482
6,2022-10-24 17:05:20,7,0,mc,0,0,1355.3910102360278,119.7072,0.09160267925916606,0.1526877551020408,0.9460180000000004,0.0024069307218944993,113.2451659296,0.3337531525220546
7,2022-10-24 17:08:20,8,0,mc,0,0,1339.943175096028,119.36412,0.12461656009875875,0.15225015306122444,0.9460180000000004,0.0024069307218944993,112.92060607416,0.3423228551092974
8,2022-10-24 17:11:37,9,1,bc,0,0,1358.929942763972,1.8152771999999997,0.029223725446566033,0.00580606102318114,0.9460180000000004,0.0024069307218944993,1.7172849061896,0.02852315062669446
9,2022-10-24 17:14:37,10,1,bc,0,0,1346.9559705960282,1.7541648,0.02712642142666349,0.0058050821601954,0.9460180000000004,0.0024069307218944993,1.6594714757664,0.026580594074397022
10,2022-10-24 17:17:53,11,1,bc,0,0,1353.0430223,1.7095734,0.028377598343931283,0.0058043455335300975,0.9460180000000004,0.0024069307218944993,1.6172872087212,0.027708764890108758
11,2022-10-24 17:21:03,12,1,bc,0,0,1341.3774487639719,13.6488,0.02806205423941018,0.017409183673469338,0.9460180000000004,0.0024069307218944993,12.912010478400001,0.04533465225554377
12,2022-10-24 17:24:11,13,1,bc,0,0,1333.7484022600001,13.673040000000002,0.029649019419575585,0.017440102040816283,0.9460180000000004,0.0024069307218944993,12.93494195472,0.046281704919512445
13,2022-10-24 17:27:11,14,1,bc,0,0,1355.863997783972,3.684192,0.032832400532793245,0.005826338591472435,0.9460180000000004,0.0024069307218944993,3.4853119474559997,0.03276798154091129
14,2022-10-24 17:30:26,15,1,bc,0,0,1348.437816443972,3.6095370000000004,0.0253549592661836,0.005825751615696118,0.9460180000000004,0.0024069307218944993,3.414686973666,0.026099690416248923
15,2022-10-24 17:33:54,16,1,bc,0,0,1353.22018766,3.5905242000000004,0.026693431147006976,0.0058256000057566315,0.9460180000000004,0.0024069307218944993,3.3967005226356006,0.027253369757685764
16,2022-10-24 17:36:53,17,1,bc,0,0,1381.301990723972,3.5773536000000004,0.02751126985295355,0.0058254945164811535,0.9460180000000004,0.0024069307218944993,3.3842408979648004,0.027961972543257992
17,2022-10-24 17:39:59,18,1,bc,0,1,1377.9648298560282,31.374923999999996,0.0387831203541797,0.04001903571428567,0.9460180000000004,0.0024069307218944993,29.681242852632003,0.09209920054548228
18,2022-10-24 17:43:17,19,1,bc,0,0,1352.7761807560282,31.423613999999997,0.0385700920930687,0.04008114030612241,0.9460180000000004,0.0024069307218944993,29.727304469051994,0.09213946700612115
19,2022-10-24 17:46:21,20,1,bc,0,0,1369.64899396,31.412244,0.04488997967536008,0.040066637755102004,0.9460180000000004,0.0024069307218944993,29.716548244391998,0.09463905615103035
20,2022-10-24 17:49:35,21,1,mc,0,0,1356.3145666960281,207.54048000000003,0.2480805314846257,0.26471999999999996,0.9460180000000004,0.0024069307218944993,196.33702980863998,0.6060772739071302
21,2022-10-24 17:52:40,22,1,mc,0,0,1370.2663387960279,208.06607999999997,0.2630865120327486,0.2653904081632653,0.9460180000000004,0.0024069307218944993,196.83425686944003,0.613007338611969
22,2022-10-24 17:57:59,23,1,mc,0,0,1329.98363836,209.34126,0.23083416984082072,0.2670169132653061,0.9460180000000004,0.0024069307218944993,198.04060010267997,0.6044666684484645
23,2022-10-24 18:01:13,24,0,mc,1,1,1337.0609571560278,66.51083999999999,0.1658046340666201,0.08483525510204078,0.9460180000000004,0.0024069307218944993,62.92045183512001,0.23805891395829995
24,2022-10-24 18:04:29,25,1,mc,0,0,1343.4607821639718,65.67084000000001,0.08474352772646043,0.08376382653061222,0.9460180000000004,0.0024069307218944993,62.12579671512,0.19414158993562103
25,2022-10-24 18:07:33,26,0,mc,1,1,1333.6587260760282,128.93130000000002,0.13891067975196253,0.16445318877551018,0.9460180000000004,0.0024069307218944993,121.9713305634,0.37118299020634526
26,2022-10-24 18:10:49,27,0,None,1,1,1312.8625748199997,0.0,0.0,0.0,0.9460180000000004,0.0,0.0,0.0
27,2022-10-24 18:13:53,28,0,pc,0,1,1317.7696179560278,767.0040000000001,23.723318680579634,0.9783214285714287,0.9460180000000004,0.0024069307218944993,725.5995900720001,22.537500403965222
28,2022-10-24 18:17:16,29,0,pc,0,0,1318.4744516399999,768.4517999999999,10.30881005281815,0.9801681122448983,0.9460180000000004,0.0024069307218944993,726.9692349324,9.969383422506096
29,2022-10-24 18:20:23,30,0,pc,0,0,1308.703563203972,770.0285999999999,8.282391231718904,0.9821793367346939,0.9460180000000004,0.0024069307218944993,728.4609161147999,8.10495138751302
30,2022-10-24 18:23:37,31,0,pc,0,0,1310.991402516028,764.559,7.429741629287388,0.975202806122449,0.9460180000000004,0.0024069307218944993,723.286576062,7.323919271198749
31,2022-10-24 18:26:41,32,0,pc,1,1,1345.10995118,469.98300000000006,1.9912152323882273,0.5994681122448979,0.9460180000000004,0.0024069307218944993,444.61237769400003,2.269291399041992
32,2022-10-24 18:29:53,33,0,pc,0,0,1278.736370643972,465.08220000000006,2.139671373468517,0.5932170918367349,0.9460180000000004,0.0024069307218944993,439.97613267959997,2.380188212121683
33,2022-10-24 18:33:05,34,0,pc,0,0,1336.4463462439721,463.4898,1.779220842610507,0.5911859693877551,0.9460180000000004,0.0024069307218944993,438.46969361640004,2.095328117763887
34,2022-10-24 18:39:07,35,0,mc,0,0,1346.9138662639718,173.50200000000004,0.24577790718658343,0.2213035714285714,0.9460180000000004,0.0024069307218944993,164.136015036,0.521811579259812
35,2022-10-24 18:42:12,36,0,mc,0,0,1333.764259543972,172.66067999999999,0.2937620787563536,0.22023045918367348,0.9460180000000004,0.0024069307218944993,163.34011117224,0.5416140474069285
36,2022-10-24 18:45:33,37,0,mc,0,0,1336.3495614639721,171.85746,0.2267593103128496,0.21920594387755105,0.9460180000000004,0.0024069307218944993,162.58025059428005,0.510026567832401
37,2022-10-24 18:48:35,38,0,mc,0,0,1316.5168836639718,45.4599,0.06996571073008509,0.05798456632653057,0.9460180000000004,0.0024069307218944993,43.0058836782,0.13914902239160573
38,2022-10-24 18:51:58,39,0,mc,0,0,1319.641337176028,45.00198,0.08280245390615684,0.05740048469387751,0.9460180000000004,0.0024069307218944993,42.57268311564,0.1442816336266576
39,2022-10-24 18:53:01,40,0,mc,0,0,1321.80450424,44.8509,0.08316210430971711,0.05720778061224486,0.9460180000000004,0.0024069307218944993,42.429758716200006,0.14412563675113294
40,2022-10-24 18:58:13,41,1,bc,0,1,1315.732216316028,9.386754,0.024118451000096762,0.011972900510204035,0.9460180000000004,0.0024069307218944993,8.880038245572,0.034049071290939356
41,2022-10-24 19:01:18,42,1,bc,0,0,1362.40325882,9.318528000000002,0.020027265211815706,0.011885877551020349,0.9460180000000004,0.0024069307218944993,8.815495221504,0.0314396616043673
42,2022-10-24 19:04:28,43,1,bc,0,0,1320.393196123972,9.281399999999998,0.02684106441598505,0.011838520408163227,0.9460180000000004,0.0024069307218944993,8.7803714652,0.035626529899759556
43,2022-10-24 19:07:37,44,0,bc,0,0,1328.3700119960279,4.391897999999999,0.0420989564990046,0.005831382531949559,0.9460180000000004,0.0024069307218944993,4.154814562164,0.04157305032036875
44,2022-10-24 19:11:01,45,0,bc,0,0,1320.484513056028,4.360404000000001,0.030902645336824415,0.005831176435124794,0.9460180000000004,0.0024069307218944993,4.125020671272,0.03154731753221222
45,2022-10-24 19:14:05,46,0,bc,1,1,1284.677971883972,19.22088,0.04327684690415987,0.024516428571428533,0.9460180000000004,0.0024069307218944993,18.183298455839996,0.06598748970313717
46,2022-10-24 19:17:22,47,1,bc,0,0,1307.237027723972,19.259268,0.03163635437224243,0.024565392857142813,0.9460180000000004,0.0024069307218944993,18.219614194824,0.05987183911390533
47,2022-10-24 19:20:28,48,1,bc,0,0,1312.03908398,19.200546,0.033726722956076274,0.024490492346938734,0.9460180000000004,0.0024069307218944993,18.164062125828004,0.060749852653788496
48,2022-10-24 19:23:43,49,1,bc,0,0,1314.6347753360283,19.137036000000002,0.028725032088312494,0.024409484693877506,0.9460180000000004,0.0024069307218944993,18.103980522648,0.05825240994105822
49,2022-10-24 19:26:50,50,1,bc,0,0,1340.276180356028,19.084985999999997,0.027520806871301158,0.024343094387755053,0.9460180000000004,0.0024069307218944993,18.054740285748,0.057604719310510984
50,2022-10-24 19:30:10,51,1,bc,0,0,1342.3770114600002,28.289183999999995,0.05231724670099606,0.03608314285714281,0.9460180000000004,0.0024069307218944993,26.762077269311998,0.09083525819065723
51,2022-10-24 19:33:05,52,1,bc,0,0,1318.0528636999998,28.394082000000004,0.034316435692595654,0.036216941326530576,0.9460180000000004,0.0024069307218944993,26.861312665476,0.08305717768208476
52,2022-10-24 19:36:16,53,1,bc,0,1,1343.04302198,33.736608,0.05412343045988251,0.043031387755101985,0.9460180000000004,0.0024069307218944993,31.915438426944,0.10427132869649941
53,2022-10-24 19:39:20,54,0,bc,0,0,1310.7108906960282,5.73021,0.02310470390143274,0.007308941326530562,0.9460180000000004,0.0024069307218944993,5.420881803780002,0.026754119138867744
54,2022-10-24 19:42:32,55,0,bc,0,0,1312.537224743972,5.661899999999999,0.022653059059336032,0.007221811224489744,0.9460180000000004,0.0024069307218944993,5.356259314200001,0.02629916780662008
55,2022-10-24 19:45:36,56,0,bc,1,1,1353.4886696239719,1.6863138,0.025638943529624102,0.005803954567229244,0.9460180000000004,0.0024069307218944993,1.5952832084484,0.025197651655788925
56,2022-10-24 19:48:44,57,1,bc,0,0,1294.528147396028,1.6708230000000002,0.027344942834902165,0.005803690271885657,0.9460180000000004,0.0024069307218944993,1.5806286328140002,0.026749066951167196
57,2022-10-25 16:36:27,58,1,bc,0,1,1338.281976223972,14.955564,0.027312780841359584,0.01907597448979588,0.9460180000000004,0.0024069307218944993,14.148232744152002,0.047844251046548214
58,2022-10-25 16:38:31,59,1,bc,0,1,1389.91802348,14.939028000000002,0.02303850312934137,0.019054882653061187,0.9460180000000004,0.0024069307218944993,14.132589390504,0.04574802439972545
59,2022-10-25 16:41:45,60,1,bc,0,0,1336.532195,14.961102,0.02949715382995103,0.019083038265306072,0.9460180000000004,0.0024069307218944993,14.153471791836,0.04900338178935098
60,2022-10-25 16:44:54,61,1,bc,0,0,1362.1265747560278,14.903766,0.024990786993935882,0.01900990561224485,0.9460180000000004,0.0024069307218944993,14.099230903787998,0.04657434651125142
61,2022-10-25 16:48:06,62,1,bc,0,0,1323.315877976028,14.848542,0.02137288308875104,0.01893946683673465,0.9460180000000004,0.0024069307218944993,14.046988005755997,0.044801121628196924
62,2022-10-25 16:51:11,63,0,bc,1,1,1389.498622876028,3.93735,0.03188432280413,0.005828246044424485,0.9460180000000004,0.0024069307218944993,3.7248039723,0.03209404085370293
63,2022-10-25 16:54:28,64,0,bc,1,1,1349.397462143972,3.846426,0.02471126478870776,0.0058275758004150535,0.9460180000000004,0.0024069307218944993,3.638788231668,0.02574108300508697
64,2022-10-25 16:57:34,65,0,None,1,1,1360.884776816028,0.7462422,1.5121143295480792,0.0011653145957596818,0.9460180000000004,0.0004813861443789,0.7059585535596,1.4304878437031072
65,2022-10-25 17:00:52,66,0,None,1,1,1327.4366130160279,0.0,0.0,0.0,0.9460180000000004,0.0,0.0,0.0
66,2022-10-25 17:04:01,67,0,bc,1,1,1374.553302843972,12.199482,0.031528302636181435,0.015560563775510156,0.9460180000000004,0.0024069307218944993,11.540929562676,0.044367891598913974
67,2022-10-25 17:07:17,68,0,bc,1,1,1343.5613947000002,12.210978,0.02658577922403552,0.015575227040816276,0.9460180000000004,0.0024069307218944993,11.551804985604003,0.04139429235127112
68,2022-10-25 17:10:34,69,0,mc,1,1,1363.3984468439721,214.89888,0.37814987827668994,0.2741057142857143,0.9460180000000004,0.0024069307218944993,203.29820865984001,0.6802652134982292
69,2022-10-25 17:13:52,70,0,mc,0,1,1347.831954876028,216.36438,0.3688283486659638,0.2759749744897959,0.9460180000000004,0.0024069307218944993,204.68459803884005,0.6790514991509636
70,2022-10-25 17:16:59,71,0,mc,0,0,1338.274867956028,217.9251,0.3418401142768555,0.2779656887755103,0.9460180000000004,0.0024069307218944993,206.16106725179998,0.669969928868339
71,2022-10-25 17:20:12,72,0,bc,1,1,1337.161569363972,24.64629,0.030593954537413065,0.03143659438775506,0.9460180000000004,0.0024069307218944993,23.31583397322,0.07239610852454596
72,2022-10-25 17:23:23,73,0,bc,1,1,1367.092672683972,24.573978,0.031513459206923694,0.031344359693877506,0.9460180000000004,0.0024069307218944993,23.247425519604004,0.07257067896325038
73,2022-10-25 17:26:35,74,0,mc,1,1,1340.2056422960281,103.27475999999999,0.15582378052232998,0.1317280102040816,0.9460180000000004,0.0024069307218944993,97.69978190568,0.31472109526156744
74,2022-10-25 17:29:49,75,1,mc,0,0,1349.0010274200001,102.94326,0.12100086174227295,0.13130517857142857,0.9460180000000004,0.0024069307218944993,97.38617693867998,0.2998776700195899
75,2022-10-25 17:32:58,76,1,mc,0,0,1337.3004584760279,102.55001999999999,0.16147928743707785,0.1308035969387755,0.9460180000000004,0.0024069307218944993,97.01416482036001,0.31555345869008505
76,2022-10-25 17:36:06,77,1,mc,0,0,1327.4267704960278,102.35694,0.11930369338053698,0.13055732142857143,0.9460180000000004,0.0024069307218944993,96.83150766492,0.2978069996356798
77,2022-10-25 17:39:20,78,0,mc,1,1,1346.867387916028,52.59563999999999,0.07591083797478353,0.06708627551020405,0.9460180000000004,0.0024069307218944993,49.75642216152,0.15877956447613084
78,2022-10-25 17:42:27,79,0,mc,1,1,1334.7408563599997,52.44599999999999,0.25207814768911047,0.06689540816326527,0.9480997,0.0019384069924096349,49.724540637600015,0.2673533316795942
79,2022-10-25 17:45:42,80,0,pc,1,1,1331.4507207560282,1015.2264,41.94543689499329,1.2949316326530613,0.950644,0.0013657668785947998,965.1188858016001,39.91826370282483
80,2022-10-25 17:48:49,81,0,pc,1,1,1357.482545736028,1041.1782,28.549043033503125,1.328033418367347,0.950644,0.0013657668785947998,989.7898087607999,27.206512070337038
81,2022-10-25 17:52:10,82,1,pc,0,1,1308.1791757199999,1038.9276,25.811705721320852,1.325162755102041,0.950644,0.0013657668785947998,987.6502893744001,24.610997560534646
82,2022-10-25 17:55:19,83,1,pc,0,0,1341.5327420760282,1043.5068,24.243554600927148,1.3310035714285713,0.950644,0.0013657668785947998,992.0034783792001,23.125654672316372
83,2022-10-25 17:58:33,84,1,pc,0,0,1310.085890676028,1044.8639999999998,27.99259565053296,1.332734693877551,0.950644,0.0013657668785947998,993.293692416,26.67932864337671
84,2022-10-25 18:01:39,85,1,pc,0,0,1347.57550244,1031.5632,28.925570251941437,1.3157693877551018,0.950644,0.0013657668785947998,980.6493667008001,27.562385481086295
85,2022-10-25 18:04:54,86,1,pc,0,0,1318.7303571599998,1034.445,23.214650507157998,1.3194451530612248,0.950644,0.0013657668785947998,983.3889325799998,22.149589245050272
86,2022-10-25 18:08:05,87,1,pc,0,0,1332.7160311639718,1037.7222,22.046949157327028,1.323625255102041,0.950644,0.0013657668785947998,986.5043830968,21.044317662641255
87,2022-10-25 18:11:23,88,0,mc,1,1,1358.705205223972,83.48965016949151,29.90955683817612,0.14765116459500424,0.950644,0.0012963211051069288,79.36893499572611,28.4338931879496
88,2022-10-25 18:14:25,89,0,bc,1,1,1344.879198876028,25.340244,0.05354761148355009,0.032321739795918326,0.950644,0.0013657668785947998,24.089550917136,0.0687981068484691
89,2022-10-25 18:17:39,90,0,bc,1,1,1306.2380119439722,24.844157999999993,0.03160679388455933,0.03168897704081628,0.950644,0.0013657668785947998,23.617949737752,0.054421112810929345
90,2022-10-25 18:20:43,91,0,None,1,1,1305.5933268839722,0.0,0.0,0.0,0.950644,0.0,0.0,0.0
91,2022-10-25 18:24:01,92,0,None,1,1,1298.0052908799998,0.0,0.0,0.0,0.950644,0.0,0.0,0.0
92,2022-10-25 18:27:09,93,0,None,1,1,1320.1990799760279,0.0,0.0,0.0,0.950644,0.0,0.0,0.0
93,2022-10-25 18:30:19,94,0,None,0,0,1292.596279223972,0.0,0.0,0.0,0.950644,0.0,0.0,0.0
94,2022-10-25 18:33:53,95,0,bc,1,1,1318.0627062199999,27.06333,0.07316125440260521,0.03451955357142853,0.950644,0.0013657668785947998,25.727592284520004,0.08532483016304515
95,2022-10-25 18:36:53,96,0,pc,1,1,1295.4522504439722,466.1580000000001,2.643581392026951,0.5945892857142857,0.950644,0.0013657668785947998,443.15030575200007,2.653400649414469
96,2022-10-25 18:40:05,97,0,pc,1,1,1312.2359343800001,480.5406,1.9335745873241446,0.6129344387755103,0.950644,0.0013657668785947998,456.8230381464,2.036914234955582
97,2022-10-25 18:43:26,98,1,pc,0,1,1293.827688056028,488.82120000000003,2.021244630822082,0.6234964285714286,0.950644,0.0013657668785947998,464.69494085279996,2.11875733735956
98,2022-10-25 18:46:40,99,1,pc,0,0,1303.1534757560282,493.04099999999994,2.398884783266966,0.6288788265306124,0.950644,0.0013657668785947998,468.70646840399996,2.4518290463111176
99,2022-10-25 18:49:55,100,1,pc,0,0,1246.13357006,491.6658,2.6576110516204086,0.6271247448979593,0.950644,0.0013657668785947998,467.3991427752,2.681276579492435
100,2022-10-25 18:53:05,101,0,bc,1,1,1319.78514722,1.684524,0.023108400163180803,0.00580392482484903,0.950644,0.0013657668785947998,1.601382633456,0.022766696353100618
101,2022-10-25 18:56:22,102,0,bc,1,1,1268.58271776,1.7095422,0.023086891564886212,0.005804346316948869,0.950644,0.0013657668785947998,1.6251660351768002,0.022750545898318743
102,2022-10-25 18:59:32,103,0,bc,1,1,1302.914521023972,26.105262,0.048809338603542377,0.033297528061224456,0.950644,0.0013657668785947998,24.816810688728008,0.06652936585521162
103,2022-10-25 19:02:47,104,1,bc,0,0,1284.910364936028,26.024448,0.03163257004193026,0.03319444897959179,0.950644,0.0013657668785947998,24.739985344512004,0.05624410892746206
104,2022-10-25 19:05:57,105,1,bc,0,0,1292.620338936028,25.762769999999996,0.0390279459197107,0.03286067602040811,0.950644,0.0013657668785947998,24.49122272388,0.059920347046475926
105,2022-10-25 19:09:08,106,1,bc,0,0,1277.88718,25.630086000000002,0.030050288089089782,0.032691436224489744,0.950644,0.0013657668785947998,24.365087475383998,0.054838383104085495
106,2022-10-25 19:12:19,107,0,mc,1,1,1308.6696613000001,149.59422,0.2411780738832503,0.19080895408163265,0.950644,0.0013657668785947998,142.21084767768,0.35666867296378274
107,2022-10-25 19:15:38,108,0,mc,1,1,1273.92720612,149.65704000000002,0.19078008210715652,0.19088908163265303,0.950644,0.0013657668785947998,142.27056713375998,0.32802642566921025
108,2022-10-25 19:18:43,109,0,pc,1,1,1291.67326968,646.83,5.9479232210972395,0.8250382653061226,0.950644,0.0013657668785947998,614.90505852,5.776447205968533
109,2022-10-25 19:22:08,110,1,pc,0,1,1274.3985535760282,663.6515999999999,5.254877196068689,0.8464943877551022,0.950644,0.0013657668785947998,630.8964116304,5.140458125523128
110,2022-10-25 19:25:20,111,1,pc,0,0,1265.460451583972,667.2443999999998,5.467142045198098,0.8510770408163265,0.950644,0.0013657668785947998,634.3118853935999,5.338263011067772
111,2022-10-25 19:28:43,112,1,pc,0,0,1263.0621575439718,669.0672,4.344938862864918,0.8534020408163268,0.950644,0.0013657668785947998,636.0447192768,4.307451415465766
112,2022-10-25 19:31:53,113,0,mc,1,1,1273.486480056028,76.00134000000001,0.0925129641854212,0.0969404846938775,0.950644,0.0013657668785947998,72.25021786296,0.16432232881001987
113,2022-10-25 19:35:14,114,0,mc,1,1,1249.5325202999998,75.45882,0.08138340896176237,0.09624849489795916,0.950644,0.0013657668785947998,71.73447448008001,0.15804645587909724
114,2022-10-25 19:38:29,115,0,bc,1,1,1346.002886576028,6.405780000000001,0.028622132955376557,0.008170637755101988,0.950644,0.0013657668785947998,6.0896163223199995,0.02961803838894636
115,2022-10-25 19:41:50,116,0,pc,1,1,1327.54433382,353.74565999999993,1.7017170874826724,0.4503822365631337,0.950644,0.0013657668785947998,336.28618920504,1.741773463451051
116,2022-10-25 19:45:00,117,1,pc,0,1,1313.131056783972,358.37664,1.6998842173133968,0.45711306122448986,0.950644,0.0013657668785947998,340.68860255616,1.7435056552238128
117,2022-10-25 19:48:12,118,1,pc,0,0,1320.00332308,363.34890000000007,1.6516582083736742,0.4634552295918368,0.950644,0.0013657668785947998,345.4154516916,1.7046148794138798
118,2022-10-25 19:51:24,119,0,bc,1,1,1326.1324791160278,9.037302,0.053392148689623935,0.011527170918367297,0.950644,0.0013657668785947998,8.591256922488002,0.053373161236403115
119,2022-10-25 19:54:38,120,1,bc,0,0,1319.071017603972,8.970978,0.02681768343993855,0.011442573979591784,0.950644,0.0013657668785947998,8.528206409832,0.030304990184405696
120,2022-10-25 19:57:46,121,1,bc,0,0,1310.5463017800002,8.928726000000001,0.02746533181167518,0.01138868112244893,0.950644,0.0013657668785947998,8.488039799544001,0.030783783249938208
121,2022-10-25 20:01:02,122,1,mc,0,1,1297.18344046,149.95409999999998,0.18520549283504176,0.1912679846938775,0.950644,0.0013657668785947998,142.55296544040002,0.3255826156442167
122,2022-10-25 20:04:14,123,1,mc,0,0,1320.8902433839721,149.68386,0.16955317270072362,0.19092329081632647,0.950644,0.0013657668785947998,142.29606340584002,0.31735744198526333
123,2022-10-25 20:07:27,124,1,mc,0,0,1258.8566675799998,149.70534,0.1679320576900073,0.19095068877551016,0.950644,0.0013657668785947998,142.31648323896005,0.31661138221482504
124,2022-10-25 20:10:32,125,1,mc,0,0,1306.3763541399999,149.51897999999997,0.15966304221969543,0.19071298469387754,0.950644,0.0013657668785947998,142.13932122312002,0.31242386938971617
125,2022-10-25 20:13:48,126,0,None,1,1,1324.7277326800001,0.0,0.0,0.0,0.950644,0.0,0.0,0.0
126,2022-10-25 20:16:56,127,0,None,1,1,1303.210890456028,0.0,0.0,0.0,0.950644,0.0,0.0,0.0
127,2022-10-25 20:20:10,128,0,bc,1,1,1290.5791095400002,3.4363398,0.03227737547077452,0.005824340397553089,0.950644,0.0013657668785947998,3.2667358128312003,0.031531085083723584
128,2022-10-25 20:23:21,129,0,mc,1,1,1315.596608043972,79.13562,0.08615582020927173,0.10093829081632649,0.950644,0.0013657668785947998,75.22980233928001,0.16612427188329798
129,2022-10-25 20:26:34,130,1,mc,0,1,1301.929722436028,78.91038000000002,0.07990253130204618,0.10065099489795916,0.950644,0.0013657668785947998,75.01567928472,0.16291130977477325
130,2022-10-25 20:29:54,131,1,mc,0,1,1296.73396538,78.53274000000002,0.10211381685756446,0.10016931122448976,0.950644,0.0013657668785947998,74.65667808456003,0.173191688271131
131,2022-10-25 20:33:01,132,1,mc,0,0,1287.906318443972,78.46811999999998,0.07205276033009687,0.100086887755102,0.950644,0.0013657668785947998,74.59524746928001,0.15883939697021843
132,2022-10-26 16:39:47,133,0,None,0,0,1327.045099223972,0.0,0.0,0.0,0.950644,0.0,0.0,0.0
133,2022-10-26 16:42:57,134,0,None,0,0,1351.203564563972,0.0,0.0,0.0,0.950644,0.0,0.0,0.0
134,2022-10-26 16:46:10,135,0,bc,1,1,1317.3403745039723,1.2397703999999998,0.028120321141932633,0.005795164153192855,0.950644,0.0013657668785947998,1.1785802921376,0.027346656896215397
135,2022-10-26 16:49:19,136,1,bc,0,0,1372.11618564,1.1858562,0.03088615480443283,0.00579389303130979,0.950644,0.0013657668785947998,1.1273270813928,0.029917754709205414
136,2022-10-26 16:52:33,137,1,bc,0,0,1363.9676725839722,1.1560344000000002,0.02974151824695401,0.005793166516116517,0.950644,0.0013657668785947998,1.0989771661535999,0.02884820178713986
137,2022-10-26 16:55:40,138,0,bc,1,1,1370.4178040239722,7.257389999999999,0.027895269145107125,0.009256874999999946,0.950644,0.0013657668785947998,6.89919425916,0.02964649985915167
138,2022-10-26 16:58:47,139,0,bc,1,1,1366.351202843972,7.241123999999999,0.03305948266229079,0.00923612755102036,0.950644,0.0013657668785947998,6.883731083856,0.03409700255071559
139,2022-10-26 17:11:57,140,0,None,0,0,1355.9662507399999,0.0,0.0,0.0,0.950644,0.0,0.0,0.0
140,2022-10-26 17:15:08,141,0,bc,1,1,1367.0675197960281,4.347312,0.0425442501761501,0.005831089439928892,0.950644,0.0013657668785947998,4.132746068928001,0.041252071179360646
141,2022-10-26 17:18:19,142,0,bc,1,1,1376.6853022560279,2.1234402,0.024727129644054876,0.0058105481255284535,0.950644,0.0013657668785947998,2.0186356854887997,0.024320516023382775
142,2022-10-26 17:21:29,143,0,bc,1,1,1371.6404638400002,2.1045162,0.028607119525610077,0.005810291263577766,0.950644,0.0013657668785947998,2.0006456984328,0.027898905078572206
143,2022-10-26 17:24:43,144,0,bc,1,1,1406.7044413400001,1.6786085999999998,0.022880999395323915,0.005803824300094019,0.950644,0.0013657668785947998,1.5957591939384,0.022557329873096534
144,2022-10-26 17:27:50,145,0,bc,1,1,1385.038867483972,2.7717516,2.4944667014314597,0.005112465809124307,0.950644,0.0010698507215659266,2.6349490280304,2.371356637467715
145,2022-10-26 17:30:56,146,0,mc,1,1,1388.1551188960282,62.73198,0.07294994522598663,0.08001528061224485,0.950644,0.0013657668785947998,59.63578039512,0.13392527585814354
146,2022-10-26 17:34:04,147,0,mc,0,1,1396.45345676,62.83482000000001,0.0729067730689143,0.08014645408163261,0.950644,0.0013657668785947998,59.733544624080004,0.13406476989647167
147,2022-10-26 17:37:15,148,0,mc,0,0,1396.8662956839719,62.730540000000005,0.06504301888046707,0.08001344387755098,0.950644,0.0013657668785947998,59.63441146776001,0.13018956726906705
148,2022-10-26 17:40:29,149,0,mc,0,0,1382.901400223972,62.408100000000005,0.07389790942204882,0.0796021683673469,0.950644,0.0013657668785947998,59.3278858164,0.13389021701533374
149,2022-10-26 17:43:42,150,0,mc,1,1,1383.18245896,93.1221,0.13113099932148337,0.11877818877551016,0.950644,0.0013657668785947998,88.52596563239999,0.21086808259312365
150,2022-10-26 17:46:52,151,0,mc,0,0,1359.8267059160282,92.94906,0.096769649955667,0.1185574744897959,0.950644,0.0013657668785947998,88.36146619463999,0.19308265056608373
151,2022-10-26 17:50:01,152,0,mc,0,0,1361.07615904,92.78873999999999,0.11275983958718974,0.11835298469387752,0.950644,0.0013657668785947998,88.20905894856,0.2005229051115289
152,2022-10-26 17:53:08,153,0,mc,0,1,1335.5408344039718,77.63723999999999,0.0771422353485826,0.09902709183673465,0.950644,0.0013657668785947998,73.80537638256,0.1596356121014547
153,2022-10-26 17:56:19,154,0,mc,0,0,1344.22248396,77.82216000000001,0.08905628614362303,0.09926295918367346,0.950644,0.0013657668785947998,73.98116947103999,0.16543542877664394
154,2022-10-26 17:59:30,155,0,mc,0,0,1329.156319763972,77.76066,0.07866426664920773,0.0991845153061224,0.950644,0.0013657668785947998,73.92270486504002,0.1605048731288437
155,2022-10-26 18:02:45,156,0,pc,1,1,1349.258026443972,1010.1864,96.17586452003574,1.2885030612244897,0.950644,0.0013657668785947998,960.3276400415999,91.44762171841737
156,2022-10-26 18:05:47,157,0,pc,0,0,1350.9744526800002,1098.945,31.64831956981634,1.4017155612244898,0.950644,0.0013657668785947998,1044.70547058,30.15315743601869
157,2022-10-26 18:08:58,158,0,pc,0,0,1347.8046143239721,1099.4778,29.433729485353187,1.4023951530612244,0.950644,0.0013657668785947998,1045.2119737032,28.052959317427444
158,2022-10-26 18:12:05,159,0,pc,0,0,1340.17228698,1103.8817999999999,29.01130759256654,1.4080125000000003,0.950644,0.0013657668785947998,1049.3986098792,27.65301677615348
159,2022-10-26 18:15:16,160,0,pc,0,0,1371.979483863972,1096.053,29.33622703202607,1.398026785714286,0.950644,0.0013657668785947998,1041.956208132,27.960059232812178
160,2022-10-26 18:18:28,161,0,pc,0,0,1338.0703620439722,1090.0710000000001,29.42539463266612,1.3903966836734696,0.950644,0.0013657668785947998,1036.269455724,28.04383128602645
161,2022-10-26 18:21:38,162,0,pc,0,0,1348.0506773239717,1075.4388000000001,24.66350916019282,1.3717331632653065,0.950644,0.0013657668785947998,1022.3594425872001,23.528343658078843
162,2022-10-26 18:24:49,163,0,pc,0,0,1308.7336376800001,1072.5659999999998,28.101444353976913,1.3680688775510206,0.950644,0.0013657668785947998,1019.628432504,26.78619344186918
163,2022-10-26 18:28:01,164,0,pc,0,0,1374.487139456028,1074.975,35.02359671489292,1.3711415816326533,0.950644,0.0013657668785947998,1021.9185338999998,33.35280651273378
164,2022-10-26 18:31:09,165,0,pc,0,0,1345.627230396028,1061.0832,32.59474453884463,1.353422448979592,0.950644,0.0013657668785947998,1008.7123775808001,31.04654005205125
165,2022-10-26 18:34:18,166,0,None,1,1,1335.351639516028,44.14224,108.48555730451051,0.08200532841298648,0.950644,0.0002503905944090467,41.96355560256,103.13117419503371
166,2022-10-26 18:37:29,167,0,None,1,1,1349.6008742239721,0.0,0.0,0.0,0.950644,0.0,0.0,0.0
167,2022-10-26 18:40:38,168,0,None,1,1,1342.7985993999998,0.0,0.0,0.0,0.950644,0.0,0.0,0.0
168,2022-10-26 18:43:48,169,0,None,0,0,1320.8333756000002,0.0,0.0,0.0,0.950644,0.0,0.0,0.0
169,2022-10-26 18:47:00,170,0,None,0,0,1363.146915996028,0.0,0.0,0.0,0.950644,0.0,0.0,0.0
170,2022-10-26 18:50:03,171,1,bc,0,1,1337.17688006,0.9920898000000001,0.026271408725721153,0.0057888041658845325,0.950644,0.0013657668785947998,0.9431242158311998,0.025609733263096384
171,2022-10-26 18:53:10,172,1,bc,0,1,1314.892321276028,0.9530519999999998,0.024219217059662585,0.005787660651921303,0.950644,0.0013657668785947998,0.906013165488,0.023707892498765735
172,2022-10-26 18:56:26,173,1,bc,0,1,1319.431910003972,0.9230562,0.021377052209780027,0.005786750685176605,0.950644,0.0013657668785947998,0.8774978381928,0.021091092231793902
173,2022-10-26 18:59:36,174,1,bc,0,0,1324.2230302360279,0.8887562999999997,0.025487027162919364,0.005785667521361489,0.950644,0.0013657668785947998,0.8448908440571999,0.02487515587182917
174,2022-10-26 19:02:44,175,1,bc,0,0,1304.1224170599999,0.8699535,0.02430793986104407,0.005785058860029426,0.950644,0.0013657668785947998,0.827016075054,0.02378329945129945
175,2022-10-26 19:05:49,176,0,bc,1,1,1299.18147202,4.424394,0.024824342154220972,0.0058315951000213,0.950644,0.0013657668785947998,4.206023609736,0.024983306249435126
176,2022-10-26 19:09:02,177,1,bc,0,1,1307.900851236028,4.454513999999999,0.023938756690028946,0.005831789997454577,0.950644,0.0013657668785947998,4.234657007016001,0.024200003574428062
177,2022-10-26 19:12:09,178,1,bc,0,0,1336.06631572,4.43124,0.027422551155288365,0.005831639410831081,0.950644,0.0013657668785947998,4.21253171856,0.02733053579618296
178,2022-10-26 19:15:22,179,1,bc,0,0,1298.337202636028,4.43025,0.020932705251652015,0.00583163321657195,0.950644,0.0013657668785947998,4.211590581,0.021525258360853203
179,2022-10-26 19:18:35,180,0,bc,1,1,1307.559643876028,3.5381909999999994,0.024363778712517943,0.005825178872312925,0.950644,0.0013657668785947998,3.363560045004,0.024299428939233134
180,2022-10-26 19:21:45,181,0,bc,1,1,1306.26808642,3.5160546,0.026149465217463273,0.0058249987119219524,0.950644,0.0013657668785947998,3.3425162091623997,0.025916900186743315
181,2022-10-26 19:25:28,182,0,bc,1,1,1318.9206458799997,0.7290701999999999,0.026158134421894432,0.005780020494403453,0.950644,0.0013657668785947998,0.6930862112088001,0.025486369531643547
182,2022-10-26 19:28:10,183,0,bc,0,0,1310.747526523972,0.7188522,0.02403074381633041,0.00577962091811686,0.950644,0.0013657668785947998,0.6833725308167999,0.02351662027478617
183,2022-10-26 19:31:15,184,0,bc,0,0,1299.326375896028,0.7130262,0.02255370072440667,0.005779391018046929,0.950644,0.0013657668785947998,0.6778340788728001,0.022154699702488827
184,2022-10-26 19:34:27,185,0,bc,0,0,1296.61585514,0.7004058000000002,0.026260158734723617,0.005778876969996004,0.950644,0.0013657668785947998,0.6658365713351999,0.025579282967149314
185,2022-10-26 19:37:39,186,0,bc,0,0,1323.991731016028,0.6950364,0.021319740497673406,0.005778664700111494,0.950644,0.0013657668785947998,0.6607321834416002,0.021020228305138555
186,2022-10-26 19:40:57,187,0,bc,1,1,1289.776397243972,1.7631456000000003,0.021994788981614777,0.005805229322422883,0.950644,0.0013657668785947998,1.6761237857664,0.021758907209580795
187,2022-10-26 19:44:07,188,0,bc,1,1,1295.137289803972,1.7640198,0.022096293453113394,0.0058052434929085316,0.950644,0.0013657668785947998,1.6769548387512,0.021851785000000765
188,2022-10-26 19:47:24,189,0,bc,0,0,1268.74347892,1.7510502000000003,0.027063970935669788,0.005805031350903892,0.950644,0.0013657668785947998,1.6646253663288,0.026421843209758402
189,2022-10-26 19:50:33,190,0,mc,1,1,1302.23593406,82.55142000000002,0.2512102710304382,0.10529517857142853,0.950644,0.0013657668785947998,78.47701211448002,0.2824221400448871
190,2022-10-26 19:53:43,191,0,mc,1,1,1275.15916154,82.93769999999999,0.07699951573697618,0.10578788265306117,0.950644,0.0013657668785947998,78.84422687880001,0.16823393458283029
191,2022-10-26 19:56:53,192,0,mc,1,1,1297.7067344400002,82.86594,0.09150068852200002,0.10569635204081629,0.950644,0.0013657668785947998,78.77600866536001,0.17455994492765178
192,2022-10-26 20:00:04,193,0,mc,1,1,1293.5592057639722,49.155240000000006,0.06624280760446376,0.0626980102040816,0.950644,0.0013657668785947998,46.72913397456,0.10965979216983571
193,2022-10-26 20:03:09,194,1,mc,0,0,1277.4836366799998,49.12728,0.07152698862453837,0.06266234693877547,0.950644,0.0013657668785947998,46.70255396832,0.11257892964649262
194,2022-10-26 20:06:14,195,1,mc,0,0,1288.61060554,49.158060000000006,0.07811222955965108,0.06270160714285711,0.950644,0.0013657668785947998,46.731814790639994,0.11651027991263144
195,2022-10-26 20:09:25,196,0,mc,1,1,1490.348910223972,74.80811999999999,0.08272426897813066,0.09541852040816322,0.950644,0.0013657668785947998,71.11589042928,0.1576432389892802
196,2022-10-26 20:12:34,197,0,bc,1,1,1286.662333496028,12.918738,0.03258038542706748,0.016477982142857093,0.950644,0.0013657668785947998,12.281120767271998,0.03893557741918583
197,2022-10-26 20:15:41,198,1,bc,0,0,1313.132150616028,12.823368,0.026974032258288462,0.01635633673469383,0.950644,0.0013657668785947998,12.190457848992002,0.034728259478683826
198,2022-10-26 20:18:52,199,1,bc,0,0,1262.09649708,12.761087999999997,0.02558353368735846,0.01627689795918363,0.950644,0.0013657668785947998,12.131251740671997,0.03368518649865784
199,2022-10-26 20:21:58,200,1,bc,0,0,1284.177643783972,12.732821999999999,0.02480875780301812,0.016240844387755058,0.950644,0.0013657668785947998,12.104380837368,0.03312105458575155
200,2022-10-26 20:25:08,201,0,bc,1,1,1268.742932003972,8.716745999999999,0.026244535392460386,0.011118298469387698,0.950644,0.0013657668785947998,8.286522284424,0.029595749487331024
201,2022-10-26 20:28:18,202,0,bc,1,1,1293.0840308799998,6.717636,0.024208557892907174,0.008568413265306071,0.950644,0.0013657668785947998,6.386080357584001,0.02607980522669663
202,2022-10-26 20:31:29,203,0,bc,1,1,1208.202685316028,6.680459999999999,0.025762245927989987,0.008520994897959138,0.950644,0.0013657668785947998,6.35073921624,0.027361635163129575
203,2022-10-26 20:34:39,204,0,bc,1,1,1258.926658723972,7.362545999999998,0.9985225134475911,0.00939100255102037,0.950644,0.0013430040972848866,6.999160179624,0.9493329125162455
204,2022-10-26 20:37:46,205,0,bc,1,1,1221.03678448,2.9877594000000003,0.02434155181131744,0.005820329574437715,0.950644,0.0013657668785947998,2.8402955470536004,0.02413985242108288
205,2022-10-26 20:40:55,206,0,bc,1,1,1260.861807736028,2.9476584,0.02571562494565828,0.005819942108168341,0.950644,0.0013657668785947998,2.8021737720096005,0.02538591279348362
206,2022-10-27 16:37:23,207,1,None,0,0,1418.60076718,0.0,0.0,0.0,0.950644,0.0,0.0,0.0
207,2022-10-27 16:40:43,208,0,bc,1,1,1386.152712663972,8.517921,5.048128292490285,0.01129596766120634,0.950644,0.0013430040972848866,8.097510491124,4.79899852151958
208,2022-10-27 16:43:54,209,0,bc,1,1,1431.561178683972,7.354326,0.5003451277925695,0.00938051785714281,0.950644,0.0013657668785947998,6.991345885944001,0.47583970185159324
209,2022-10-27 16:47:07,210,0,bc,1,1,1377.5476162599998,7.074330000000001,0.02399827748055882,0.00902338010204077,0.950644,0.0013657668785947998,6.725169368520001,0.026218405975291927
210,2022-10-27 16:50:19,211,0,bc,1,1,1435.2800108239721,7.389006,0.023861891694797334,0.00942475255102036,0.950644,0.0013657668785947998,7.024314219864,0.026394830033332015
211,2022-10-27 16:53:34,212,0,bc,0,0,1408.370561143972,7.3533539999999995,0.025009297064512145,0.009379278061224449,0.950644,0.0013657668785947998,6.990421859975998,0.02730586485276399
212,2022-10-27 16:56:43,213,0,bc,1,1,1400.2264227599999,3.518235,0.027169557327198623,0.005825016436775605,0.950644,0.0013657668785947998,3.344588993340001,0.02684899149812704
213,2022-10-27 16:59:56,214,0,bc,1,1,1415.353282496028,0.7716270000000002,0.025331475682857214,0.005781638646328208,0.950644,0.0013657668785947998,0.7335425777880001,0.024722958052159915
214,2022-10-27 17:03:09,215,0,bc,1,1,1396.324957083972,2.3829504,0.025650489408355074,0.0058138489179831295,0.950644,0.0013657668785947998,2.2653375000576004,0.025213920944820306
215,2022-10-27 17:06:23,216,1,bc,0,0,1387.0183078360283,2.3680937999999996,0.026702388587883024,0.00581366969279123,0.950644,0.0013657668785947998,2.2512141624072,0.02617969250216259
216,2022-10-27 17:09:34,217,1,bc,0,0,1375.14604138,2.3477424,0.023674386774010098,0.005813422920542443,0.950644,0.0013657668785947998,2.2318672261056003,0.0233952933159863
217,2022-10-27 17:12:49,218,0,bc,0,1,1416.9833130599998,33.566634,0.052516050466596687,0.04281458418367343,0.950644,0.0013657668785947998,31.909919212296,0.07906142670689391
218,2022-10-27 17:15:58,219,0,bc,0,0,1395.293132903972,33.753606,0.039427639844769165,0.043053068877550976,0.950644,0.0013657668785947998,32.087663022264,0.07214676688454622
219,2022-10-27 17:19:10,220,0,bc,1,1,1421.349017596028,0.0,0.0,0.0,0.950644,0.0,0.0,0.0
220,2022-10-27 17:22:21,221,0,bc,0,0,1397.2539817200002,8.35167,0.02477667314639698,0.010652640306122396,0.950644,0.0013657668785947998,7.939464975479999,0.028061388070663867
221,2022-10-27 17:25:44,222,0,bc,0,0,1407.1205611039718,8.300429999999999,0.02719601728070127,0.010587283163265255,0.950644,0.0013657668785947998,7.89075397692,0.029970476743231524
222,2022-10-27 17:28:57,223,0,bc,0,0,1407.562381,8.27967,0.0248483810474238,0.010560803571428523,0.950644,0.0013657668785947998,7.87101860748,0.028047516118045398
223,2022-10-27 17:32:14,224,0,bc,0,1,1405.5293537039722,4.682303999999999,0.03347466551268952,0.005833222264451386,0.950644,0.0013657668785947998,4.451204203776,0.032928963186955096
224,2022-10-27 17:35:24,225,0,bc,0,0,1408.792149083972,4.656654,0.025351548423274372,0.0058330647606812105,0.950644,0.0013657668785947998,4.426820185175999,0.02553471361475172
225,2022-10-27 17:38:45,226,0,bc,0,0,1395.23134386,4.65465,0.028435658325538658,0.00583305228707844,0.950644,0.0013657668785947998,4.4249150946,0.028317865618407212
226,2022-10-27 17:41:52,227,0,bc,0,0,1412.1369654639718,4.654956000000001,0.023427757200757165,0.005833054343770463,0.950644,0.0013657668785947998,4.425205991664,0.023815655581511424
227,2022-10-27 17:45:11,228,0,bc,0,0,1397.081190703972,24.772452,0.028536572359586017,0.031597515306122405,0.950644,0.0013657668785947998,23.549782859088,0.05275333437855253
228,2022-10-27 17:48:23,229,0,bc,0,0,1425.55614798,24.795480000000005,0.028636979293403992,0.031626887755102,0.950644,0.0013657668785947998,23.571674289120004,0.052838524392922394
229,2022-10-27 17:51:35,230,0,bc,0,0,1362.9626420400002,24.817505999999998,0.028550464937292883,0.03165498214285709,0.950644,0.0013657668785947998,23.592613173863995,0.05283070630684613
230,2022-10-27 17:54:43,231,1,bc,0,0,1403.37766958,1.4639358000000002,0.0286808567626089,0.0057999115440628855,0.950644,0.0013657668785947998,1.3916817846552,0.027888952333267065
231,2022-10-27 17:57:57,232,1,bc,0,0,1360.7825238599999,6.2183280000000005,0.027888273752266372,0.007931540816326483,0.950644,0.0013657668785947998,5.911416203232,0.02884192621825128
232,2022-10-27 18:01:09,233,1,bc,0,0,1397.3644367760278,6.2162880000000005,0.026349948239102708,0.007928938775510154,0.950644,0.0013657668785947998,5.909476889472002,0.02750216248125382
233,2022-10-27 18:04:28,234,1,bc,0,0,1368.1239502760282,6.204408000000001,0.024814338993030188,0.007913785714285663,0.950644,0.0013657668785947998,5.898183238752,0.026170071425752884
234,2022-10-27 18:07:45,235,1,pc,0,0,1403.9715016200003,546.3504,5.304097000416807,0.6968755102040817,0.950644,0.0013657668785947998,519.3847296576,5.140091998666636
235,2022-10-27 18:11:05,236,1,pc,0,0,1355.4495184399998,562.1658,4.274609462982186,0.7170482142857143,0.950644,0.0013657668785947998,534.4195447752,4.191331329655689
236,2022-10-27 18:14:15,237,1,pc,0,0,1371.244575703972,566.0634000000001,4.595328671596838,0.7220196428571429,0.950644,0.0013657668785947998,538.1247748296001,4.489187431852257
237,2022-10-27 18:17:48,238,1,pc,0,0,1398.9583781000001,565.9668,3.8078420633819725,0.7218964285714287,0.950644,0.0013657668785947998,538.0329426192,3.7645915874164895
238,2022-10-27 18:20:59,239,1,pc,0,0,1406.81763032,566.2074,4.690443328401821,0.7222033163265308,0.950644,0.0013657668785947998,538.2616675656001,4.577283962491255
239,2022-10-27 18:24:24,240,1,pc,0,0,1423.0288076760282,564.0971999999999,4.144875655144572,0.7195117346938776,0.950644,0.0013657668785947998,536.2556185968,4.072761196391636
240,2022-10-27 18:27:36,241,1,pc,0,0,1421.91441558,564.0966,4.162152625908373,0.7195109693877552,0.950644,0.0013657668785947998,536.2550482104001,4.088653107421837
241,2022-10-27 18:30:59,242,0,None,1,1,1398.4662521000002,0.0,0.0,0.0,0.950644,0.0,0.0,0.0
242,2022-10-27 18:34:10,243,0,None,0,0,1429.120233723972,0.0,0.0,0.0,0.950644,0.0,0.0,0.0
243,2022-10-27 18:37:31,244,0,bc,0,0,1420.2931337039722,2.8939332,0.030183738680042333,0.0058194144294027314,0.950644,0.0013657668785947998,2.7511002329808005,0.029488505814960205
244,2022-10-27 18:40:34,245,0,bc,0,0,1427.040181163972,2.7547086,0.0249088171205652,0.005818001876291892,0.950644,0.0013657668785947998,2.6187472023384,0.024606095289896324
245,2022-10-27 18:43:52,246,0,bc,0,0,1463.9228378560279,12.240221999999997,0.023755662932360727,0.015612528061224444,0.950644,0.0013657668785947998,11.636093602968,0.031776585528338085
246,2022-10-27 18:47:06,247,0,bc,0,0,1441.68147658,12.158873999999997,0.02773602816383564,0.01550876785714281,0.950644,0.0013657668785947998,11.558760614855998,0.034472514103682544
247,2022-10-27 18:50:26,248,0,bc,0,0,1380.384995943972,12.249624,0.028100477539823077,0.015624520408163216,0.950644,0.0013657668785947998,11.645031557855999,0.034844414895955814
248,2022-10-27 18:53:33,249,1,bc,0,0,1384.1267939639722,6.975882,0.02990284872773662,0.008897808673469338,0.950644,0.0013657668785947998,6.6315803680080005,0.031151450934877672
249,2022-10-27 18:56:57,250,0,bc,0,0,1386.2117677839722,15.023946,0.029053514924902376,0.019163196428571387,0.950644,0.0013657668785947998,14.282424121223999,0.03893263750363068
250,2022-10-27 19:00:07,251,0,bc,0,0,1367.3201444760282,14.997852,0.021841829314336373,0.019129913265306078,0.950644,0.0013657668785947998,14.257618016688001,0.034371983007268576
251,2022-10-27 19:03:28,252,1,bc,0,0,1359.1989716439718,23.409582000000004,0.025345072251971395,0.029859160714285668,0.950644,0.0013657668785947998,22.254178670808,0.04907617737825299
252,2022-10-27 19:06:40,253,1,bc,0,0,1380.7579182,16.822956,0.02834684421499418,0.021457852040816277,0.950644,0.0013657668785947998,15.992642183664,0.04086807077500134
253,2022-10-27 19:09:59,254,1,bc,0,0,1330.7092509160282,16.792332000000002,0.026456562211817903,0.02141879081632649,0.950644,0.0013657668785947998,15.963529661808002,0.03966289356884863
254,2022-10-27 19:13:12,255,0,bc,0,0,1382.2840557160278,2.3270423999999994,0.02601468288616636,0.005813169040769844,0.950644,0.0013657668785947998,2.2121888953056,0.02553914752642056
255,2022-10-27 19:16:39,256,0,bc,0,0,1355.1963468439722,2.3043912,0.027485359128088548,0.00581288876747108,0.950644,0.0013657668785947998,2.1906556679328,0.026891551691009683
256,2022-10-27 19:19:48,257,1,bc,0,0,1388.9550969400002,11.053500000000001,0.022073305912307384,0.014098852040816281,0.950644,0.0013657668785947998,10.507943454000001,0.029118151743378107
257,2022-10-27 19:23:44,258,1,bc,0,0,1347.9517055360282,11.038308000000002,0.02605768235072957,0.014079474489795863,0.950644,0.0013657668785947998,10.493501270351999,0.03193831878620359
258,2022-10-27 19:26:24,259,1,bc,0,0,1386.715376723972,11.016617999999998,0.027733514865225045,0.01405180867346934,0.950644,0.0013657668785947998,10.472881801992001,0.0331651440661466
259,2022-10-27 19:29:30,260,1,bc,0,0,1354.700940003972,11.004617999999999,0.02643838342195126,0.014036502551020357,0.950644,0.0013657668785947998,10.461474073992001,0.03218136568996272
260,2022-10-27 19:32:38,261,1,bc,0,0,1397.2534348039721,11.009862,0.02811927566152466,0.014043191326530566,0.950644,0.0013657668785947998,10.466459251127997,0.03344999069916451
261,2022-10-27 19:35:58,262,0,bc,0,0,1356.411898063972,0.9769470000000001,0.026498008087593474,0.005788365157829984,0.950644,0.0013657668785947998,0.928728803868,0.025818685509965696
262,2022-10-27 19:39:06,263,0,bc,0,0,1358.8238623799998,0.9677525999999997,0.02956082298641055,0.005788092988480966,0.950644,0.0013657668785947998,0.9199882026744001,0.028665933918852332
263,2022-10-27 19:42:34,264,0,bc,0,0,1344.93606666,0.9699336,0.02645106901508289,0.005788159684763372,0.950644,0.0013657668785947998,0.9220615572383999,0.025774615499781228
264,2022-10-27 19:45:45,265,0,bc,0,0,1373.044116443972,0.9650165999999999,0.025630026721320313,0.005788015343409256,0.950644,0.0013657668785947998,0.9173872406903999,0.025013348462885297
265,2022-10-27 19:48:59,266,0,None,0,0,1357.822659263972,0.0,0.0,0.0,0.950644,0.0,0.0,0.0
266,2022-10-27 19:52:09,267,0,None,0,0,1366.7798993800002,0.0,0.0,0.0,0.950644,0.0,0.0,0.0
267,2022-10-27 19:55:21,268,0,None,0,0,1362.293897596028,0.0,0.0,0.0,0.950644,0.0,0.0,0.0
268,2022-10-27 19:58:31,269,0,None,0,0,1377.57222256,0.0,0.0,0.0,0.950644,0.0,0.0,0.0
269,2022-10-27 20:01:40,270,0,None,0,0,1355.7108921360282,0.0,0.0,0.0,0.950644,0.0,0.0,0.0
270,2022-10-27 20:04:44,271,0,bc,0,0,1384.556037416028,0.6735791999999999,0.02517297196571039,0.0057777658346122186,0.950644,0.0013657668785947998,0.6403340250047999,0.024570011058051355
271,2022-10-27 20:08:02,272,0,bc,0,0,1355.2800082639721,26.695668,0.04163583352378494,0.03405059693877547,0.950644,0.0013657668785947998,25.378076610191997,0.06279965479186032
272,2022-10-27 20:11:05,273,0,bc,0,1,1351.18278602,19.799951999999998,0.024280565486392267,0.025255040816326492,0.950644,0.0013657668785947998,18.822705569087994,0.042900740675220414
273,2022-10-27 20:14:15,274,0,None,1,1,1350.1050300799998,1.4769108,5.034571435563067,0.0020355506366845867,0.950644,0.00015933946916939335,1.4040163905551997,4.786085524766289
274,2022-10-28 16:41:12,275,0,bc,1,1,1358.349781,7.782855000000001,8.282242382702007,0.010014046813253723,0.950293875,0.0010666753563311683,7.395999436513125,7.870574338915289
275,2022-10-28 16:44:22,276,0,bc,0,0,1370.1263561800001,6.448415999999999,0.08449795879993756,0.008225020408163215,0.950293875,0.0013617132208482998,6.127890228252,0.08115385653701043
276,2022-10-28 16:47:43,277,0,bc,1,1,1370.0673010599999,3.1717812,0.02876337796149701,0.005822042894101143,0.950293875,0.0013617132208482998,3.01412424720015,0.028220445707234504
277,2022-10-28 16:50:52,278,1,bc,0,0,1362.99545044,3.112113000000001,0.02774819315785129,0.005821498410189429,0.950293875,0.0013617132208482998,2.957421922207875,0.027274244182575985
278,2022-10-28 16:54:18,279,1,bc,0,0,1356.37143448,3.0841074,0.026896109406254667,0.005821239291830944,0.950293875,0.0013617132208482998,2.930808372062175,0.02648607421009155
279,2022-10-28 16:57:24,280,1,bc,0,0,1372.327252903972,3.0825504000000006,0.027909209047692438,0.005821224728613427,0.950293875,0.0013617132208482998,2.9293287644987993,0.0274159608423818
280,2022-10-28 17:00:48,281,0,bc,1,1,1352.2129697799999,19.857264000000004,0.03381518599782951,0.02532814285714281,0.950293875,0.0013617132208482998,18.870236353457997,0.04840556652643771
281,2022-10-28 17:03:49,282,0,bc,0,0,1365.946019103972,19.91439,0.026759919054373246,0.025401007653061185,0.950293875,0.0013617132208482998,18.924522841361252,0.04432500989732281
282,2022-10-28 17:07:10,283,0,None,1,1,1372.5585521239718,0.0,0.0,0.0,0.950293875,0.0,0.0,0.0
283,2022-10-28 17:10:16,284,0,bc,1,1,1365.61520118,1.4892515999999998,0.029535587724136607,0.005800401152225738,0.950293875,0.0013617132208482998,1.41522667381395,0.02867541616122799
284,2022-10-28 17:13:38,285,0,bc,0,0,1380.913211183972,1.4633784,0.025396897973664942,0.005799901862479322,0.950293875,0.0013617132208482998,1.3906395303272998,0.024835933831204863
285,2022-10-28 17:16:43,286,0,bc,0,0,1364.1836614360282,1.4510772000000003,0.025235137217776323,0.005799660707595013,0.950293875,0.0013617132208482998,1.3789497753121502,0.02468518396154809
286,2022-10-28 17:20:05,287,0,bc,0,0,1393.1808188599998,1.4399802,0.027942118657645953,0.0057994403858884595,0.950293875,0.0013617132208482998,1.3684043641812749,0.027189917879375365
287,2022-10-28 17:23:05,288,0,bc,0,0,1398.15293188,1.427538,0.023114253493813543,0.005799194127931127,0.950293875,0.0013617132208482998,1.3565806177297504,0.02272938755331693
288,2022-10-28 17:26:29,289,0,bc,1,1,1389.853500183972,2.5740011999999997,0.027728567172698435,0.005816057582070158,0.950293875,0.0013617132208482998,2.4460575746026505,0.02715088155994929
289,2022-10-28 17:29:29,290,0,bc,1,1,1432.2102384160282,6.056178000000001,0.024226915330695223,0.007724716836734652,0.950293875,0.0013617132208482998,5.75514885930975,0.02553311944360029
290,2022-10-28 17:32:54,291,0,bc,1,1,1390.892979876028,10.176882,0.030395635212970933,0.012980716836734638,0.950293875,0.0013617132208482998,9.671028631197752,0.03432986067109643
291,2022-10-28 17:35:55,292,1,bc,0,0,1374.361373703972,10.171800000000001,0.027984871457780027,0.0129742346938775,0.950293875,0.0013617132208482998,9.666199237725,0.03242063767421672
292,2022-10-28 17:39:24,293,1,bc,0,0,1432.289525163972,10.172328,0.026390930953836718,0.01297490816326526,0.950293875,0.0013617132208482998,9.666700992891,0.031190763876301906
293,2022-10-28 17:42:30,294,1,bc,0,0,1378.390245223972,18.592242000000002,0.025635908528891676,0.023714594387755066,0.950293875,0.0013617132208482998,17.668093695117747,0.04174109976438199
294,2022-10-28 17:45:59,295,1,bc,0,0,1381.271916576028,18.585366000000004,0.025548910700186642,0.023705823979591794,0.950293875,0.0013617132208482998,17.66155947443325,0.041682712592209
295,2022-10-28 17:49:02,296,0,bc,1,1,1428.8123816799998,7.966049999999999,0.03365196677456787,0.010160778061224448,0.950293875,0.0013617132208482998,7.570088522943749,0.0351222677453996
296,2022-10-28 17:52:30,297,0,pc,1,1,1391.2057531799999,578.3004,130.89429243725965,0.7376280612244899,0.950293875,0.0013617132208482998,549.55532803005,124.3925120614564
297,2022-10-28 17:55:26,298,1,pc,0,0,1368.4667980560278,451.92540000000014,2.2938573626099816,0.5764354591836737,0.950293875,0.0013617132208482998,429.461939576925,2.3303370846161706
298,2022-10-28 17:58:54,299,0,bc,1,1,1509.63259424,7.745885999999999,0.053060166846351876,0.009879956632653014,0.950293875,0.0013617132208482998,7.360868022248249,0.052362754563787174
299,2022-10-28 18:01:55,300,0,pc,0,1,1410.56927086,614.1492,5.177713561219268,0.7833535714285715,0.950293875,0.0013617132208482998,583.6222230961499,5.046125626940563
300,2022-10-28 18:05:17,301,0,pc,0,0,1366.314567016028,626.8074,4.663432696550277,0.7994992346938775,0.950293875,0.0013617132208482998,595.6512330246751,4.5765826580154
301,2022-10-28 18:08:16,302,0,bc,0,0,1364.600874703972,9.598932,0.08425591244757172,0.01224353571428567,0.950293875,0.0013617132208482998,9.121806286141497,0.08195784333760803
302,2022-10-28 18:11:41,303,1,pc,0,0,1593.254097243972,512.7246,2.0076454309143332,0.6539854591836735,0.950293875,0.0013617132208482998,487.239046941825,2.1245234169095477
303,2022-10-28 18:14:41,304,1,pc,0,0,1356.4375981960281,518.7192,2.366314310684264,0.6616316326530612,0.950293875,0.0013617132208482998,492.9356786049,2.439440531998522
304,2022-10-28 18:18:05,305,0,bc,1,1,1535.6923063599997,12.083346,0.04702320397997549,0.015412431122448932,0.950293875,0.0013617132208482998,11.48272969330575,0.04982045160095353
305,2022-10-28 18:21:09,306,0,bc,1,1,1360.074955923972,11.666238,0.04447174318255273,0.014880405612244857,0.950293875,0.0013617132208482998,11.086354515692248,0.047311092082165655
306,2022-10-28 18:24:28,307,0,pc,0,0,1766.2686480560278,1168.9260000000002,28.21840531716964,1.4909770408163265,0.950293875,0.0013617132208482998,1110.82321812825,26.90031762549717
307,2022-10-28 18:27:30,308,0,pc,0,0,1389.8578748560283,1171.338,33.2567505857897,1.4940535714285719,0.950293875,0.0013617132208482998,1113.1153269547501,31.675746335865302
308,2022-10-28 18:30:55,309,0,None,1,1,1415.5993454960278,0.0,0.0,0.0,0.950293875,0.0,0.0,0.0
309,2022-10-28 18:33:56,310,1,bc,0,0,1373.443832336028,10.320822,0.12100617929031846,0.013164313775510151,0.950293875,0.0013617132208482998,9.807813931565248,0.11652057065090667
310,2022-10-28 18:37:13,311,1,pc,0,0,1485.4713949760278,807.696,7.88765599002322,1.0302244897959183,0.950293875,0.0013617132208482998,767.548561662,7.6388500555695
311,2022-10-28 18:40:17,312,1,pc,0,0,1337.10798242,819.8112000000001,7.282421195440198,1.0456775510204082,0.950293875,0.0013617132208482998,779.0615620164,7.079983564474685
312,2022-10-28 18:43:39,313,1,bc,0,1,1444.07484936,5.796072,0.0341687900412255,0.0073929489795917895,0.950293875,0.0013617132208482998,5.507971720659,0.03414639922085433
313,2022-10-28 18:46:47,314,0,bc,1,1,1357.103608716028,10.206161999999999,0.02624017716455283,0.013018063775510161,0.950293875,0.0013617132208482998,9.69885323585775,0.03111253873399172
314,2022-10-28 18:49:59,315,0,bc,1,1,1397.3152241760279,1.0808777999999999,0.025933134885244232,0.005791250204326893,0.950293875,0.0013617132208482998,1.027151552963475,0.02529397663292165
315,2022-10-28 18:52:58,316,0,None,0,0,1325.34945186,0.0,0.0,0.0,0.950293875,0.0,0.0,0.0
316,2022-10-28 18:56:18,317,0,bc,0,0,1357.40161824,18.52152,0.04261911149246038,0.023624387755101995,0.950293875,0.0013617132208482998,17.600887011690002,0.05272960635291546
317,2022-10-28 18:59:28,318,1,mc,0,1,1336.975655316028,323.24322,0.7854896619846424,0.41230002551020406,0.950293875,0.0013617132208482998,307.1760521012775,0.9510197620577312
318,2022-10-28 19:02:55,319,1,mc,0,0,1372.662992416028,327.17645999999996,0.8402140673964283,0.4173169132653062,0.950293875,0.0013617132208482998,310.91378598218245,0.9966353813391846
319,2022-10-28 19:06:00,320,0,bc,1,1,1326.3156592399998,12.289827,4.908573620837735,0.01572125693240332,0.950293875,0.0012028466784159983,11.678947322909623,4.664634795784699
320,2022-10-28 19:09:16,321,0,bc,0,0,1339.8786518,13.983899999999998,0.025154559515260543,0.0178366071428571,0.950293875,0.0013617132208482998,13.288814518612497,0.03494731966090619
321,2022-10-28 19:12:31,322,0,None,1,1,1358.2152665600001,2.3628864000000003,5.202730261839416,0.0030443974613299117,0.950293875,0.00024964742382218837,2.2454364732408,4.944123582739309
322,2022-10-28 19:15:56,323,1,None,0,0,1344.3821516160278,0.0,0.0,0.0,0.950293875,0.0,0.0,0.0
323,2022-10-28 19:19:59,324,0,None,1,1,1368.012948303972,0.0,0.0,0.0,0.950293875,0.0,0.0,0.0
324,2022-10-28 19:22:19,325,1,bc,0,0,1371.6043746000003,7.9893659999999995,0.02678091384625776,0.010190517857142813,0.950293875,0.0013617132208482998,7.592245574933249,0.029322795333039588
325,2022-10-28 19:25:29,326,1,bc,0,0,1382.330534063972,7.964211000000001,0.020680905932030397,0.01015843239795914,0.950293875,0.0013617132208482998,7.568340932507624,0.02443443007269082
326,2022-10-28 19:28:42,327,0,mc,1,1,1367.21297026,61.90128,0.07662252799673336,0.07895571428571425,0.950293875,0.0013617132208482998,58.82440723866,0.13430057192370037
327,2022-10-28 19:31:52,328,1,mc,0,0,1360.197987423972,61.6881,0.07793430088373962,0.07868380102040812,0.950293875,0.0013617132208482998,58.6218235903875,0.13465574626186147
328,2022-10-28 19:35:10,329,0,mc,1,1,1368.232764583972,50.36417999999999,0.08508170111373374,0.06424002551020402,0.950293875,0.0013617132208482998,47.860771773397495,0.12234092577730528
329,2022-10-28 19:38:23,330,0,mc,1,1,1349.43573872,49.87536000000001,0.07558653633138879,0.06361653061224486,0.950293875,0.0013617132208482998,47.39624912141999,0.11587396108045897
330,2022-10-28 19:41:46,331,0,pc,1,1,1384.505184396028,493.0824,4.242126246533153,0.628931632653061,0.950293875,0.0013617132208482998,468.57318459030006,4.130272025281745
331,2022-10-28 19:45:05,332,0,pc,0,1,1346.71428194,512.1324000000001,3.0604034031203344,0.6532301020408163,0.950293875,0.0013617132208482998,486.67628290905,3.054469959658684
332,2022-10-28 19:48:32,333,0,mc,1,1,1375.7568245360283,55.17737999999999,0.1405077943431841,0.07037931122448976,0.950293875,0.0013617132208482998,52.4347262525475,0.16717366136519407
333,2022-10-28 19:51:35,334,1,mc,0,0,1376.1253721199998,54.29393999999999,0.0785030738899406,0.06925247448979586,0.950293875,0.0013617132208482998,51.5951986316175,0.12394493066270147
334,2022-10-28 19:55:01,335,0,pc,1,1,1348.752777083972,450.30300000000005,2.289033620385298,0.5743660714285713,0.950293875,0.0013617132208482998,427.92018279412497,2.3250037596694546
335,2022-10-28 19:58:13,336,0,mc,1,1,1379.769291856028,52.21248000000001,0.07915135640239442,0.06659755102040811,0.950293875,0.0013617132208482998,49.61719994255999,0.12131721141364499
336,2022-10-28 20:01:31,337,0,mc,0,0,1349.6779739639721,51.81606,0.07193231564393276,0.06609191326530608,0.950293875,0.0013617132208482998,49.24048444463249,0.11660129532850817
337,2022-10-28 20:04:36,338,0,pc,1,1,1425.65457318,1602.1554,160.7891852537015,2.04356556122449,0.950293875,0.0013617132208482998,1522.518463418175,152.8248915819934
338,2022-10-28 20:07:53,339,0,pc,1,1,1358.8440943360279,1521.8370000000002,39.85187990887237,1.9411186224489798,0.950293875,0.0013617132208482998,1446.1923798483747,37.97248430989599
339,2022-10-28 20:10:52,340,0,bc,1,1,1373.992279203972,20.46771,0.07399339727758132,0.02610677295918363,0.950293875,0.0013617132208482998,19.450339448276257,0.079602502922348
340,2022-10-28 20:14:12,341,0,bc,1,1,1337.10798242,20.566379999999995,0.043232538593290265,0.026232627551020363,0.950293875,0.0013617132208482998,19.5441049449225,0.05562025332176784
341,2022-10-28 20:17:13,342,0,pc,1,1,1344.834907536028,920.1210000000002,15.97590398492659,1.173623724489796,0.950293875,0.0013617132208482998,874.3853505588751,15.274190347220845
342,2022-10-28 20:20:44,343,0,pc,0,0,1395.130731323972,924.1733999999999,13.326936796565857,1.1787926020408164,0.950293875,0.0013617132208482998,878.236321457925,12.776082681658627
343,2022-10-28 20:23:48,344,0,bc,0,0,1409.9655963000002,9.919578,0.09079314464526651,0.01265252295918363,0.950293875,0.0013617132208482998,9.426514215984751,0.08815492463101099
344,2022-10-28 20:27:07,345,0,pc,1,1,1344.85896692,411.47280000000006,24.323026649310126,0.5248377551020409,0.950293875,0.0013617132208482998,391.0200815691,23.126192235161863
345,2022-10-28 20:30:09,346,0,pc,1,1,1336.373621176028,402.10920000000004,1.779495003588548,0.5128943877551021,0.950293875,0.0013617132208482998,382.12190984115006,1.8430966820699823
346,2022-10-28 20:33:34,347,0,pc,0,0,1362.6104986560279,401.4288,1.5826237472702496,0.5120265306122449,0.950293875,0.0013617132208482998,381.4753298886,1.6725578785720774
347,2022-10-28 20:36:37,348,0,bc,1,1,1385.69394198,27.033036000000003,0.03344920617740138,0.034480913265306085,0.950293875,0.0013617132208482998,25.6893285334545,0.05864409866035807
348,2022-10-28 20:39:58,349,1,mc,0,1,1340.092999903972,119.62302000000001,0.16845393757566424,0.1525803826530612,0.950293875,0.0013617132208482998,113.67702321500249,0.27052472764794694
