,overpass_id,overpass_datetime,zero_release,non_zero_release,operator_kept,stanford_kept,phase_iii,pass_all_qc,altitude_feet,fail_all_qc,release_rate_kgh,ch4_kgh_sigma,upper_95CI,lower_95CI,sigma_flow_variability,sigma_meter_reading,sigma_gas_composition,operator_detected,operator_quantification,operator_lower,operator_upper,qc_summary
0,1.0,2022-10-24 16:46:15,True,False,True,True,0,True,1341.440878556028,False,0.0,0.0,0.0,0.0,0.0,0.0,0.0,False,0.0,0.0,0.0,pass_all
1,2.0,2022-10-24 16:49:22,True,False,True,True,0,True,1366.343000743972,False,0.0,0.0,0.0,0.0,0.0,0.0,0.0,False,0.0,0.0,0.0,pass_all
2,3.0,2022-10-24 16:52:32,False,True,True,False,1,False,1308.693174096028,False,18.748945322472,0.0632371335980738,18.872890104324224,18.625000540619777,0.035870188330248,0.0252790867346938,0.0024069307218944,True,20.07188437,20.07188437,20.07188437,fail_stanford
3,4.0,2022-10-24 16:55:42,False,True,True,True,1,True,1324.65883504,False,18.719446589196004,0.0589181197693915,18.83492610394401,18.603967074447997,0.0265923882826698,0.0252393137755101,0.0024069307218944,True,19.357717620000003,16.97014334,21.7452919,pass_all
4,5.0,2022-10-24 16:59:01,False,True,True,True,1,True,1342.620887123972,False,18.739307291088,0.061050919927724,18.85896709414634,18.61964748802966,0.0314058228002821,0.0252660918367346,0.0024069307218944,True,22.506983545,19.47899824,25.53496885,pass_all
5,6.0,2022-10-24 17:02:04,False,True,True,True,0,True,1351.0280396239718,False,113.41300844316,0.3482569600203798,114.09559208479995,112.73042480152004,0.1382011783412689,0.1529140561224489,0.0024069307218944,True,130.80991265,128.1029262,133.5168991,pass_all
6,7.0,2022-10-24 17:05:20,False,True,True,True,0,True,1355.3910102360278,False,113.2451659296,0.3337531525220546,113.89932210854323,112.59100975065678,0.091602679259166,0.1526877551020408,0.0024069307218944,True,426.674473,423.487591,429.861355,pass_all
7,8.0,2022-10-24 17:08:21,False,True,True,True,0,True,1339.943175096028,False,112.91981141904,0.3417541251565024,113.58964950434675,112.24997333373325,0.1228665485222191,0.152249081632653,0.0024069307218944,True,96.414000805,74.19541101,118.6325906,pass_all
8,9.0,2022-10-24 17:11:37,False,True,True,True,1,True,1358.929942763972,False,1.7172849061896,0.0285231506266944,1.773190281417921,1.661379530961279,0.029223725446566,0.0058060610231811,0.0024069307218944,False,0.0,0.0,0.0,pass_all
9,10.0,2022-10-24 17:14:38,False,True,True,True,1,True,1346.9559705960282,False,1.6595282368463995,0.0265573372759013,1.711580617907166,1.607475855785633,0.0271009314573803,0.0058050831444012,0.0024069307218944,False,0.0,0.0,0.0,pass_all
10,11.0,2022-10-24 17:17:53,False,True,True,True,1,True,1353.0430223,False,1.6172872087212,0.0277087648901087,1.671596387905813,1.562978029536587,0.0283775983439312,0.00580434553353,0.0024069307218944,False,0.0,0.0,0.0,pass_all
11,12.0,2022-10-24 17:20:59,False,True,True,True,1,True,1341.377448763972,False,12.910035192816,0.0470685337922797,13.002289519048869,12.817780866583131,0.0310960291104938,0.0174065204081632,0.0024069307218944,True,13.25112651,12.37329163,14.12896139,pass_all
12,13.0,2022-10-24 17:24:12,False,True,True,True,1,True,1333.74840226,False,12.934993039691998,0.0462859331047198,13.025713468577248,12.844272610806748,0.0296561920364313,0.0174401709183672,0.0024069307218944,True,15.444180235,14.59501569,16.29334478,pass_all
13,14.0,2022-10-24 17:27:11,False,True,True,True,1,True,1355.863997783972,False,3.485311947456,0.0327679815409112,3.549537191276186,3.4210867036358144,0.0328324005327932,0.0058263385914724,0.0024069307218944,False,0.0,0.0,0.0,pass_all
14,15.0,2022-10-24 17:30:27,False,True,False,True,1,False,1348.437816443972,False,3.4147539517404004,0.0260806402368751,3.4658720066046755,3.3636358968761253,0.0253329808311187,0.0058257521796726,0.0024069307218944,False,,,,fail_operator
15,16.0,2022-10-24 17:33:38,False,True,True,True,1,True,1353.22018766,False,3.4012686543540003,0.0282164150885296,3.456572827927518,3.3459644807804825,0.0277849705367634,0.0058256385031436,0.0024069307218944,True,3.2335642165,0.0,6.467128433,pass_all
16,17.0,2022-10-24 17:36:52,False,True,True,True,1,True,1381.301990723972,False,3.3839633362836,0.0280346667628146,3.438911283138717,3.3290153894284833,0.0275940578857729,0.0058254921582929,0.0024069307218944,False,0.0,0.0,0.0,pass_all
17,18.0,2022-10-24 17:40:00,False,True,True,False,1,False,1377.9648298560282,False,29.681730997920003,0.0923144764378618,29.862667371738212,29.500794624101793,0.0393475279950601,0.0400196938775509,0.0024069307218944,True,30.41209861,29.47345359,31.35074363,fail_stanford
18,19.0,2022-10-24 17:43:18,False,True,True,True,1,True,1352.7761807560282,False,29.726952550356,0.0921323298125152,29.90753191678853,29.54637318392347,0.0385534929631677,0.0400806658163264,0.0024069307218944,True,33.235622795,27.47135295,38.99989264,pass_all
19,20.0,2022-10-24 17:46:20,False,True,True,True,1,True,1369.64899396,False,29.718182963496,0.0942497700568582,29.902912512807443,29.53345341418456,0.0439552939600982,0.0400688418367346,0.0024069307218944,True,33.497960955,32.97861272,34.01730919,pass_all
20,21.0,2022-10-24 17:49:37,False,True,True,True,1,True,1356.314566696028,False,196.34020842912,0.6063967191500188,197.52874599865405,195.15167085958595,0.2489285754207746,0.2647242857142857,0.0024069307218944,True,200.02871875,196.2253011,203.8321364,pass_all
21,22.0,2022-10-24 17:52:40,False,True,True,True,1,True,1370.266338796028,False,196.83425686944005,0.613007338611969,198.0357512531195,195.6327624857606,0.2630865120327486,0.2653904081632653,0.0024069307218944,True,156.29882895,153.1467956,159.4508623,pass_all
22,23.0,2022-10-24 17:57:58,False,True,True,True,1,True,1329.98363836,False,198.03634302168,0.603240033170955,199.2186934866951,196.85399255666493,0.2272539766391432,0.2670111734693877,0.0024069307218944,True,156.4459122,128.3873929,184.5044315,pass_all
23,24.0,2022-10-24 18:01:11,False,True,True,False,0,False,1337.0609571560278,False,62.9312932014,0.2355076324304567,63.3928881609637,62.469698241836305,0.1616440722751522,0.0848498724489795,0.0024069307218944,True,73.46216271,71.86931443,75.05501099,fail_stanford
24,25.0,2022-10-24 18:04:31,False,True,True,True,1,True,1343.4607821639718,False,62.12136935088,0.1952332981599726,62.504026615273546,61.73871208648646,0.0875295653682757,0.0837578571428571,0.0024069307218944,True,46.6253328,46.55315736,46.69750824,pass_all
25,26.0,2022-10-24 18:07:34,False,True,True,False,0,False,1333.6587260760282,False,121.97405509524,0.3703338300841333,122.69990940220491,121.2482007882751,0.1363326226550335,0.1644568622448979,0.0024069307218944,True,94.047044935,89.69529082,98.39879905,fail_stanford
26,27.0,2022-10-24 18:10:50,True,False,True,False,0,False,1312.8625748199995,False,0.0,0.0,0.0,0.0,0.0,0.0,0.0,False,0.0,0.0,0.0,fail_stanford
27,28.0,2022-10-24 18:13:53,False,True,False,False,0,False,1317.7696179560278,True,725.5995900720001,22.537500403965225,769.7730908637719,681.4260892802282,23.723318680579634,0.9783214285714288,0.0024069307218944,False,,,,fail_all
28,29.0,2022-10-24 18:17:18,False,True,False,True,0,False,1318.47445164,False,727.2456613920001,10.052735408838432,746.9490227933235,707.5422999906767,10.398687635580398,0.9805408163265308,0.0024069307218944,False,,,,fail_operator
29,30.0,2022-10-24 18:20:25,False,True,False,True,0,False,1308.703563203972,False,728.4069930887999,8.188073992098957,744.4556181133139,712.358368064286,8.37329118453532,0.9821066326530612,0.0024069307218944,False,,,,fail_operator
30,31.0,2022-10-24 18:23:39,False,True,False,True,0,False,1310.991402516028,False,722.9068444368,6.820513180966359,736.2750502714941,709.538638602106,6.873851931752748,0.9746908163265308,0.0024069307218944,False,,,,fail_operator
31,32.0,2022-10-24 18:26:41,False,True,True,False,0,False,1345.10995118,False,444.612377694,2.269291399041992,449.0601888361223,440.16456655187767,1.9912152323882275,0.5994681122448979,0.0024069307218944,True,425.3794527,417.3888434,433.370062,fail_stanford
32,33.0,2022-10-24 18:29:53,False,True,True,True,0,True,1278.736370643972,False,439.9761326796,2.380188212121683,444.6413015753585,435.31096378384154,2.139671373468517,0.5932170918367349,0.0024069307218944,True,481.86731525,461.9373923,501.7972382,pass_all
33,34.0,2022-10-24 18:33:04,False,True,False,True,0,False,1336.446346243972,False,438.4816134432001,2.0826231033890443,442.5635547258426,434.3996721605576,1.762447327738004,0.5912020408163268,0.0024069307218944,False,,,,fail_operator
34,35.0,2022-10-24 18:39:06,False,True,True,True,0,True,1346.9138662639718,False,164.1414073386,0.5258080556573973,165.1719911276885,163.1108235495115,0.2550862466310934,0.2213108418367346,0.0024069307218944,True,159.9484919,154.2055848,165.691399,pass_all
35,36.0,2022-10-24 18:42:15,False,True,True,True,0,True,1333.764259543972,False,163.32052859964,0.5468446104630466,164.39234403614756,162.24871316313244,0.3044923437294115,0.2202040561224489,0.0024069307218944,True,168.73308845,163.3665775,174.0995994,pass_all
36,37.0,2022-10-24 18:45:33,False,True,True,True,0,True,1336.349561463972,False,162.58025059428005,0.510026567832401,163.57990266723155,161.58059852132854,0.2267593103128496,0.219205943877551,0.0024069307218944,True,184.26617075,182.2266133,186.3057282,pass_all
37,38.0,2022-10-24 18:48:36,False,True,True,True,0,True,1316.5168836639718,False,43.004861978760005,0.1388817372479357,43.27707018376596,42.73265377375405,0.0693754970664728,0.0579831887755101,0.0024069307218944,True,34.12901223,30.49826625,37.75975821,pass_all
38,39.0,2022-10-24 18:51:56,False,True,True,True,0,True,1319.641337176028,False,42.5773375242,0.1459115738350247,42.863324208916644,42.29135083948335,0.0859137801933923,0.0574067602040816,0.0024069307218944,True,38.20282137,37.35187928,39.05376346,pass_all
39,40.0,2022-10-24 18:55:00,False,True,False,True,0,False,1321.80450424,False,42.19283796828001,0.1387269955354268,42.464742879529446,41.920933057030574,0.0734243602489384,0.0568883418367346,0.0024069307218944,False,,,,fail_operator
40,41.0,2022-10-24 18:58:14,False,True,True,False,1,False,1315.732216316028,False,8.878920052296003,0.0344107463497571,8.946365115141527,8.81147498945048,0.0246889853159704,0.0119713928571428,0.0024069307218944,True,7.9117491675,6.825822811,8.997675524,fail_stanford
41,42.0,2022-10-24 19:01:19,False,True,True,True,1,True,1362.40325882,False,8.816193382788002,0.0320556784119347,8.879022512475395,8.75336425310061,0.0210875647507871,0.0118868188775509,0.0024069307218944,True,3.232579121,0.0,6.465158242,pass_all
42,43.0,2022-10-24 19:04:27,False,True,True,True,1,True,1320.393196123972,False,8.7800876598,0.0358439489300981,8.850341799702992,8.709833519897007,0.0271634105843923,0.011838137755102,0.0024069307218944,True,12.74189949,11.62196471,13.86183427,pass_all
43,44.0,2022-10-24 19:07:37,False,True,True,True,0,True,1328.370011996028,False,4.154814562164,0.0415730503203687,4.2362977407919225,4.073331383536077,0.0420989564990046,0.0058313825319495,0.0024069307218944,False,0.0,0.0,0.0,pass_all
44,45.0,2022-10-24 19:11:01,False,True,True,True,0,True,1320.484513056028,False,4.125020671272,0.0315473175322122,4.186853413635136,4.063187928908864,0.0309026453368244,0.0058311764351247,0.0024069307218944,False,0.0,0.0,0.0,pass_all
45,46.0,2022-10-24 19:14:06,False,True,True,False,0,False,1284.677971883972,False,18.18471748284,0.0655466590472895,18.313188934572686,18.056246031107314,0.0425162069198022,0.0245183418367346,0.0024069307218944,True,14.92044379,13.47926456,16.36162302,fail_stanford
46,47.0,2022-10-24 19:17:24,False,True,True,True,1,True,1307.237027723972,False,18.21778081194001,0.0591777247445766,18.33376915243938,18.10179247144064,0.030151781126241,0.0245629209183673,0.0024069307218944,True,12.98697935,12.69315629,13.28080241,pass_all
47,48.0,2022-10-24 19:20:29,False,True,True,True,1,True,1312.03908398,False,18.163625065512,0.0607056922752481,18.282608222371486,18.044641908652515,0.0336398937502099,0.0244899030612244,0.0024069307218944,True,41.42176176,37.54737414,45.29614938,pass_all
48,49.0,2022-10-24 19:23:45,False,True,True,True,1,True,1314.6347753360285,False,18.104831938848005,0.0585892797202937,18.21966692709978,17.98999695059623,0.029475905885937,0.0244106326530611,0.0024069307218944,True,12.55787085,12.24479374,12.87094796,pass_all
49,50.0,2022-10-24 19:26:51,False,True,True,True,1,True,1340.276180356028,False,18.054552974184,0.0575164185380075,18.167285154518492,17.941820793849505,0.0273147860126205,0.0243428418367346,0.0024069307218944,True,9.9582276725,8.459139635,11.45731571,pass_all
50,51.0,2022-10-24 19:30:05,False,True,True,True,1,True,1342.3770114600002,False,26.753177131968005,0.0904633956958037,26.930485387531782,26.57586887640423,0.0516340343414388,0.0360711428571428,0.0024069307218944,True,20.179080305,18.16861843,22.18954218,pass_all
51,52.0,2022-10-24 19:33:07,False,True,True,True,1,True,1318.0528636999998,False,26.862635198640003,0.0832054393039412,27.025717859675726,26.69955253760428,0.0347061739244556,0.0362187244897958,0.0024069307218944,True,19.585317335,18.78803893,20.38259574,pass_all
52,53.0,2022-10-24 19:36:19,False,True,True,True,1,True,1343.04302198,False,31.921625384663997,0.1036890383087043,32.12485589974906,31.718394869578937,0.0528248386876179,0.0430397295918366,0.0024069307218944,True,25.086287055,24.88687301,25.2857011,pass_all
53,54.0,2022-10-24 19:39:22,False,True,True,True,0,True,1310.7108906960282,False,5.4207739577280005,0.0267413185050581,5.4731869419979144,5.368360973458087,0.0230883687204074,0.0073087959183672,0.0024069307218944,False,0.0,0.0,0.0,pass_all
54,55.0,2022-10-24 19:42:33,False,True,True,True,0,True,1312.537224743972,False,5.35713911094,0.0264704753139172,5.409021242555278,5.305256979324723,0.0228730564609194,0.0072229974489795,0.0024069307218944,True,6.286445571,4.585407358,7.987483784,pass_all
55,56.0,2022-10-24 19:45:36,False,True,True,False,0,False,1353.488669623972,False,1.5952832084484,0.0251976516557889,1.6446706056937463,1.5458958112030539,0.0256389435296241,0.0058039545672292,0.0024069307218944,False,0.0,0.0,0.0,fail_stanford
56,57.0,2022-10-24 19:48:45,False,True,True,True,1,True,1294.528147396028,False,1.5811190485452,0.0269573837678086,1.6339555207301049,1.5282825763602952,0.0275723736541131,0.0058036990770182,0.0024069307218944,False,0.0,0.0,0.0,pass_all
57,58.0,2022-10-25 16:35:28,False,True,True,False,1,False,1338.281976223972,False,14.167440693624002,0.0494452783803799,14.264353439249547,14.070527947998457,0.0302508188879215,0.0191018724489795,0.0024069307218944,True,11.329250455,11.31763071,11.3408702,fail_stanford
58,59.0,2022-10-25 16:38:32,False,True,True,False,1,False,1389.91802348,False,14.131499577768,0.0458170247895641,14.221300946355546,14.041698209180455,0.0231972209907762,0.019053413265306,0.0024069307218944,True,20.399804805,20.37145862,20.42815099,fail_stanford
59,60.0,2022-10-25 16:41:46,False,True,True,True,1,True,1336.532195,False,14.153046083736,0.0491990436676098,14.249476209324515,14.056615958147484,0.0298606937833054,0.0190824642857142,0.0024069307218944,True,16.326666395,16.03721857,16.61611422,pass_all
60,61.0,2022-10-25 16:44:55,False,True,False,True,1,False,1362.1265747560278,False,14.09814676716,0.0467025849489509,14.189683833659943,14.006609700660055,0.0252622620670787,0.0190084438775509,0.0024069307218944,False,,,,fail_operator
61,62.0,2022-10-25 16:48:07,False,True,False,True,1,False,1323.315877976028,False,14.046312548904,0.0448487691758467,14.134216136488659,13.958408961319341,0.021488249907049,0.0189385561224489,0.0024069307218944,False,,,,fail_operator
62,63.0,2022-10-25 16:51:13,False,True,True,False,0,False,1389.498622876028,False,3.723912823344,0.0325262249534669,3.787664224252795,3.660161422435205,0.0323707302818927,0.0058282391476103,0.0024069307218944,True,2.7646763285,2.554700911,2.974651746,fail_stanford
63,64.0,2022-10-25 16:54:29,False,True,True,False,0,False,1349.397462143972,False,3.6379481676839993,0.0256869444758957,3.688294578856755,3.5876017565112437,0.0246491348079331,0.0058275691765145,0.0024069307218944,True,2.445738356,2.420173147,2.471303565,fail_stanford
64,65.0,2022-10-25 16:57:35,False,True,True,False,0,False,1360.884776816028,False,0.6456839627076001,1.3811117258782877,3.352662945429044,-2.0612950200138433,1.4599207661468967,0.0010681912649239,0.0004412706323473,True,2.174976923,1.905477165,2.444476681,fail_stanford
65,66.0,2022-10-25 17:00:52,True,False,True,False,0,False,1327.436613016028,False,0.0,0.0,0.0,0.0,0.0,0.0,0.0,False,0.0,0.0,0.0,fail_stanford
66,67.0,2022-10-25 17:04:01,False,True,True,False,0,False,1374.553302843972,False,11.540929562676,0.0443678915989139,11.62789063020987,11.45396849514213,0.0315283026361814,0.0155605637755101,0.0024069307218944,True,9.3029796475,8.924652008,9.681307287,fail_stanford
67,68.0,2022-10-25 17:07:17,False,True,True,False,0,False,1343.5613947000002,False,11.551804985604004,0.0413942923512711,11.632937798612495,11.470672172595513,0.0265857792240355,0.0155752270408162,0.0024069307218944,True,8.688137758,8.344653242,9.031622274,fail_stanford
68,69.0,2022-10-25 17:10:32,False,True,False,False,0,False,1363.398446843972,True,203.27607183864,0.6738282981363096,204.59677530298717,201.95536837429285,0.3651568081091628,0.2740758673469388,0.0024069307218944,False,,,,fail_all
69,70.0,2022-10-25 17:13:52,False,True,False,False,0,False,1347.831954876028,True,204.68459803884005,0.6790514991509636,206.01553897717594,203.35365710050417,0.3688283486659638,0.2759749744897959,0.0024069307218944,False,,,,fail_all
70,71.0,2022-10-25 17:17:00,False,True,False,True,0,False,1338.274867956028,False,206.17111396296,0.6744091199781946,207.49295583811727,204.84927208780272,0.3514052471560631,0.2779792346938776,0.0024069307218944,False,,,,fail_operator
71,72.0,2022-10-25 17:20:13,False,True,True,False,0,False,1337.161569363972,False,23.316577543368,0.0721432375344083,23.45797828893544,23.175176797800557,0.0299138121943694,0.0314375969387754,0.0024069307218944,True,15.54025464,15.34254148,15.7379678,fail_stanford
72,73.0,2022-10-25 17:23:22,False,True,True,False,0,False,1367.092672683972,False,23.249457566268003,0.0732128430039787,23.3929547385558,23.105960393980205,0.0331187061280059,0.0313470994897958,0.0024069307218944,True,19.073397765,17.92154071,20.22525482,fail_stanford
73,74.0,2022-10-25 17:26:36,False,True,True,False,0,False,1340.205642296028,False,97.6966032852,0.3144669771849044,98.31295856048241,97.08024800991758,0.1552675634869902,0.1317237244897958,0.0024069307218944,True,137.10897354999997,135.4928436,138.7251035,fail_stanford
74,75.0,2022-10-25 17:29:48,False,True,True,True,1,True,1349.00102742,False,97.38299831819998,0.3003785606322858,97.97174029703926,96.7942563393607,0.1224041125929221,0.1313008928571428,0.0024069307218944,True,121.17242515,117.8567049,124.4881454,pass_all
75,76.0,2022-10-25 17:32:57,False,True,True,True,1,True,1337.300458476028,False,97.01410805928,0.3155337601260061,97.63255422912698,96.39566188943303,0.1614365795609499,0.1308035204081632,0.0024069307218944,True,107.00274735,105.7998817,108.205613,pass_all
76,77.0,2022-10-25 17:36:05,False,True,False,True,1,False,1327.4267704960278,False,96.8392271718,0.3014307024194735,97.43003134854217,96.24842299505784,0.1290201009171742,0.1305677295918367,0.0024069307218944,False,,,,fail_operator
77,78.0,2022-10-25 17:39:21,False,True,False,False,0,False,1346.867387916028,True,49.7544922848,0.1595145478627031,50.0671407986109,49.4418437709891,0.0776247033892634,0.0670836734693877,0.0024069307218944,False,,,,fail_all
78,79.0,2022-10-25 17:42:27,False,True,False,False,0,False,1334.7408563599995,True,49.724540637600015,0.2673533316795942,50.248553167692016,49.20052810750801,0.2520781476891104,0.0668954081632652,0.0019384069924096,False,,,,fail_all
79,80.0,2022-10-25 17:45:44,False,True,False,False,0,False,1331.4507207560282,True,963.2839527528,38.34749216902062,1038.4450374040805,888.1228681015197,40.29143399848456,1.292469642857143,0.0013657668785947,False,,,,fail_all
80,81.0,2022-10-25 17:48:49,False,True,False,False,0,False,1357.482545736028,True,989.7898087608,27.20651207033704,1043.1145724186606,936.4650451029395,28.549043033503125,1.328033418367347,0.0013657668785947,False,,,,fail_all
81,82.0,2022-10-25 17:52:10,False,True,False,False,1,False,1308.17917572,True,987.6502893744,24.61099756053465,1035.887844593048,939.4127341557521,25.81170572132085,1.325162755102041,0.0013657668785947,False,,,,fail_all
82,83.0,2022-10-25 17:55:19,False,True,False,True,1,False,1341.5327420760282,False,992.0034783792,23.12565467231637,1037.3297615369402,946.6771952214599,24.243554600927148,1.3310035714285713,0.0013657668785947,False,,,,fail_operator
83,84.0,2022-10-25 17:58:33,False,True,False,True,1,False,1310.085890676028,False,993.293692416,26.67932864337671,1045.5851765570183,941.0022082749816,27.99259565053296,1.332734693877551,0.0013657668785947,False,,,,fail_operator
84,85.0,2022-10-25 18:01:39,False,True,False,True,1,False,1347.57550244,False,980.6493667008,27.56238548108629,1034.6716422437291,926.6270911578708,28.92557025194144,1.3157693877551018,0.0013657668785947,False,,,,fail_operator
85,86.0,2022-10-25 18:04:55,False,True,False,True,1,False,1318.7303571599998,False,983.2417728887998,22.23113914547738,1026.8148056139355,939.6687401636641,23.3007723322931,1.3192477040816328,0.0013657668785947,False,,,,fail_operator
86,87.0,2022-10-25 18:08:05,False,True,False,True,1,False,1332.7160311639718,False,986.5043830968,21.04431766264125,1027.751245715577,945.2575204780231,22.046949157327028,1.323625255102041,0.0013657668785947,False,,,,fail_operator
87,88.0,2022-10-25 18:11:22,False,True,False,False,0,False,1358.705205223972,True,80.17666014352271,28.01437987119224,135.08484469105952,25.26847559598592,29.468218589922465,0.153758269633627,0.0012963211051069,False,,,,fail_all
88,89.0,2022-10-25 18:14:26,False,True,False,False,0,False,1344.879198876028,True,24.09192372456,0.0684276695922293,24.22604195696077,23.95780549215923,0.0530153827372741,0.0323249234693877,0.0013657668785947,False,,,,fail_all
89,90.0,2022-10-25 18:17:40,False,True,True,False,0,False,1306.2380119439722,False,23.617362239759995,0.0541912201093267,23.723577031174276,23.511147448345714,0.0311684703789376,0.0316881887755101,0.0013657668785947,True,19.86527078,19.02258544,20.70795612,fail_stanford
90,91.0,2022-10-25 18:20:42,True,False,False,False,0,False,1305.5933268839722,True,0.0,0.0,0.0,0.0,0.0,0.0,0.0,False,,,,fail_all
91,92.0,2022-10-25 18:24:00,True,False,True,False,0,False,1298.0052908799998,False,0.0,0.0,0.0,0.0,0.0,0.0,0.0,False,0.0,0.0,0.0,fail_stanford
92,93.0,2022-10-25 18:27:08,True,False,True,False,0,False,1320.199079976028,False,0.0,0.0,0.0,0.0,0.0,0.0,0.0,False,0.0,0.0,0.0,fail_stanford
93,94.0,2022-10-25 18:30:19,True,False,True,True,0,True,1292.596279223972,False,0.0,0.0,0.0,0.0,0.0,0.0,0.0,False,0.0,0.0,0.0,pass_all
94,95.0,2022-10-25 18:33:33,False,True,True,False,0,False,1318.06270622,False,25.378578550224,1.5869171768120265,28.48893621677557,22.268220883672427,1.668519430932909,0.0340512704081632,0.0013657668785947,True,23.259228745,23.08757392,23.43088357,fail_stanford
95,96.0,2022-10-25 18:36:54,False,True,False,False,0,False,1295.4522504439722,True,443.2421379624,2.6814047748772274,448.4976913211594,437.98658460364067,2.674603200096432,0.5947125,0.0013657668785947,False,,,,fail_all
96,97.0,2022-10-25 18:40:05,False,True,False,False,0,False,1312.23593438,True,456.8230381464,2.036914234955582,460.8153900469129,452.8306862458871,1.9335745873241448,0.6129344387755103,0.0013657668785947,False,,,,fail_all
97,98.0,2022-10-25 18:43:26,False,True,False,False,1,False,1293.827688056028,True,464.6949408528,2.11875733735956,468.8477052340248,460.54217647157526,2.021244630822082,0.6234964285714286,0.0013657668785947,False,,,,fail_all
98,99.0,2022-10-25 18:46:39,False,True,False,True,1,False,1303.1534757560282,False,468.7167353592,2.4534777114591537,473.52555167365995,463.9079190447401,2.4007410635545963,0.6288926020408165,0.0013657668785947,False,,,,fail_operator
99,100.0,2022-10-25 18:49:55,False,True,True,True,1,True,1246.13357006,False,467.3991427752,2.681276579492435,472.6544448710052,462.1438406793948,2.657611051620409,0.6271247448979593,0.0013657668785947,True,624.1978405499999,566.007257,682.3884241,pass_all
100,101.0,2022-10-25 18:53:04,False,True,False,False,0,False,1319.78514722,True,1.601682086316,0.0230369574230892,1.6468345228652548,1.5565296497667451,0.0234028547541548,0.0058039301029116,0.0013657668785947,False,,,,fail_all
101,102.0,2022-10-25 18:56:23,False,True,True,False,0,False,1268.58271776,False,1.6246937552376002,0.0225708661223271,1.6689326528373614,1.580454857637839,0.022890987131124,0.0058043380511428,0.0013657668785947,False,0.0,0.0,0.0,fail_stanford
102,103.0,2022-10-25 18:59:32,False,True,True,False,0,False,1302.914521023972,False,24.816810688728008,0.0665293658552116,24.947208245804223,24.686413131651793,0.0488093386035423,0.0332975280612244,0.0013657668785947,True,30.767817395,29.72624163,31.80939316,fail_stanford
103,104.0,2022-10-25 19:02:47,False,True,True,True,1,True,1284.910364936028,False,24.739985344512004,0.056244108927462,24.85022379800983,24.62974689101418,0.0316325700419302,0.0331944489795917,0.0013657668785947,True,28.589080215000003,26.24057965,30.93758078,pass_all
104,105.0,2022-10-25 19:05:57,False,True,True,True,1,True,1292.620338936028,False,24.49122272388,0.0599203470464759,24.60866660409109,24.37377884366891,0.0390279459197107,0.0328606760204081,0.0013657668785947,True,19.341895575,18.86347413,19.82031702,pass_all
105,106.0,2022-10-25 19:09:08,False,True,True,True,1,True,1277.88718,False,24.365087475384,0.0548383831040854,24.47257070626801,24.257604244499994,0.0300502880890897,0.0326914362244897,0.0013657668785947,True,24.52152446,22.63270433,26.41034459,pass_all
106,107.0,2022-10-25 19:12:19,False,True,True,False,0,False,1308.6696613,False,142.21084767768,0.3566686729637827,142.909918276689,141.51177707867097,0.2411780738832503,0.1908089540816326,0.0013657668785947,True,125.89543775,122.8624771,128.9283984,fail_stanford
107,108.0,2022-10-25 19:15:38,False,True,True,False,0,False,1273.92720612,False,142.27056713375998,0.3280264256692102,142.91349892807165,141.62763533944832,0.1907800821071565,0.190889081632653,0.0013657668785947,True,74.641490805,59.09243337,90.19054824,fail_stanford
108,109.0,2022-10-25 19:18:48,False,True,False,False,0,False,1291.67326968,True,615.5142311952001,6.028952759115949,627.3309786030674,603.6974837873328,6.218779968635732,0.825855612244898,0.0013657668785947,False,,,,fail_all
109,110.0,2022-10-25 19:22:08,False,True,True,False,1,False,1274.3985535760282,False,630.8964116304,5.140458125523128,640.9717095564254,620.8211137043747,5.254877196068689,0.8464943877551022,0.0013657668785947,True,846.57459565,817.2654796,875.8837117,fail_stanford
110,111.0,2022-10-25 19:25:20,False,True,True,True,1,True,1265.460451583972,False,634.3118853935999,5.338263011067772,644.7748808952928,623.8488898919071,5.467142045198098,0.8510770408163265,0.0013657668785947,True,794.12029885,776.65083,811.5897677,pass_all
111,112.0,2022-10-25 19:28:44,False,True,True,True,1,True,1263.0621575439718,False,636.0504231407999,4.311357000547912,644.5006828618739,627.600163419726,4.3492196564831,0.8534096938775513,0.0013657668785947,True,786.6832339499999,779.5002012,793.8662667,pass_all
112,113.0,2022-10-25 19:31:54,False,True,False,False,0,False,1273.486480056028,True,72.25198606080001,0.1636782325101357,72.57279539651988,71.93117672508014,0.0912350512482528,0.0969428571428571,0.0013657668785947,False,,,,fail_all
113,114.0,2022-10-25 19:35:15,False,True,True,False,0,False,1249.5325202999998,False,71.72928396384,0.1577545992515407,72.03848297837303,71.42008494930698,0.0807732192570823,0.0962415306122448,0.0013657668785947,True,80.98169188,80.98169188,80.98169188,fail_stanford
114,115.0,2022-10-25 19:38:29,False,True,False,False,0,False,1346.002886576028,True,6.08961632232,0.0296180383889463,6.147667677562335,6.031564967077665,0.0286221329553765,0.0081706377551019,0.0013657668785947,False,,,,fail_all
115,116.0,2022-10-25 19:41:50,False,True,True,False,0,False,1327.54433382,False,336.28618920504,1.741773463451051,339.70006519340404,332.87231321667593,1.7017170874826724,0.4503822365631337,0.0013657668785947,True,398.7321475,398.7321475,398.7321475,fail_stanford
116,117.0,2022-10-25 19:45:00,False,True,False,False,1,False,1313.131056783972,True,340.68860255616,1.7435056552238128,344.10587364039867,337.2713314719213,1.6998842173133968,0.4571130612244898,0.0013657668785947,False,,,,fail_all
117,118.0,2022-10-25 19:48:12,False,True,False,True,1,False,1320.00332308,False,345.4154516916,1.7046148794138798,348.7564968552512,342.07440652794884,1.6516582083736742,0.4634552295918368,0.0013657668785947,False,,,,fail_operator
118,119.0,2022-10-25 19:51:25,False,True,True,False,0,False,1326.1324791160278,False,8.588952561432,0.0514475185356887,8.68978969776195,8.48811542510205,0.0512594651631633,0.0115240790816326,0.0013657668785947,True,6.03767545,5.904491433,6.170859467,fail_stanford
119,120.0,2022-10-25 19:54:38,False,True,True,True,1,True,1319.071017603972,False,8.528206409832,0.0303049901844056,8.587604190593435,8.468808629070566,0.0268176834399385,0.0114425739795917,0.0013657668785947,True,4.959917148,4.742550261,5.177284035,pass_all
120,121.0,2022-10-25 19:57:45,False,True,True,True,1,True,1310.5463017800002,False,8.488963825512,0.030019231850811,8.54780151993959,8.43012613108441,0.0265111480740345,0.0113899209183672,0.0013657668785947,True,9.847505844,7.333878228,12.36113346,pass_all
121,122.0,2022-10-25 20:01:02,False,True,True,False,1,False,1297.18344046,False,142.55296544040002,0.3255826156442167,143.19110736706267,141.91482351373736,0.1852054928350417,0.1912679846938775,0.0013657668785947,True,169.2169719,166.9145978,171.519346,fail_stanford
122,123.0,2022-10-25 20:04:13,False,True,True,True,1,True,1320.890243383972,False,142.29691898544,0.31760763745858,142.9194299548588,141.67440801602118,0.1700678500690789,0.1909244387755101,0.0013657668785947,True,112.95608865,109.3338785,116.5782988,pass_all
123,124.0,2022-10-25 20:07:27,False,True,False,True,1,False,1258.8566675799998,False,142.31648323896005,0.316611382214825,142.9370415481011,141.695924929819,0.1679320576900073,0.1909506887755101,0.0013657668785947,False,,,,fail_operator
124,125.0,2022-10-25 20:10:31,False,True,True,True,1,True,1306.37635414,False,142.13504332512002,0.3129368924734944,142.74839963436807,141.52168701587198,0.1607863692679627,0.1907072448979591,0.0013657668785947,True,129.4143011,129.4143011,129.4143011,pass_all
125,126.0,2022-10-25 20:13:50,True,False,False,False,0,False,1324.72773268,True,0.0,0.0,0.0,0.0,0.0,0.0,0.0,False,,,,fail_all
126,127.0,2022-10-25 20:16:56,True,False,True,False,0,False,1303.210890456028,False,0.0,0.0,0.0,0.0,0.0,0.0,0.0,False,0.0,0.0,0.0,fail_stanford
127,128.0,2022-10-25 20:20:10,False,True,True,False,0,False,1290.5791095400002,False,3.2667358128312003,0.0315310850837235,3.3285367395952985,3.204934886067102,0.0322773754707745,0.005824340397553,0.0013657668785947,True,2.715976624,2.07104572,3.360907528,fail_stanford
128,129.0,2022-10-25 20:23:22,False,True,True,False,0,False,1315.596608043972,False,75.22826229599998,0.1667461882315311,75.55508482493379,74.90143976706618,0.0874805314903301,0.1009362244897958,0.0013657668785947,True,61.115688485,60.25913716,61.97223981,fail_stanford
129,130.0,2022-10-25 20:26:35,False,True,False,False,1,False,1301.929722436028,True,75.01362589368,0.1625674861823616,75.33225816659743,74.69499362076257,0.0791318119406907,0.1006482397959183,0.0013657668785947,False,,,,fail_all
130,131.0,2022-10-25 20:29:41,False,True,False,False,1,False,1296.73396538,True,74.70367792391998,0.1679114764717997,75.0327844178047,74.37457143003526,0.0916819979372325,0.1002323724489795,0.0013657668785947,False,,,,fail_all
131,132.0,2022-10-25 20:33:02,False,True,False,True,1,False,1287.906318443972,False,74.59484819880001,0.1587874453483083,74.90607159168269,74.28362480591733,0.071927633123714,0.1000863520408163,0.0013657668785947,False,,,,fail_operator
132,133.0,2022-10-26 16:39:47,True,False,True,True,0,True,1327.045099223972,False,0.0,0.0,0.0,0.0,0.0,0.0,0.0,False,0.0,0.0,0.0,pass_all
133,134.0,2022-10-26 16:42:57,True,False,True,True,0,True,1351.203564563972,False,0.0,0.0,0.0,0.0,0.0,0.0,0.0,False,0.0,0.0,0.0,pass_all
134,135.0,2022-10-26 16:46:11,False,True,True,False,0,False,1317.3403745039725,False,1.1778718722287995,0.0267123786652121,1.2302281344126151,1.125515610044984,0.0274374773391976,0.0057951473289202,0.0013657668785947,False,0.0,0.0,0.0,fail_stanford
135,136.0,2022-10-26 16:49:19,False,True,True,True,1,True,1372.11618564,False,1.1273270813928,0.0299177547092054,1.1859658806228426,1.0686882821627575,0.0308861548044328,0.0057938930313097,0.0013657668785947,False,0.0,0.0,0.0,pass_all
136,137.0,2022-10-26 16:52:32,False,True,True,True,1,True,1363.9676725839722,False,1.0995087662784,0.0289839967101506,1.1563173998302951,1.0427001327265049,0.0298872051594669,0.0057931802248545,0.0013657668785947,False,0.0,0.0,0.0,pass_all
137,138.0,2022-10-26 16:55:40,False,True,True,False,0,False,1370.4178040239722,False,6.89919425916,0.0296464998591516,6.957301398883937,6.841087119436063,0.0278952691451071,0.0092568749999999,0.0013657668785947,True,4.940279982,3.866306073,6.014253891,fail_stanford
138,139.0,2022-10-26 16:58:46,False,True,True,False,0,False,1366.351202843972,False,6.885225496224001,0.032880266161795,6.949670817901119,6.820780174546883,0.03166496407436,0.0092381326530611,0.0013657668785947,True,7.666971014,7.649741866,7.684200162,fail_stanford
139,140.0,2022-10-26 17:11:57,True,False,True,True,0,True,1355.96625074,False,0.0,0.0,0.0,0.0,0.0,0.0,0.0,False,0.0,0.0,0.0,pass_all
140,141.0,2022-10-26 17:15:07,False,True,True,False,0,False,1367.067519796028,False,4.1337328374,0.0409530848832274,4.214000883771126,4.053464791028874,0.0422231917155023,0.005831096316463,0.0013657668785947,True,4.562615582499999,4.037223485,5.08800768,fail_stanford
141,142.0,2022-10-26 17:18:19,False,True,True,False,0,False,1376.685302256028,False,2.0186356854888,0.0243205160233827,2.06630389689463,1.9709674740829701,0.0247271296440548,0.0058105481255284,0.0013657668785947,False,0.0,0.0,0.0,fail_stanford
142,143.0,2022-10-26 17:21:30,False,True,True,False,0,False,1371.6404638400002,False,2.0004352258512004,0.0281162683891562,2.0555431118939467,1.9453273398084543,0.0288416710985326,0.0058102882097749,0.0013657668785947,True,4.5093931795,3.916730076,5.102056283,fail_stanford
143,144.0,2022-10-26 17:24:44,False,True,True,False,0,False,1406.70444134,False,1.595752919688,0.0225543996902536,1.639959543080897,1.551546296295103,0.022877803930403,0.0058038241884285,0.0013657668785947,False,0.0,0.0,0.0,fail_stanford
144,145.0,2022-10-26 17:27:48,False,True,True,False,0,False,1385.038867483972,False,2.570740060596,2.372480129550915,7.220801114515793,-2.079320993323793,2.495648622326781,0.0051117110421377,0.0010698507215659,False,0.0,0.0,0.0,fail_stanford
145,146.0,2022-10-26 17:30:56,False,True,True,False,0,False,1388.1551188960282,False,59.63578039512,0.1339252758581435,59.89827393580196,59.37328685443804,0.0729499452259866,0.0800152806122448,0.0013657668785947,True,59.928973625,59.72823241,60.12971484,fail_stanford
146,147.0,2022-10-26 17:34:04,False,True,True,False,0,False,1396.45345676,False,59.73354462408,0.1340647698964716,59.99631157307708,59.470777675082914,0.0729067730689143,0.0801464540816326,0.0013657668785947,True,57.04011864,56.28669297,57.79354431,fail_stanford
147,148.0,2022-10-26 17:37:15,False,True,True,True,0,True,1396.866295683972,False,59.63441146776001,0.130189567269067,59.88958301960738,59.37923991591264,0.065043018880467,0.0800134438775509,0.0013657668785947,True,157.33749555,155.8791285,158.7958626,pass_all
148,149.0,2022-10-26 17:40:28,False,True,True,True,0,True,1382.901400223972,False,59.32543315488,0.1326516155691517,59.58543032139554,59.06543598836446,0.0713917357416357,0.0795988775510203,0.0013657668785947,True,66.40616662,65.93183686,66.88049638,pass_all
149,150.0,2022-10-26 17:43:43,False,True,True,False,0,False,1383.18245896,False,88.52933091215999,0.209242861974435,88.93944692162988,88.1192149026901,0.1282084044945997,0.1187827040816326,0.0013657668785947,True,80.489833565,78.41035113,82.569316,fail_stanford
150,151.0,2022-10-26 17:46:51,False,True,True,True,0,True,1359.8267059160282,False,88.36545889944,0.1921684302195981,88.7421090226704,87.9888087762096,0.0947193628299684,0.118562831632653,0.0013657668785947,True,65.09720506,64.95810847,65.23630165,pass_all
151,152.0,2022-10-26 17:50:02,False,True,True,True,0,True,1361.07615904,False,88.211682726,0.201116773736199,88.60587160252295,87.81749384947706,0.1139158565471959,0.1183565051020407,0.0013657668785947,True,94.76891533,92.64239333,96.89543733,pass_all
152,153.0,2022-10-26 17:53:09,False,True,True,False,0,False,1335.5408344039718,False,73.802296296,0.1587853461182536,74.11351557439177,73.49107701760822,0.0751877379111997,0.0990229591836734,0.0013657668785947,True,108.1917184,107.8777147,108.5057221,fail_stanford
153,154.0,2022-10-26 17:56:19,False,True,True,True,0,True,1344.22248396,False,73.98116947103999,0.1654354287766439,74.30542291144221,73.65691603063777,0.089056286143623,0.0992629591836734,0.0013657668785947,True,67.648259325,63.71622219,71.58029646,pass_all
154,155.0,2022-10-26 17:59:29,False,True,True,True,0,True,1329.156319763972,False,73.92327525144,0.1605272791033228,74.23790871848252,73.60864178439749,0.0787126531296709,0.0991852806122448,0.0013657668785947,True,75.57265118000001,75.34083323,75.80446913,pass_all
155,156.0,2022-10-26 18:02:42,False,True,True,False,0,False,1349.258026443972,False,940.5146980512,117.67992891091592,1171.1673587165951,709.8620373858048,123.7750999472122,1.2619193877551025,0.0013657668785947,True,981.0595302,967.0977489,995.0213115,fail_stanford
156,157.0,2022-10-26 18:05:48,False,True,False,True,0,False,1350.9744526800002,False,1044.5508958656,30.328629559206025,1103.9950098016438,985.1067819295563,31.833330544135706,1.401508163265306,0.0013657668785947,False,,,,fail_operator
157,158.0,2022-10-26 18:08:58,False,True,False,True,0,False,1347.804614323972,False,1045.2119737032,28.052959317427444,1100.1957739653578,990.2281734410424,29.433729485353187,1.4023951530612244,0.0013657668785947,False,,,,fail_operator
158,159.0,2022-10-26 18:12:04,False,True,False,True,0,False,1340.17228698,False,1050.5507904072,25.95949472996098,1101.4314000779236,999.6701807364766,27.22461399194064,1.409558418367347,0.0013657668785947,False,,,,fail_operator
159,160.0,2022-10-26 18:15:16,False,True,True,True,0,True,1371.979483863972,False,1041.956208132,27.960059232812178,1096.7579242283118,987.1544920356881,29.33622703202607,1.398026785714286,0.0013657668785947,True,1206.435883,1191.672538,1221.199228,pass_all
160,161.0,2022-10-26 18:18:27,False,True,False,True,0,False,1338.0703620439722,False,1037.1284576424,28.328946032104813,1092.6531918653254,981.6037234194746,29.725940714512507,1.3915492346938776,0.0013657668785947,False,,,,fail_operator
161,162.0,2022-10-26 18:21:39,False,True,True,True,0,True,1348.0506773239715,False,1022.9258362824,23.637036218054803,1069.2544272697874,976.5972452950126,24.778148041765768,1.372493112244898,0.0013657668785947,True,1088.6591085,1079.092911,1098.225306,pass_all
162,163.0,2022-10-26 18:24:48,False,True,True,True,0,True,1308.73363768,False,1019.7385170792,26.749337156149423,1072.167217905253,967.3098162531472,28.0625539741582,1.368216581632653,0.0013657668785947,True,2186.6475840000003,2183.988605,2189.306563,pass_all
163,164.0,2022-10-26 18:28:02,False,True,True,True,0,True,1374.487139456028,False,1021.9476236064,33.36360397318923,1087.340287393851,956.5549598189491,35.034971020589694,1.3711806122448982,0.0013657668785947,True,1567.436052,1535.465077,1599.407027,pass_all
164,165.0,2022-10-26 18:31:09,False,True,False,True,0,False,1345.627230396028,False,1008.7123775808,31.04654005205125,1069.5635960828204,947.8611590787796,32.59474453884463,1.353422448979592,0.0013657668785947,False,,,,fail_operator
165,166.0,2022-10-26 18:34:18,False,True,False,False,0,False,1335.351639516028,True,41.96355560256,103.13117419503372,244.1006570248261,-160.17354581970608,108.48555730451052,0.0820053284129864,0.000250390594409,False,,,,fail_all
166,167.0,2022-10-26 18:37:29,True,False,True,False,0,False,1349.600874223972,False,0.0,0.0,0.0,0.0,0.0,0.0,0.0,False,0.0,0.0,0.0,fail_stanford
167,168.0,2022-10-26 18:40:38,True,False,True,False,0,False,1342.7985993999998,False,0.0,0.0,0.0,0.0,0.0,0.0,0.0,False,0.0,0.0,0.0,fail_stanford
168,169.0,2022-10-26 18:43:47,True,False,True,True,0,True,1320.8333756000002,False,0.0,0.0,0.0,0.0,0.0,0.0,0.0,False,0.0,0.0,0.0,pass_all
169,170.0,2022-10-26 18:46:59,True,False,True,True,0,True,1363.146915996028,False,0.0,0.0,0.0,0.0,0.0,0.0,0.0,False,0.0,0.0,0.0,pass_all
170,171.0,2022-10-26 18:50:03,False,True,True,False,1,False,1337.17688006,False,0.9431242158311998,0.0256097332630963,0.9933192930268685,0.892929138635531,0.0262714087257211,0.0057888041658845,0.0013657668785947,False,0.0,0.0,0.0,fail_stanford
171,172.0,2022-10-26 18:53:16,False,True,True,False,1,False,1314.892321276028,False,0.9044215022388,0.0223668292006159,0.9482604874720072,0.8605825170055929,0.0227641375162255,0.0057876115425422,0.0013657668785947,False,0.0,0.0,0.0,fail_stanford
172,173.0,2022-10-26 18:56:27,False,True,True,False,1,False,1319.431910003972,False,0.8767934109888,0.0211892049611837,0.9183242527127201,0.83526256926488,0.0214842176183166,0.0057867277175086,0.0013657668785947,False,0.0,0.0,0.0,fail_stanford
173,174.0,2022-10-26 18:59:36,False,True,True,True,1,True,1324.223030236028,False,0.8448908440571999,0.0248751558718291,0.893646149565985,0.7961355385484149,0.0254870271629193,0.0057856675213614,0.0013657668785947,False,0.0,0.0,0.0,pass_all
174,175.0,2022-10-26 19:02:45,False,True,True,True,1,True,1304.12241706,False,0.8278083417636,0.0238961901260559,0.8746448744106695,0.7809718091165304,0.0244300761327965,0.0057850860394895,0.0013657668785947,False,0.0,0.0,0.0,pass_all
175,176.0,2022-10-26 19:05:52,False,True,True,False,0,False,1299.18147202,False,4.204244004168,0.0252201441199327,4.253675486643068,4.154812521692932,0.0250886238518508,0.0058315829356632,0.0013657668785947,True,5.635711847,5.312466529,5.958957165,fail_stanford
176,177.0,2022-10-26 19:09:02,False,True,True,False,1,False,1307.900851236028,False,4.234657007016001,0.024200003574428,4.28208901402188,4.187225000010121,0.0239387566900289,0.0058317899974545,0.0013657668785947,True,6.450454629999999,6.176798979,6.724110281,fail_stanford
177,178.0,2022-10-26 19:12:11,False,True,True,True,1,True,1336.06631572,False,4.214550886416001,0.0291530678856471,4.271690899471869,4.157410873360133,0.0294256225946834,0.0058316530936138,0.0013657668785947,True,2.9738558075,2.52829553,3.419416085,pass_all
178,179.0,2022-10-26 19:15:23,False,True,True,True,1,True,1298.337202636028,False,4.212183782856,0.0219893467372956,4.255282902461099,4.169084663250901,0.0214595595386582,0.0058316372456883,0.0013657668785947,True,3.149728932,2.829097843,3.470360021,pass_all
179,180.0,2022-10-26 19:18:36,False,True,True,False,0,False,1307.559643876028,False,3.364279302254401,0.0248747746417542,3.4130338605522392,3.3155247439565625,0.0249977757459352,0.0058251849716367,0.0013657668785947,False,0.0,0.0,0.0,fail_stanford
180,181.0,2022-10-26 19:21:47,False,True,True,False,0,False,1306.26808642,False,3.3424437700896004,0.0259279973554922,3.393262644906365,3.2916248952728355,0.0261616564364396,0.0058249980894631,0.0013657668785947,True,4.3737344675,3.887763971,4.859704964,fail_stanford
181,182.0,2022-10-26 19:25:03,False,True,True,False,0,False,1318.9206458799997,False,0.6915769687944001,0.0235777987413504,0.7377894543274469,0.6453644832613533,0.0240963701529743,0.0057799610335198,0.0013657668785947,False,0.0,0.0,0.0,fail_stanford
182,183.0,2022-10-26 19:28:08,False,True,True,True,0,True,1310.747526523972,False,0.6829413186983999,0.0235704923104808,0.7291394836269423,0.6367431537698576,0.0240891079101133,0.0057796028741062,0.0013657668785947,False,0.0,0.0,0.0,pass_all
183,184.0,2022-10-26 19:31:15,False,True,True,True,0,True,1299.326375896028,False,0.6778340788728001,0.0221546997024888,0.7212572902896781,0.6344108674559221,0.0225537007244066,0.0057793910180469,0.0013657668785947,False,0.0,0.0,0.0,pass_all
184,185.0,2022-10-26 19:34:27,False,True,True,True,0,True,1296.61585514,False,0.6658365713351999,0.0255792829671493,0.7159719659508126,0.6157011767195872,0.0262601587347236,0.005778876969996,0.0013657668785947,False,0.0,0.0,0.0,pass_all
185,186.0,2022-10-26 19:37:39,False,True,True,True,0,True,1323.991731016028,False,0.6607321834416002,0.0210202283051385,0.7019318309196717,0.6195325359635288,0.0213197404976734,0.0057786647001114,0.0013657668785947,False,0.0,0.0,0.0,pass_all
186,187.0,2022-10-26 19:40:57,False,True,True,False,0,False,1289.776397243972,False,1.6761237857664,0.0217589072095807,1.718771243897178,1.633476327635622,0.0219947889816147,0.0058052293224228,0.0013657668785947,True,3.5117116690000003,3.056302375,3.967120963,fail_stanford
187,188.0,2022-10-26 19:44:08,False,True,True,False,0,False,1295.137289803972,False,1.6766451189360003,0.0220875011807941,1.7199366212503568,1.6333536166216438,0.0223541762950574,0.0058052381598528,0.0013657668785947,False,0.0,0.0,0.0,fail_stanford
188,189.0,2022-10-26 19:47:23,False,True,True,True,0,True,1268.74347892,False,1.66330378104,0.0259677210708264,1.7142005143388197,1.6124070477411803,0.0265733518104261,0.0058050087592354,0.0013657668785947,False,0.0,0.0,0.0,pass_all
189,190.0,2022-10-26 19:50:33,False,True,True,False,0,False,1302.23593406,False,78.47701211448002,0.2824221400448871,79.030559508968,77.92346471999204,0.2512102710304382,0.1052951785714285,0.0013657668785947,True,82.396794125,81.21296517,83.58062308,fail_stanford
190,191.0,2022-10-26 19:53:44,False,True,True,False,0,False,1275.15916154,False,78.84422687880001,0.1682339345828302,79.17396539058237,78.51448836701766,0.0769995157369761,0.1057878826530611,0.0013657668785947,True,81.3554752,81.3554752,81.3554752,fail_stanford
191,192.0,2022-10-26 19:56:54,False,True,False,False,0,False,1297.7067344400002,True,78.77258634696,0.1741318112119985,79.11388469693551,78.43128799698448,0.0906056704926561,0.1056917602040816,0.0013657668785947,False,,,,fail_all
192,193.0,2022-10-26 20:00:05,False,True,False,False,0,False,1293.5592057639722,True,46.72810727904,0.1099212587601587,46.94355294620991,46.512661611870094,0.0667235409376195,0.0626966326530612,0.0013657668785947,False,,,,fail_all
193,194.0,2022-10-26 20:03:11,False,True,True,True,1,True,1277.4836366799998,False,46.70472143663999,0.1111452398691186,46.922566106783464,46.48687676649652,0.0689953749371058,0.0626652551020407,0.0013657668785947,True,48.16028476,46.95319834,49.36737118,pass_all
194,195.0,2022-10-26 20:06:18,False,True,True,True,1,True,1288.61060554,False,46.73118736559999,0.1159605732354066,46.95847008914139,46.50390464205859,0.0772033370667179,0.0627007653061224,0.0013657668785947,True,37.810243670000006,37.68060855,37.93987879,pass_all
195,196.0,2022-10-26 20:09:25,False,True,False,False,0,False,1490.348910223972,True,71.11589042928,0.1576432389892802,71.42487117769899,70.80690968086101,0.0827242689781306,0.0954185204081632,0.0013657668785947,False,,,,fail_all
196,197.0,2022-10-26 20:12:35,False,True,True,False,0,False,1286.662333496028,False,12.27990584424,0.0384105290263219,12.35519048113159,12.20462120734841,0.0318852097905883,0.0164763520408162,0.0013657668785947,True,11.63974637,11.31437925,11.96511349,fail_stanford
197,198.0,2022-10-26 20:15:42,False,True,True,True,1,True,1313.132150616028,False,12.190845711744,0.0345767087067118,12.258616060809155,12.123075362678845,0.0267570110058299,0.016356857142857,0.0013657668785947,True,7.8392823965,6.915948904,8.762615889,pass_all
198,199.0,2022-10-26 20:18:51,False,True,True,True,1,True,1262.09649708,False,12.131074920888,0.0336039376315866,12.19693863864591,12.06521120313009,0.0254653710233315,0.0162766607142856,0.0013657668785947,True,9.380763391,8.433016162,10.32851062,pass_all
199,200.0,2022-10-26 20:22:00,False,True,True,True,1,True,1284.177643783972,False,12.103411180488,0.0332269619163156,12.168536025843977,12.038286335132021,0.0249668910793773,0.0162395433673468,0.0013657668785947,True,10.8507100575,8.781718735,12.91970138,pass_all
200,201.0,2022-10-26 20:25:08,False,True,True,False,0,False,1268.742932003972,False,8.286522284424,0.029595749487331,8.344529953419169,8.228514615428832,0.0262445353924603,0.0111182984693876,0.0013657668785947,True,8.134018121,5.131528212,11.13650803,fail_stanford
201,202.0,2022-10-26 20:28:19,False,True,True,False,0,False,1293.0840308799998,False,6.384528906576,0.0262400916467989,6.435959486203726,6.3330983269482735,0.0244011221748064,0.008566331632653,0.0013657668785947,True,8.645793405500001,8.477368859,8.814217952,fail_stanford
202,203.0,2022-10-26 20:31:31,False,True,True,False,0,False,1208.202685316028,False,6.350362761216,0.0272298000728528,6.403733169358792,6.296992353073208,0.0256075976014005,0.0085204897959183,0.0013657668785947,True,7.4107542935,6.61039283,8.211115757,fail_stanford
203,204.0,2022-10-26 20:34:42,False,True,True,False,0,False,1258.926658723972,False,7.13755873572,0.0828446513921066,7.299934252448529,6.975183218991471,0.0859437434052559,0.0095766964285713,0.0013657668785947,True,7.394189652,6.855540075,7.932839229,fail_stanford
204,205.0,2022-10-26 20:37:47,False,True,True,False,0,False,1221.03678448,False,2.8398517864344006,0.0240113380420452,2.886914008996809,2.792789563871992,0.0242006115045306,0.0058203251062348,0.0013657668785947,True,1.5416684909999998,1.309914404,1.773422578,fail_stanford
205,206.0,2022-10-26 20:40:55,False,True,True,False,0,False,1260.861807736028,False,2.8021737720096005,0.0253859127934836,2.8519301610848284,2.7524173829343725,0.0257156249456582,0.0058199421081683,0.0013657668785947,False,0.0,0.0,0.0,fail_stanford
206,207.0,2022-10-27 16:37:24,True,False,True,True,1,True,1418.60076718,False,0.0,0.0,0.0,0.0,0.0,0.0,0.0,False,0.0,0.0,0.0,pass_all
207,208.0,2022-10-27 16:40:46,False,True,True,False,0,False,1386.152712663972,False,7.691235666132,4.802332354699646,17.103807081343305,-1.7213357490793069,5.051637744786476,0.0107878377527393,0.0013430040972848,True,2.993292843,2.406372678,3.580213008,fail_stanford
208,209.0,2022-10-27 16:43:54,False,True,False,False,0,False,1431.561178683972,True,6.991345885944001,0.4758397018515932,7.923991701573123,6.058700070314878,0.5003451277925695,0.0093805178571428,0.0013657668785947,False,,,,fail_all
209,210.0,2022-10-27 16:47:11,False,True,True,False,0,False,1377.5476162599998,False,6.723093162024001,0.0261992109353703,6.774443615457327,6.671742708590675,0.0239774479636064,0.009020594387755,0.0013657668785947,True,9.1220838315,9.084138202,9.160029461,fail_stanford
210,211.0,2022-10-27 16:50:18,False,True,False,False,0,False,1435.280010823972,True,7.023812279832,0.0272878261736268,7.077296419132308,6.9703281405316915,0.0249492299938922,0.0094240790816326,0.0013657668785947,False,,,,fail_all
211,212.0,2022-10-27 16:53:38,False,True,True,True,0,True,1408.370561143972,False,6.991682413920001,0.0280650246578935,7.0466898622494725,6.93667496559053,0.0259211581662155,0.009380969387755,0.0013657668785947,True,5.509334696,5.334923728,5.683745664,pass_all
212,213.0,2022-10-27 16:56:41,False,True,True,False,0,False,1400.22642276,False,3.344808592104,0.0271525937141498,3.3980276757837338,3.2915895084242663,0.0275013285152135,0.0058250182999833,0.0013657668785947,False,0.0,0.0,0.0,fail_stanford
213,214.0,2022-10-27 17:00:01,False,True,True,False,0,False,1415.353282496028,False,0.7339429890408,0.0249722546831339,0.7828886082197425,0.6849973698618576,0.0256006016817534,0.0057816538707912,0.0013657668785947,False,0.0,0.0,0.0,fail_stanford
214,215.0,2022-10-27 17:03:09,False,True,True,False,0,False,1396.324957083972,False,2.2653375000576004,0.0252139209448203,2.314756785109448,2.2159182150057526,0.025650489408355,0.0058138489179831,0.0013657668785947,False,0.0,0.0,0.0,fail_stanford
215,216.0,2022-10-27 17:06:28,False,True,True,True,1,True,1387.0183078360285,False,2.25147197706,0.0258801908183596,2.302197151063985,2.200746803056015,0.0263772967980587,0.0058136730147918,0.0013657668785947,False,0.0,0.0,0.0,pass_all
216,217.0,2022-10-27 17:09:35,False,True,True,True,1,True,1375.14604138,False,2.2327701477768,0.0227985215338145,2.2774552499830767,2.1880850455705234,0.0230209313914275,0.0058134345797417,0.0013657668785947,False,0.0,0.0,0.0,pass_all
217,218.0,2022-10-27 17:12:53,False,True,True,False,0,False,1416.9833130599998,False,31.917077561616,0.0793469568207001,32.07259759698457,31.76155752624743,0.0529728079653024,0.0428241887755101,0.0013657668785947,True,25.944037185,25.87623918,26.01183519,fail_stanford
218,219.0,2022-10-27 17:15:57,False,True,True,True,0,True,1395.293132903972,False,32.087919696144,0.0721213160630751,32.229277475627626,31.94656191666037,0.0393752283480063,0.043053413265306,0.0013657668785947,True,48.852527815,48.23225702,49.47279861,pass_all
219,220.0,2022-10-27 17:19:13,True,False,True,False,0,False,1421.349017596028,False,0.0,0.0,0.0,0.0,0.0,0.0,0.0,False,0.0,0.0,0.0,fail_stanford
220,221.0,2022-10-27 17:22:21,False,True,True,True,0,True,1397.2539817200002,False,7.939464975479999,0.0280613880706638,7.9944652960985,7.884464654861498,0.0247766731463969,0.0106526403061223,0.0013657668785947,True,6.6113403135,5.642583507,7.58009712,pass_all
221,222.0,2022-10-27 17:25:47,False,True,True,True,0,True,1407.1205611039718,False,7.888489542912,0.0291513081738288,7.945626106932704,7.831352978891295,0.0261950211856232,0.0105842448979591,0.0013657668785947,True,5.223009521,4.417470739,6.028548303,pass_all
222,223.0,2022-10-27 17:28:58,False,True,True,True,0,True,1407.562381,False,7.871400766368001,0.0283538032365277,7.926974220711595,7.815827312024406,0.0252296019840026,0.0105613163265305,0.0013657668785947,True,7.794500719,5.694427986,9.894573452,pass_all
223,224.0,2022-10-27 17:32:16,False,True,True,False,0,False,1405.5293537039722,False,4.450479813048001,0.032977488790404,4.515115691077193,4.385843935018809,0.0335277030306055,0.0058332175863978,0.0013657668785947,False,0.0,0.0,0.0,fail_stanford
224,225.0,2022-10-27 17:35:24,False,True,True,True,0,True,1408.792149083972,False,4.426820185175999,0.0255347136147517,4.4768682238609125,4.376772146491086,0.0253515484232743,0.0058330647606812,0.0013657668785947,True,3.394173465,0.0,6.78834693,pass_all
225,226.0,2022-10-27 17:38:48,False,True,True,True,0,True,1395.23134386,False,4.4242021116000005,0.0276806158637868,4.478456118693023,4.369948104506978,0.02773291356701,0.0058330476832492,0.0013657668785947,False,0.0,0.0,0.0,pass_all
226,227.0,2022-10-27 17:41:52,False,True,True,True,0,True,1412.1369654639718,False,4.425205991664,0.0238156555815114,4.4718846766037625,4.378527306724237,0.0234277572007571,0.0058330543437704,0.0013657668785947,False,0.0,0.0,0.0,pass_all
227,228.0,2022-10-27 17:45:13,False,True,True,True,0,True,1397.081190703972,False,23.548562232192,0.0528558674532402,23.652159732400353,23.44496473198365,0.0287498308793844,0.0315958775510203,0.0013657668785947,True,24.793019845,24.38861676,25.19742293,pass_all
228,229.0,2022-10-27 17:48:22,False,True,True,True,0,True,1425.55614798,False,23.571195164544,0.0531512387476962,23.675371592489487,23.467018736598515,0.0292719032984167,0.0316262448979591,0.0013657668785947,True,14.390536195,11.05043343,17.73063896,pass_all
229,230.0,2022-10-27 17:51:41,False,True,True,True,0,True,1362.9626420400002,False,23.595117170159995,0.0536347310498883,23.700241243017775,23.489993097302214,0.030155705759118,0.0316583418367346,0.0013657668785947,True,22.34656359,20.3419441,24.35118308,pass_all
230,231.0,2022-10-27 17:54:46,False,True,True,True,1,True,1403.37766958,False,1.3903122869088,0.0276352050862866,1.4444772888779218,1.3361472849396783,0.0284079306167384,0.0057998835135786,0.0013657668785947,False,0.0,0.0,0.0,pass_all
231,232.0,2022-10-27 17:58:03,False,True,True,True,1,True,1360.78252386,False,5.913720564288,0.0283391145645477,5.969265228834513,5.858175899741487,0.0273098934578288,0.0079346326530611,0.0013657668785947,False,0.0,0.0,0.0,pass_all
232,233.0,2022-10-27 18:01:09,False,True,True,True,1,True,1397.3644367760278,False,5.909476889472002,0.0275021624812538,5.963381127935259,5.855572651008744,0.0263499482391027,0.0079289387755101,0.0013657668785947,False,0.0,0.0,0.0,pass_all
233,234.0,2022-10-27 18:04:29,False,True,True,True,1,True,1368.1239502760282,False,5.898930444936,0.0260006359198978,5.949891691338999,5.847969198533001,0.0246157296548503,0.007914788265306,0.0013657668785947,False,0.0,0.0,0.0,pass_all
234,235.0,2022-10-27 18:07:44,False,True,True,True,1,True,1403.9715016200005,False,519.0459201360001,4.946962978328284,528.7419675735235,509.34987269847664,5.096983674318688,0.6964209183673469,0.0013657668785947,True,475.3436978,441.2086198,509.4787758,pass_all
235,236.0,2022-10-27 18:11:05,False,True,True,True,1,True,1355.4495184399998,False,534.4195447752,4.191331329655689,542.6345541813253,526.2045353690748,4.274609462982186,0.7170482142857143,0.0013657668785947,True,579.11889795,568.0253303,590.2124656,pass_all
236,237.0,2022-10-27 18:14:15,False,True,True,True,1,True,1371.244575703972,False,538.1247748296001,4.489187431852257,546.9235821960306,529.3259674631697,4.595328671596838,0.7220196428571429,0.0013657668785947,True,513.03153645,510.5028502,515.5602227,pass_all
237,238.0,2022-10-27 18:17:51,False,True,True,True,1,True,1398.9583781,False,538.1327602392,3.7901313408658432,545.5614176672971,530.704102811103,3.835716779633161,0.7220303571428573,0.0013657668785947,True,629.3645157000001,619.0184739,639.7105575,pass_all
238,239.0,2022-10-27 18:20:58,False,True,True,True,1,True,1406.81763032,False,538.3717521408,4.590627965025691,547.3693829522504,529.3741213293497,4.704800104905482,0.7223510204081635,0.0013657668785947,True,474.8036352,467.6130994,481.994171,pass_all
239,240.0,2022-10-27 18:24:26,False,True,True,True,1,True,1423.0288076760282,False,536.3023902816001,4.061430380186751,544.2627938267661,528.341986736434,4.132529914992153,0.7195744897959185,0.0013657668785947,True,608.9037129999999,605.1380041,612.6694219,pass_all
240,241.0,2022-10-27 18:27:36,False,True,True,True,1,True,1421.91441558,False,536.2550482104001,4.088653107421837,544.268808300947,528.2412881198533,4.162152625908373,0.7195109693877552,0.0013657668785947,True,475.8708682,472.9107359,478.8310005,pass_all
241,242.0,2022-10-27 18:31:02,True,False,True,False,0,False,1398.4662521000002,False,0.0,0.0,0.0,0.0,0.0,0.0,0.0,False,0.0,0.0,0.0,fail_stanford
242,243.0,2022-10-27 18:34:10,True,False,True,True,0,True,1429.120233723972,False,0.0,0.0,0.0,0.0,0.0,0.0,0.0,False,0.0,0.0,0.0,pass_all
243,244.0,2022-10-27 18:37:32,False,True,True,True,0,True,1420.2931337039722,False,2.75065989468,0.0300936900915866,2.8096435272595097,2.6916762621004904,0.0308376919930403,0.0058194097738177,0.0013657668785947,False,0.0,0.0,0.0,pass_all
244,245.0,2022-10-27 18:40:34,False,True,True,True,0,True,1427.040181163972,False,2.6187472023384,0.0246060952898963,2.6669751491065967,2.5705192555702037,0.0249088171205652,0.0058180018762918,0.0013657668785947,False,0.0,0.0,0.0,pass_all
245,246.0,2022-10-27 18:43:55,False,True,True,True,0,True,1463.922837856028,False,11.637730611936,0.0315306537811048,11.699530693346965,11.575930530525035,0.0233869199427112,0.0156147244897958,0.0013657668785947,True,4.13359987,0.0,8.26719974,pass_all
246,247.0,2022-10-27 18:47:05,False,True,True,True,0,True,1441.68147658,False,11.559382336032,0.0345042870633929,11.62701073867625,11.49175393338775,0.0277786542120115,0.0155096020408162,0.0013657668785947,True,6.2556061645,4.710103465,7.801108864,pass_all
247,248.0,2022-10-27 18:50:27,False,True,True,True,0,True,1380.384995943972,False,11.645248304688002,0.0349375405692744,11.713725884203779,11.576770725172224,0.0282277702428186,0.0156248112244897,0.0013657668785947,True,7.571131327,7.397082331,7.745180323,pass_all
248,249.0,2022-10-27 18:53:33,False,True,True,True,1,True,1384.1267939639722,False,6.6315803680080005,0.0311514509348776,6.692637211840361,6.57052352417564,0.0299028487277366,0.0088978086734693,0.0013657668785947,False,0.0,0.0,0.0,pass_all
249,250.0,2022-10-27 18:56:59,False,True,True,True,0,True,1386.2117677839722,False,14.283467928336,0.0389336366026383,14.359777856077171,14.207158000594829,0.029052900622421,0.0191645969387754,0.0013657668785947,True,7.3864420885,5.909153671,8.863730506,pass_all
250,251.0,2022-10-27 19:00:06,False,True,True,True,0,True,1367.3201444760282,False,14.257595201232,0.0343757981503314,14.32497176560665,14.19021863685735,0.0218485328832975,0.0191298826530611,0.0013657668785947,True,19.338956685,15.87214381,22.80576956,pass_all
251,252.0,2022-10-27 19:03:30,False,True,True,True,1,True,1359.1989716439718,False,22.254657795384,0.0490962859937144,22.35088651593168,22.158429074836317,0.025386413902863,0.0298598035714285,0.0013657668785947,True,14.89568436,14.26900508,15.52236364,pass_all
252,253.0,2022-10-27 19:06:40,False,True,True,True,1,True,1380.7579182,False,15.992642183664,0.0408680707750013,16.072743602383003,15.912540764944998,0.0283468442149941,0.0214578520408162,0.0013657668785947,True,11.719267805,11.61646721,11.8220684,pass_all
253,254.0,2022-10-27 19:10:01,False,True,True,True,1,True,1330.7092509160282,False,15.963101872008002,0.0394975553944919,16.040517080581207,15.885686663434798,0.0261824921966399,0.0214182168367346,0.0013657668785947,True,18.10736264,18.10736264,18.10736264,pass_all
254,255.0,2022-10-27 19:13:12,False,True,True,True,0,True,1382.2840557160278,False,2.2121888953056,0.0255391475264205,2.2622456244573845,2.1621321661538158,0.0260146828861663,0.0058131690407698,0.0013657668785947,False,0.0,0.0,0.0,pass_all
255,256.0,2022-10-27 19:16:40,False,True,True,True,0,True,1355.1963468439722,False,2.1900493471896,0.026232465491781,2.2414649795534904,2.1386337148257093,0.0267713982041168,0.005812880943464,0.0013657668785947,False,0.0,0.0,0.0,pass_all
256,257.0,2022-10-27 19:19:47,False,True,True,True,1,True,1388.9550969400002,False,10.507156320768,0.0292580463012547,10.56450209151846,10.449810550017542,0.022278575008442,0.0140977959183672,0.0013657668785947,True,8.2022129055,7.794368065,8.610057746,pass_all
257,258.0,2022-10-27 19:23:16,False,True,True,True,1,True,1347.9517055360282,False,10.492052488896,0.0323881151746301,10.555533194638276,10.428571783153725,0.0266672677672364,0.0140775306122448,0.0013657668785947,True,7.07721934,6.700771503,7.453667177,pass_all
258,259.0,2022-10-27 19:26:22,False,True,True,True,1,True,1386.715376723972,False,10.473868570464,0.0321775000782461,10.536936470617363,10.410800670310639,0.0264131227785593,0.0140531326530611,0.0013657668785947,True,9.9551038675,9.319671705,10.59053603,pass_all
259,260.0,2022-10-27 19:29:32,False,True,True,True,1,True,1354.700940003972,False,10.460835241224002,0.0325836313774001,10.524699158723706,10.396971323724298,0.0269790827450215,0.0140356454081632,0.0013657668785947,True,8.731299221,8.731299221,8.731299221,pass_all
260,261.0,2022-10-27 19:32:37,False,True,True,True,1,True,1397.253434803972,False,10.466573328407998,0.0335424362770728,10.53231650351106,10.400830153304936,0.028240694690644,0.014043344387755,0.0013657668785947,False,0.0,0.0,0.0,pass_all
261,262.0,2022-10-27 19:35:58,False,True,True,True,0,True,1356.411898063972,False,0.928728803868,0.0258186855099656,0.9793334274675326,0.8781241802684675,0.0264980080875934,0.0057883651578299,0.0013657668785947,False,0.0,0.0,0.0,pass_all
262,263.0,2022-10-27 19:39:05,False,True,True,True,0,True,1358.8238623799998,False,0.9197959824576,0.028507888877411,0.9756714446573256,0.8639205202578744,0.0293912309966477,0.0057880871770239,0.0013657668785947,False,0.0,0.0,0.0,pass_all
263,264.0,2022-10-27 19:42:36,False,True,True,True,0,True,1344.93606666,False,0.921236778504,0.02570646973861,0.9716214591916756,0.8708520978163243,0.0263776583892826,0.0057881342229117,0.0013657668785947,False,0.0,0.0,0.0,pass_all
264,265.0,2022-10-27 19:45:42,False,True,True,True,0,True,1373.044116443972,False,0.9184544336448,0.0255299657379935,0.9684931664912673,0.8684157007983326,0.0261875293680026,0.0057880480618312,0.0013657668785947,False,0.0,0.0,0.0,pass_all
265,266.0,2022-10-27 19:49:01,True,False,True,True,0,True,1357.822659263972,False,0.0,0.0,0.0,0.0,0.0,0.0,0.0,False,0.0,0.0,0.0,pass_all
266,267.0,2022-10-27 19:52:09,True,False,True,True,0,True,1366.7798993800002,False,0.0,0.0,0.0,0.0,0.0,0.0,0.0,False,0.0,0.0,0.0,pass_all
267,268.0,2022-10-27 19:55:23,True,False,True,True,0,True,1362.293897596028,False,0.0,0.0,0.0,0.0,0.0,0.0,0.0,False,0.0,0.0,0.0,pass_all
268,269.0,2022-10-27 19:58:28,True,False,True,True,0,True,1377.57222256,False,0.0,0.0,0.0,0.0,0.0,0.0,0.0,False,0.0,0.0,0.0,pass_all
269,270.0,2022-10-27 20:01:42,True,False,True,True,0,True,1355.7108921360282,False,0.0,0.0,0.0,0.0,0.0,0.0,0.0,False,0.0,0.0,0.0,pass_all
270,271.0,2022-10-27 20:04:44,False,True,True,True,0,True,1384.556037416028,False,0.6403340250047999,0.0245700110580513,0.6884912466785804,0.5921768033310193,0.0251729719657103,0.0057777658346122,0.0013657668785947,False,0.0,0.0,0.0,pass_all
271,272.0,2022-10-27 20:08:04,False,True,True,True,0,True,1355.280008263972,False,25.379137528896003,0.0625132731433301,25.501663544256928,25.256611513535077,0.0411535200710374,0.0340520204081632,0.0013657668785947,True,30.047823995,27.0695804,33.02606759,pass_all
272,273.0,2022-10-27 20:11:03,False,True,True,False,0,False,1351.18278602,False,18.822055328592,0.0432737304607756,18.90687184029512,18.73723881688888,0.025004244032984,0.0252541683673469,0.0013657668785947,True,17.38043613,15.35553095,19.40534131,fail_stanford
273,274.0,2022-10-27 20:14:19,False,True,True,False,0,False,1350.1050300799998,False,0.1490750487312,0.930069083501022,1.9720104523932032,-1.673860354930803,0.9783568016271956,0.0003517547183172,6.828834392974e-05,False,0.0,0.0,0.0,fail_stanford
274,275.0,2022-10-28 16:41:12,False,True,True,False,0,False,1358.349781,False,7.395999436513125,7.870574338915289,22.82232514078709,-8.030326267760842,8.282242382702007,0.0100140468132537,0.0010666753563311,True,10.0324892395,8.876672509,11.18830597,fail_stanford
275,276.0,2022-10-28 16:44:23,False,True,True,True,0,True,1370.12635618,False,6.122644606062,0.0800109652169219,6.279466097887167,5.965823114236833,0.0832838531810217,0.0082179795918366,0.0013617132208482,True,7.2302981415,4.572675041,9.887921242,pass_all
276,277.0,2022-10-28 16:47:43,False,True,True,False,0,False,1370.06730106,False,3.01412424720015,0.0282204457072345,3.0694363207863296,2.9588121736139703,0.028763377961497,0.0058220428941011,0.0013617132208482,False,0.0,0.0,0.0,fail_stanford
277,278.0,2022-10-28 16:50:54,False,True,True,True,1,True,1362.99545044,False,2.9573358255827995,0.0269956169760943,3.010247234855944,2.904424416309655,0.0274448376740678,0.0058214975993253,0.0013617132208482,False,0.0,0.0,0.0,pass_all
278,279.0,2022-10-28 16:54:17,False,True,True,True,1,True,1356.37143448,False,2.9301583710516748,0.0258814932189803,2.980886097760876,2.8794306443424733,0.0262364310700772,0.0058212329839404,0.0013617132208482,False,0.0,0.0,0.0,pass_all
279,280.0,2022-10-28 16:57:26,False,True,True,True,1,True,1372.327252903972,False,2.928052139707125,0.0266105544738339,2.9802088264758395,2.8758954529384106,0.0270325124587136,0.0058212123020161,0.0013617132208482,False,0.0,0.0,0.0,pass_all
280,281.0,2022-10-28 17:00:47,False,True,True,False,0,False,1352.21296978,False,18.870407406355504,0.0484570302554377,18.96538318565616,18.775431627054846,0.033896320244264,0.0253283724489795,0.0013617132208482,True,17.78802092,17.2363069,18.33973494,fail_stanford
281,282.0,2022-10-28 17:03:52,False,True,True,True,0,True,1365.946019103972,False,18.92499038594775,0.0440512568336884,19.011330849341782,18.83864992255372,0.0262532050537304,0.0254016352040815,0.0013617132208482,True,23.83493837,23.2547776,24.41509914,pass_all
282,283.0,2022-10-28 17:07:10,True,False,True,False,0,False,1372.5585521239718,False,0.0,0.0,0.0,0.0,0.0,0.0,0.0,False,0.0,0.0,0.0,fail_stanford
283,284.0,2022-10-28 17:10:18,False,True,True,False,0,False,1365.61520118,False,1.415711893866525,0.0289249990082564,1.4724048919227075,1.3590188958103424,0.0298038089107154,0.0058004108457901,0.0013617132208482,False,0.0,0.0,0.0,fail_stanford
284,285.0,2022-10-28 17:13:39,False,True,True,True,0,True,1380.913211183972,False,1.390678872493725,0.0248308967455758,1.4393474301150535,1.3420103148723963,0.0253914382519323,0.0057999026723887,0.0013617132208482,False,0.0,0.0,0.0,pass_all
285,286.0,2022-10-28 17:16:45,False,True,True,True,0,True,1364.1836614360282,False,1.3782889409514751,0.0242931626676972,1.4259035397801616,1.3306743421227887,0.0248103759314047,0.0057996471543033,0.0013617132208482,False,0.0,0.0,0.0,pass_all
286,287.0,2022-10-28 17:20:05,False,True,True,True,0,True,1393.1808188599998,False,1.3684043641812749,0.0271899178793753,1.4216966032248504,1.3151121251376994,0.0279421186576459,0.0057994403858884,0.0013617132208482,False,0.0,0.0,0.0,pass_all
287,288.0,2022-10-28 17:23:07,False,True,True,True,0,True,1398.15293188,False,1.3573001802519002,0.0214802219886041,1.3994014153495642,1.3151989451542363,0.0217511071783655,0.0057992097053538,0.0013617132208482,False,0.0,0.0,0.0,pass_all
288,289.0,2022-10-28 17:26:29,False,True,True,False,0,False,1389.853500183972,False,2.4460575746026505,0.0271508815599492,2.499273302460151,2.39284184674515,0.0277285671726984,0.0058160575820701,0.0013617132208482,False,0.0,0.0,0.0,fail_stanford
289,290.0,2022-10-28 17:29:31,False,True,True,False,0,False,1432.2102384160282,False,5.755200175179,0.0249681953406912,5.8041378380467545,5.706262512311245,0.0235658446320163,0.0077247857142856,0.0013617132208482,True,2.9153745125,0.0,5.830749025,fail_stanford
290,291.0,2022-10-28 17:32:54,False,True,True,False,0,False,1390.892979876028,False,9.671028631197752,0.0343298606710964,9.738315158113101,9.603742104282402,0.0303956352129709,0.0129807168367346,0.0013617132208482,True,7.577266108,4.827292246,10.32723997,fail_stanford
291,292.0,2022-10-28 17:35:58,False,True,True,True,1,True,1374.361373703972,False,9.664876428651,0.0322840133331246,9.728153094783925,9.601599762518076,0.0278112932067263,0.0129724591836734,0.0013617132208482,True,8.899528038,5.889393556,11.90966252,pass_all
292,293.0,2022-10-28 17:39:22,False,True,True,True,1,True,1432.289525163972,False,9.667596169721252,0.0312338458837935,9.728814507653487,9.606377831789016,0.0264459596093812,0.0129761096938775,0.0013617132208482,True,14.005806015,13.88294807,14.12866396,pass_all
293,294.0,2022-10-28 17:42:30,False,True,True,True,1,True,1378.390245223972,False,17.668093695117747,0.0417410997643819,17.749906250655936,17.586281139579558,0.0256359085288916,0.023714594387755,0.0013617132208482,True,13.033662376,8.689108252,17.3782165,pass_all
294,295.0,2022-10-28 17:45:59,False,True,True,True,1,True,1381.271916576028,False,17.66155947443325,0.041682712592209,17.74325759111398,17.57986135775252,0.0255489107001866,0.0237058239795917,0.0013617132208482,True,16.15923497,16.01572489,16.30274505,pass_all
295,296.0,2022-10-28 17:49:04,False,True,True,False,0,False,1428.8123816799998,False,7.568127116385749,0.0365624166787402,7.639789453076079,7.496464779695418,0.0353113967870269,0.0101581454081632,0.0013617132208482,True,9.2143977595,6.142931839,12.28586368,fail_stanford
296,297.0,2022-10-28 17:52:29,False,True,True,False,0,False,1391.20575318,False,553.653185277825,124.28905269422114,797.2597285584984,310.0466419971515,130.78534717039733,0.7431283163265305,0.0013617132208482,True,1105.2446719999998,1073.799206,1136.690138,fail_stanford
297,298.0,2022-10-28 17:55:28,False,True,False,True,1,False,1368.4667980560278,False,429.5172466804499,2.3470094731705324,434.11738524786415,424.9171081130356,2.3125617404492904,0.576509693877551,0.0013617132208482,False,,,,fail_operator
298,299.0,2022-10-28 17:58:53,False,True,True,False,0,False,1509.63259424,False,7.362897849965249,0.0528962725688846,7.466574544200262,7.259221155730235,0.0536418260410375,0.0098826811224489,0.0013617132208482,False,0.0,0.0,0.0,fail_stanford
299,300.0,2022-10-28 18:01:57,False,True,True,False,0,False,1410.56927086,False,583.676389847025,5.012155560871746,593.5002147463337,573.8525649477164,5.141021381075748,0.7834262755102039,0.0013617132208482,True,676.69215755,664.4103323,688.9739828,fail_stanford
300,301.0,2022-10-28 18:05:17,False,True,True,True,0,True,1366.314567016028,False,595.6512330246751,4.5765826580154,604.6213350343853,586.6811310149649,4.663432696550277,0.7994992346938775,0.0013617132208482,True,661.5851535500001,646.8673423,676.3029648,pass_all
301,302.0,2022-10-28 18:08:17,False,True,True,True,0,True,1364.600874703972,False,9.118026017106748,0.0812418880621704,9.277260117708602,8.958791916504895,0.083486245151471,0.0122384617346938,0.0013617132208482,False,0.0,0.0,0.0,pass_all
302,303.0,2022-10-28 18:11:40,False,True,True,True,1,True,1593.254097243972,False,487.17575736974993,2.120242330626812,491.3314323377785,483.02008240172137,2.002690326129553,0.6539005102040817,0.0013617132208482,True,635.2240451499999,559.831745,710.6163453,pass_all
303,304.0,2022-10-28 18:14:43,False,True,True,True,1,True,1356.437598196028,False,492.9425207208,2.512767653282051,497.86754532123285,488.0174961203672,2.449801729784315,0.6616408163265307,0.0013617132208482,True,430.07292225,424.6402564,435.5055881,pass_all
304,305.0,2022-10-28 18:18:04,False,True,True,False,0,False,1535.6923063599995,False,11.484006888273749,0.0490873215722991,11.580218038555454,11.387795737992043,0.0461602195012847,0.0154141454081632,0.0013617132208482,True,6.1484216335,4.947005912,7.349837355,fail_stanford
305,306.0,2022-10-28 18:21:11,False,True,True,False,0,False,1360.074955923972,False,11.082380386707,0.0492512984550448,11.178912931678887,10.985847841735112,0.0467499487247068,0.0148750714285713,0.0013617132208482,True,17.449171309999997,16.92193016,17.97641246,fail_stanford
306,307.0,2022-10-28 18:24:28,False,True,False,True,0,False,1766.2686480560278,False,1110.82321812825,26.90031762549717,1163.5478406742243,1058.0985955822755,28.21840531716964,1.4909770408163263,0.0013617132208482,False,,,,fail_operator
307,308.0,2022-10-28 18:27:33,False,True,False,True,0,False,1389.8578748560285,False,1113.1039234282498,31.664681621149334,1175.1666994057025,1051.041147450797,33.24508211776516,1.4940382653061226,0.0013617132208482,False,,,,fail_operator
308,309.0,2022-10-28 18:30:56,True,False,False,False,0,False,1415.5993454960278,True,0.0,0.0,0.0,0.0,0.0,0.0,0.0,False,,,,fail_all
309,310.0,2022-10-28 18:33:58,False,True,True,True,1,True,1373.443832336028,False,9.7947968060655,0.1137914969238767,10.017828140036299,9.571765472094702,0.1180996372674864,0.0131468418367346,0.0013617132208482,True,8.646445940500001,8.450430793,8.842461088,pass_all
310,311.0,2022-10-28 18:37:13,False,True,False,True,1,False,1485.4713949760278,False,767.548561662,7.6388500555695,782.5207077709163,752.5764155530837,7.88765599002322,1.0302244897959183,0.0013617132208482,False,,,,fail_operator
311,312.0,2022-10-28 18:40:19,False,True,False,True,1,False,1337.10798242,False,778.7912984383499,6.88341947573627,792.2828006107931,765.2997962659068,7.070787237833698,1.0453147959183675,0.0013617132208482,False,,,,fail_operator
312,313.0,2022-10-28 18:43:39,False,True,False,False,1,False,1444.07484936,True,5.507971720659,0.0341463992208543,5.574898663131875,5.441044778186126,0.0341687900412255,0.0073929489795917,0.0013617132208482,False,,,,fail_all
313,314.0,2022-10-28 18:46:48,False,True,True,False,0,False,1357.103608716028,False,9.697997971370247,0.0314558681491124,9.759651472942508,9.636344469797987,0.026690861433603,0.0130169158163264,0.0013617132208482,True,9.278295535000002,8.969019017,9.587572053,fail_stanford
314,315.0,2022-10-28 18:49:59,False,True,True,False,0,False,1397.315224176028,False,1.027151552963475,0.0252939766329216,1.0767277471640013,0.9775753587629485,0.0259331348852442,0.0057912502043268,0.0013617132208482,False,0.0,0.0,0.0,fail_stanford
315,316.0,2022-10-28 18:53:00,True,False,True,True,0,True,1325.34945186,False,0.0,0.0,0.0,0.0,0.0,0.0,0.0,False,0.0,0.0,0.0,pass_all
316,317.0,2022-10-28 18:56:18,False,True,True,True,0,True,1357.40161824,False,17.600887011690002,0.0527296063529154,17.704237040141717,17.497536983238287,0.0426191114924603,0.0236243877551019,0.0013617132208482,True,12.680266625,12.10542787,13.25510538,pass_all
317,318.0,2022-10-28 18:59:28,False,True,True,False,1,False,1336.975655316028,False,307.1760521012775,0.9510197620577312,309.04005083491063,305.31205336764435,0.7854896619846424,0.412300025510204,0.0013617132208482,True,239.96303855,231.6037672,248.3223099,fail_stanford
318,319.0,2022-10-28 19:02:55,False,True,False,True,1,False,1372.662992416028,False,310.91378598218245,0.9966353813391846,312.86719132960724,308.96038063475766,0.8402140673964283,0.4173169132653062,0.0013617132208482,False,,,,fail_operator
319,320.0,2022-10-28 19:06:02,False,True,True,False,0,False,1326.3156592399998,False,12.13244846652487,4.129385473789874,20.226043995153024,4.038852937896717,4.345314299169678,0.0163299584630155,0.0012482371191109,True,4.5381261105,0.0,9.076252221,fail_stanford
320,321.0,2022-10-28 19:09:20,False,True,True,True,0,True,1339.8786518,False,13.285992145803752,0.0355696502320409,13.355708660258552,13.216275631348951,0.0261084918973223,0.0178328188775509,0.0013617132208482,True,7.156491489,4.676519191,9.636463787,pass_all
321,322.0,2022-10-28 19:12:31,False,True,True,False,0,False,1358.21526656,False,2.2454364732408,4.944123582739309,11.935918695409846,-7.445045748928245,5.202730261839416,0.0030443974613299,0.0002496474238221,False,0.0,0.0,0.0,fail_stanford
322,323.0,2022-10-28 19:15:56,True,False,True,True,1,True,1344.3821516160278,False,0.0,0.0,0.0,0.0,0.0,0.0,0.0,False,0.0,0.0,0.0,pass_all
323,324.0,2022-10-28 19:19:00,True,False,True,True,0,True,1368.012948303972,False,0.0,0.0,0.0,0.0,0.0,0.0,0.0,False,0.0,0.0,0.0,pass_all
324,325.0,2022-10-28 19:22:18,False,True,True,True,1,True,1371.6043746000005,False,7.59348855932175,0.0302887808404665,7.6528545697690635,7.534122548874436,0.0279446929075077,0.0101921862244897,0.0013617132208482,True,4.442548257,3.326440074,5.55865644,pass_all
325,326.0,2022-10-28 19:25:27,False,True,True,True,1,True,1382.330534063972,False,7.567531282126125,0.0242462845143602,7.615053999774271,7.520008564477979,0.0204354482394137,0.0101573456632652,0.0013617132208482,True,8.09913515,7.261293583,8.936976717,pass_all
326,327.0,2022-10-28 19:28:42,False,True,True,False,0,False,1367.21297026,False,58.82440723866,0.1343005719237003,59.08763635963045,58.56117811768955,0.0766225279967333,0.0789557142857142,0.0013617132208482,True,55.83159295,51.28903403,60.37415187,fail_stanford
327,328.0,2022-10-28 19:31:54,False,True,True,True,1,True,1360.197987423972,False,58.61948586745499,0.1341862718426056,58.882490960266495,58.35648077464349,0.0770396578481233,0.078680663265306,0.0013617132208482,True,63.068302905,60.93555836,65.20104745,pass_all
328,329.0,2022-10-28 19:35:11,False,True,False,False,0,False,1368.232764583972,True,47.85695159202,0.1211335722517733,48.09437339363348,47.619529790406524,0.0831556987661585,0.0642348979591836,0.0013617132208482,False,,,,fail_all
329,330.0,2022-10-28 19:38:25,False,True,False,False,0,False,1349.43573872,True,47.398187720925,0.1155121896535952,47.62459161264605,47.17178382920395,0.0749658634177326,0.0636191326530611,0.0013617132208482,False,,,,fail_all
330,331.0,2022-10-28 19:41:54,False,True,True,False,0,False,1384.505184396028,False,469.5099842922749,3.5490849986767623,476.46619088968134,462.5537776948685,3.6124508925170886,0.6301890306122451,0.0013617132208482,True,573.5102172,573.5102172,573.5102172,fail_stanford
331,332.0,2022-10-28 19:45:08,False,True,True,False,0,False,1346.71428194,False,486.9625114242,3.0944920803038563,493.02771590159557,480.8973069468044,3.1044235426570586,0.6536142857142856,0.0013617132208482,True,580.62908725,571.1530111,590.1051634,fail_stanford
332,333.0,2022-10-28 19:48:31,False,True,True,False,0,False,1375.7568245360285,False,52.4425946858325,0.1707149760502052,52.77719603889091,52.1079933327741,0.1451347535153666,0.0703898724489795,0.0013617132208482,True,103.7778554,102.8333003,104.7224105,fail_stanford
333,334.0,2022-10-28 19:51:37,False,True,True,True,1,True,1376.1253721199998,False,51.592803891052505,0.1229588287678076,51.833803195437405,51.351804586667605,0.0767732448099209,0.0692492602040815,0.0013617132208482,True,36.0447811,35.99652838,36.09303382,pass_all
334,335.0,2022-10-28 19:55:02,False,True,True,False,0,False,1348.752777083972,False,427.945270552425,2.3556827376596385,432.56240871823786,423.3281323866121,2.323488998343593,0.5743997448979592,0.0013617132208482,True,454.0156708,449.9486795,458.0826621,fail_stanford
335,336.0,2022-10-28 19:58:09,False,True,True,False,0,False,1379.769291856028,False,49.62238854711752,0.1210926693123567,49.859730178969734,49.3850469152653,0.0787563614863977,0.0666045153061224,0.0013617132208482,True,43.7741226,43.55827387,43.98997133,fail_stanford
336,337.0,2022-10-28 20:01:31,False,True,True,True,0,True,1349.677973963972,False,49.24048444463249,0.1166012953285081,49.46902298347637,49.011945905788615,0.0719323156439327,0.066091913265306,0.0013617132208482,True,26.81291504,26.1161838,27.50964628,pass_all
337,338.0,2022-10-28 20:04:38,False,True,False,False,0,False,1425.65457318,True,1523.260262817,152.58171859372032,1822.3204312606917,1224.2000943733083,160.53321734515393,2.0445612244897964,0.0013617132208482,False,,,,fail_all
338,339.0,2022-10-28 20:07:52,False,True,False,False,0,False,1358.844094336028,True,1445.9648794946995,37.93375216070109,1520.3150337296736,1371.6147252597254,39.811046174801824,1.9408132653061227,0.0013617132208482,False,,,,fail_all
339,340.0,2022-10-28 20:10:55,False,True,False,False,0,False,1373.992279203972,True,19.44087452128124,0.0854816249673135,19.608418506217177,19.273330536345306,0.0809398499828993,0.0260940688775509,0.0013617132208482,False,,,,fail_all
340,341.0,2022-10-28 20:14:12,False,True,False,False,0,False,1337.10798242,True,19.5441049449225,0.0556202533217678,19.653120641433162,19.435089248411835,0.0432325385932902,0.0262326275510203,0.0013617132208482,False,,,,fail_all
341,342.0,2022-10-28 20:17:17,False,True,False,False,0,False,1344.834907536028,True,874.2718854702,15.865796775416946,905.3688471500172,843.1749237903828,16.602125315447733,1.1734714285714287,0.0013617132208482,False,,,,fail_all
342,343.0,2022-10-28 20:20:42,False,True,False,True,0,False,1395.130731323972,False,877.8514524385499,12.657123158884923,902.6594138299644,853.0434910471355,13.200745920372734,1.1782760204081637,0.0013617132208482,False,,,,fail_operator
343,344.0,2022-10-28 20:23:51,False,True,True,True,0,True,1409.9655963000002,False,9.411912000301502,0.0896454396856851,9.587617062085444,9.23620693851756,0.0924011852004111,0.0126329234693877,0.0013617132208482,True,9.728113022,6.985613074,12.47061297,pass_all
344,345.0,2022-10-28 20:27:06,False,True,True,False,0,False,1344.85896692,False,392.1535921032,24.254265438022287,439.6919523617237,344.6152318446764,25.510629884920977,0.5263591836734693,0.0013617132208482,True,404.5044483,398.0430195,410.9658771,fail_stanford
345,346.0,2022-10-28 20:30:12,False,True,True,False,0,False,1336.373621176028,False,382.07857644045,1.8080867363729811,385.622426443741,378.53472643715895,1.7393066532093482,0.512836224489796,0.0013617132208482,True,420.55065315,420.1857595,420.9155468,fail_stanford
346,347.0,2022-10-28 20:33:34,False,True,True,True,0,True,1362.610498656028,False,381.4753298886,1.6725578785720774,384.7535433306013,378.1971164465987,1.5826237472702496,0.5120265306122449,0.0013617132208482,True,423.37811985,416.8107764,429.9454633,pass_all
347,348.0,2022-10-28 20:36:41,False,True,True,False,0,False,1385.69394198,False,25.68922019995275,0.0587506501917361,25.80437147432855,25.57406892557695,0.0336559569764403,0.0344807678571428,0.0013617132208482,True,22.90561565,22.29351059,23.51772071,fail_stanford
348,349.0,2022-10-28 20:39:57,False,True,True,False,1,False,1340.092999903972,False,113.67770742659248,0.270228944413484,114.2073561576429,113.14805869554205,0.1679255173874135,0.1525813010204081,0.0013617132208482,True,112.1239761,109.5369851,114.7109671,fail_stanford
