,datetime_utc,overpass_id,phase_iii,kgh_gas_30,kgh_gas_60,kgh_gas_90,kgh_ch4_30,kgh_ch4_60,kgh_ch4_90,methane_fraction,meter,qc_su_discard,qc_su_discard_strict,altitude_meters
0,2022-10-31 17:04:02,1.0,0,224.1744387,224.1744387,224.1744387,215.1775712,215.1775712,215.1775712,0.959866667,mc,0,0,7994.583333
1,2022-10-31 17:07:12,2.0,0,224.6143355,224.6143355,224.6143355,215.5998135,215.5998135,215.5998135,0.959866667,mc,0,0,7731.25
2,2022-10-31 17:10:55,3.0,1,315.7815484,315.7815484,315.7815484,303.1081822,303.1081822,303.1081822,0.959866667,mc,0,0,7865.347222
3,2022-10-31 17:14:13,4.0,0,115.7019097,115.7019097,115.7019097,111.0584064,111.0584064,111.0584064,0.959866667,mc,0,0,7883.020833
4,2022-10-31 17:17:18,5.0,0,114.3159097,114.3159097,114.3159097,109.7280312,109.7280312,109.7280312,0.959866667,mc,0,0,7964.166667
5,2022-10-31 17:20:09,6.0,0,62.59610323,62.59610323,62.59610323,60.08391295,60.08391295,60.08391295,0.959866667,mc,0,0,7896.145833
6,2022-10-31 17:23:16,7.0,1,115.3894065,115.3894065,115.3894065,110.7584449,110.7584449,110.7584449,0.959866667,mc,0,0,7949.375
7,2022-10-31 17:26:03,8.0,0,692.8861935,692.8861935,692.8861935,665.078361,665.078361,665.078361,0.959866667,pc,0,0,7960.833333
8,2022-10-31 17:29:12,9.0,0,711.6735484,711.6735484,711.6735484,683.1117166,683.1117166,683.1117166,0.959866667,pc,0,0,7933.541667
9,2022-10-31 17:32:10,10.0,0,21.46755484,21.46755484,21.46755484,20.6059903,20.6059903,20.6059903,0.959866667,bc,0,0,7974.479167
10,2022-10-31 17:35:27,11.0,0,287.5316516,287.5316516,287.5316516,275.992048,275.992048,275.992048,0.959866667,mc,0,0,7971.666667
11,2022-10-31 17:38:23,12.0,1,330.5101935,330.5101935,330.5101935,317.2457178,317.2457178,317.2457178,0.959866667,mc,0,1,7928.645833
12,2022-10-31 17:41:46,13.0,1,331.3923097,331.3923097,331.3923097,318.0924316,318.0924316,318.0924316,0.959866667,mc,0,0,7993.229167
13,2022-10-31 17:44:50,14.0,1,273.0629032,273.0629032,273.0629032,262.1039787,262.1039787,262.1039787,0.959866667,mc,0,0,7988.42803
14,2022-10-31 17:48:16,15.0,1,272.2068,272.2068,272.2068,261.2822338,261.2822338,261.2822338,0.959866667,mc,0,0,7952.916667
15,2022-10-31 17:51:26,16.0,0,998.8966452,998.8966452,998.8966452,958.8075931,958.8075931,958.8075931,0.959866667,pc,0,1,7971.875
16,2022-10-31 17:54:40,17.0,1,448.5762581,448.5762581,448.5762581,430.5733976,430.5733976,430.5733976,0.959866667,pc,1,1,7991.666667
17,2022-10-31 17:57:55,18.0,0,174.2590452,174.2590452,174.2590452,167.2654488,167.2654488,167.2654488,0.959866667,mc,1,1,7946.041667
18,2022-10-31 18:01:13,19.0,0,1168.049032,1168.049032,1168.049032,1121.171331,1121.171331,1121.171331,0.959866667,pc,1,1,7969.895833
19,2022-10-31 18:04:20,20.0,0,1193.389548,1193.389548,1193.389548,1145.494848,1145.494848,1145.494848,0.959866667,pc,0,0,7940.0
20,2022-10-31 18:07:37,21.0,0,18.85707871,18.85707871,18.85707871,18.10028128,18.10028128,18.10028128,0.959866667,bc,1,1,7973.541667
21,2022-10-31 18:10:58,22.0,0,649.340129,649.340129,649.340129,623.2799452,623.2799452,623.2799452,0.959866667,pc,1,1,7976.006944
22,2022-10-31 18:14:38,23.0,0,657.4877419,657.4877419,657.4877419,631.1005672,631.1005672,631.1005672,0.959866667,pc,0,1,7977.291667
23,2022-10-31 18:17:44,24.0,0,23.66496,23.66496,23.66496,22.71520627,22.71520627,22.71520627,0.959866667,bc,1,1,7966.979167
24,2022-10-31 18:21:17,25.0,0,23.27567226,23.27567226,23.27567226,22.34154194,22.34154194,22.34154194,0.959866667,bc,0,0,7975.833333
25,2022-10-31 18:24:23,26.0,0,482.8180645,482.8180645,482.8180645,463.4409662,463.4409662,463.4409662,0.959866667,pc,0,1,7963.958333
26,2022-10-31 18:27:43,27.0,0,490.1202581,490.1202581,490.1202581,470.4500984,470.4500984,470.4500984,0.959866667,pc,0,0,7987.083333
27,2022-10-31 18:30:55,28.0,0,0.0,0.0,0.0,0.0,0.0,0.0,0.959866667,None,1,1,7988.125
28,2022-10-31 18:34:29,29.0,0,646.6912258,646.6912258,646.6912258,620.7373513,620.7373513,620.7373513,0.959866667,pc,1,1,7956.041667
29,2022-10-31 18:37:47,30.0,0,604.8232258,604.8232258,604.8232258,580.5496537,580.5496537,580.5496537,0.959866667,pc,1,1,7976.041667
30,2022-10-31 18:41:24,31.0,0,169.3478323,169.3478323,169.3478323,162.5513393,162.5513393,162.5513393,0.959866667,mc,1,1,7960.833333
31,2022-10-31 18:44:50,32.0,0,587.2691613,587.2691613,587.2691613,563.7000923,563.7000923,563.7000923,0.959866667,pc,1,1,7994.375
32,2022-10-31 18:48:28,33.0,1,588.5326452,588.5326452,588.5326452,564.9128683,564.9128683,564.9128683,0.959866667,pc,0,0,7955.446429
33,2022-10-31 18:51:55,34.0,0,2.371030839,2.371030839,2.371030839,2.275873468,2.275873468,2.275873468,0.959866667,bc,1,1,7975.590278
34,2022-10-31 18:55:35,35.0,0,7.359956129,7.359956129,7.359956129,7.064576556,7.064576556,7.064576556,0.959866667,bc,1,1,7973.125
35,2022-10-31 18:58:56,36.0,0,0.0,0.0,0.0,0.0,0.0,0.0,0.959866667,None,1,1,7949.583333
36,2022-10-31 19:02:27,37.0,0,350.4036774,350.4036774,350.4036774,336.3408098,336.3408098,336.3408098,0.959866667,mc,1,1,7968.125
37,2022-10-31 19:05:50,38.0,0,0.708987484,0.708987484,0.708987484,0.680533453,0.680533453,0.680533453,0.959866667,bc,1,1,7968.125
38,2022-10-31 19:09:24,39.0,0,1165.030839,1165.030839,1165.030839,1118.274268,1118.274268,1118.274268,0.959866667,pc,0,1,7986.5625
39,2022-10-31 19:12:53,40.0,0,1203.355742,1203.355742,1203.355742,1155.061065,1155.061065,1155.061065,0.959866667,pc,0,1,8005.112179
40,2022-10-31 19:16:41,41.0,1,94.78219355,94.78219355,94.78219355,90.97826818,90.97826818,90.97826818,0.959866667,mc,0,0,7959.166667
41,2022-10-31 19:19:58,42.0,0,0.0,0.0,0.0,0.0,0.0,0.0,0.959866667,None,1,1,7980.0
42,2022-10-31 19:23:33,43.0,0,0.0,0.0,0.0,0.0,0.0,0.0,0.959866667,None,0,0,7982.612179
43,2022-10-31 19:26:49,44.0,1,3.038473161,3.038473161,3.038473161,2.916529105,2.916529105,2.916529105,0.959866667,bc,0,1,7981.25
44,2022-10-31 19:30:28,45.0,0,330.1002581,330.1002581,330.1002581,316.8522344,316.8522344,316.8522344,0.959866667,mc,0,0,7994.270833
45,2022-10-31 19:33:50,46.0,0,334.4715871,334.4715871,334.4715871,321.0481274,321.0481274,321.0481274,0.959866667,mc,0,0,7965.833333
46,2022-10-31 19:37:15,47.0,0,7.466330323,7.466330323,7.466330323,7.166681599,7.166681599,7.166681599,0.959866667,bc,1,1,7978.333333
47,2022-10-31 19:40:41,48.0,1,876.6348387,876.6348387,876.6348387,841.4525605,841.4525605,841.4525605,0.959866667,pc,0,1,8001.458333
48,2022-10-31 19:44:24,49.0,1,896.6403871,896.6403871,896.6403871,860.6552196,860.6552196,860.6552196,0.959866667,pc,0,0,7951.458333
49,2022-10-31 19:47:36,50.0,0,9.624170323,9.624170323,9.624170323,9.237920287,9.237920287,9.237920287,0.959866667,bc,1,1,7971.939103
50,2022-10-31 19:51:06,51.0,0,9.629407742,9.629407742,9.629407742,9.242947511,9.242947511,9.242947511,0.959866667,bc,0,0,7968.541667
51,2022-10-31 19:54:17,52.0,0,403.4218065,403.4218065,403.4218065,387.2311446,387.2311446,387.2311446,0.959866667,pc,0,0,7995.520833
52,2022-10-31 19:57:45,53.0,1,80.69597419,80.69597419,80.69597419,77.45737576,77.45737576,77.45737576,0.959866667,mc,1,1,7978.4375
53,2022-10-31 20:00:57,54.0,1,79.90896774,79.90896774,79.90896774,76.7019545,76.7019545,76.7019545,0.959866667,mc,0,0,7998.75
54,2022-10-31 20:04:26,55.0,1,0.0,0.0,0.0,0.0,0.0,0.0,0.959866667,None,0,0,8001.006944
56,2022-10-31 20:11:39,56.0,1,245.2150452,245.2150452,245.2150452,235.373748,235.373748,235.373748,0.959866667,mc,0,1,7968.333333
57,2022-10-31 20:15:03,57.0,1,1125.024387,1125.024387,1125.024387,1079.873408,1079.873408,1079.873408,0.959866667,pc,0,1,7999.583333
58,2022-10-31 20:18:40,58.0,1,1134.27871,1134.27871,1134.27871,1088.756324,1088.756324,1088.756324,0.959866667,pc,0,0,8025.0
59,2022-10-31 20:22:02,59.0,0,1.823671742,1.823671742,1.823671742,1.750481716,1.750481716,1.750481716,0.959866667,bc,1,1,7986.25
61,2022-10-31 20:32:24,60.0,0,10.51794581,10.51794581,10.51794581,10.09582558,10.09582558,10.09582558,0.959866667,bc,1,1,7995.625
62,2022-10-31 20:35:52,61.0,1,10.50505548,10.50505548,10.50505548,10.08345259,10.08345259,10.08345259,0.959866667,bc,0,0,8000.0
63,2022-10-31 20:38:50,62.0,0,0.0,0.0,0.0,0.0,0.0,0.0,0.959866667,None,1,1,8054.444444
64,2022-10-31 20:42:26,63.0,0,0.0,0.0,0.0,0.0,0.0,0.0,0.959866667,None,0,0,8021.762821
65,2022-10-31 20:45:38,64.0,1,137.7301935,137.7301935,137.7301935,132.2026218,132.2026218,132.2026218,0.959866667,mc,0,1,8045.592949
66,2022-10-31 20:49:09,65.0,0,484.1686452,484.1686452,484.1686452,464.7373435,464.7373435,464.7373435,0.959866667,pc,1,1,8022.5
67,2022-10-31 20:52:28,66.0,1,497.0322581,497.0322581,497.0322581,477.0846968,477.0846968,477.0846968,0.959866667,pc,0,0,8030.520833
68,2022-10-31 20:55:55,67.0,0,45.81754839,45.81754839,45.81754839,43.97873745,43.97873745,43.97873745,0.959866667,mc,1,1,8017.916667
69,2022-10-31 20:59:02,68.0,0,45.46544516,45.46544516,45.46544516,43.6407653,43.6407653,43.6407653,0.959866667,mc,1,1,7974.166667
70,2022-11-02 16:38:25,69.0,0,0.0,0.0,0.0,0.0,0.0,0.0,0.979933333,None,1,1,7865.208333
71,2022-11-02 16:41:15,70.0,0,1.133029161,1.133029161,1.133029161,1.110293043,1.110293043,1.110293043,0.979933333,bc,1,1,7847.986111
72,2022-11-02 16:45:28,71.0,1,1.116049935,1.116049935,1.116049935,1.093654533,1.093654533,1.093654533,0.979933333,bc,0,0,7987.291667
73,2022-11-02 16:48:27,72.0,1,1.100667484,1.100667484,1.100667484,1.078580756,1.078580756,1.078580756,0.979933333,bc,0,0,8028.854167
74,2022-11-02 16:48:27,72.0,1,1.100667484,1.100667484,1.100667484,1.078580756,1.078580756,1.078580756,0.979933333,bc,0,0,8028.854167
75,2022-11-02 16:48:27,72.0,1,1.100667484,1.100667484,1.100667484,1.078580756,1.078580756,1.078580756,0.979933333,bc,0,0,8028.854167
76,2022-11-02 16:48:27,72.0,1,1.100667484,1.100667484,1.100667484,1.078580756,1.078580756,1.078580756,0.979933333,bc,0,0,8028.854167
77,2022-11-02 16:48:27,73.0,1,1.100667484,1.100667484,1.100667484,1.078580756,1.078580756,1.078580756,0.979933333,bc,0,0,8028.854167
78,2022-11-02 16:48:27,73.0,1,1.100667484,1.100667484,1.100667484,1.078580756,1.078580756,1.078580756,0.979933333,bc,0,0,8028.854167
79,2022-11-02 16:48:27,73.0,1,1.100667484,1.100667484,1.100667484,1.078580756,1.078580756,1.078580756,0.979933333,bc,0,0,8028.854167
80,2022-11-02 16:48:27,73.0,1,1.100667484,1.100667484,1.100667484,1.078580756,1.078580756,1.078580756,0.979933333,bc,0,0,8028.854167
81,2022-11-02 16:52:32,74.0,1,4.24404,4.24404,4.24404,4.158876264,4.158876264,4.158876264,0.979933333,bc,0,0,7999.583333
82,2022-11-02 16:55:42,75.0,1,4.228827097,4.228827097,4.228827097,4.143968633,4.143968633,4.143968633,0.979933333,bc,0,0,7941.041667
84,2022-11-02 17:02:36,76.0,1,10.99998581,10.99998581,10.99998581,10.77925276,10.77925276,10.77925276,0.979933333,bc,0,0,7983.958333
85,2022-11-02 17:06:41,77.0,1,10.96125677,10.96125677,10.96125677,10.74130089,10.74130089,10.74130089,0.979933333,bc,0,0,8008.125
86,2022-11-02 17:09:49,78.0,1,22.14904645,22.14904645,22.14904645,21.70458892,21.70458892,21.70458892,0.979933333,bc,0,0,7938.4375
87,2022-11-02 17:13:54,79.0,1,22.2210929,22.2210929,22.2210929,21.77518964,21.77518964,21.77518964,0.979933333,bc,0,0,7974.791667
88,2022-11-02 17:17:06,80.0,1,22.19431355,22.19431355,22.19431355,21.74894766,21.74894766,21.74894766,0.979933333,bc,0,0,7968.541667
89,2022-11-02 17:21:10,81.0,0,30.60952258,30.60952258,30.60952258,29.99529149,29.99529149,29.99529149,0.979933333,bc,1,1,7975.0
90,2022-11-02 17:24:15,82.0,0,30.55762452,30.55762452,30.55762452,29.94443485,29.94443485,29.94443485,0.979933333,bc,1,1,7958.284722
91,2022-11-02 17:28:33,83.0,0,26.52798194,26.52798194,26.52798194,25.99565376,25.99565376,25.99565376,0.979933333,bc,1,1,7955.0
92,2022-11-02 17:37:35,84.0,0,26.58336387,26.58336387,26.58336387,26.04992437,26.04992437,26.04992437,0.979933333,bc,1,1,7994.166667
93,2022-11-02 17:41:58,85.0,0,33.79217806,33.79217806,33.79217806,33.11408169,33.11408169,33.11408169,0.979933333,bc,1,1,7972.5
94,2022-11-02 17:45:18,86.0,0,33.71137548,33.71137548,33.71137548,33.03490055,33.03490055,33.03490055,0.979933333,bc,1,1,8024.166667
95,2022-11-02 17:49:44,87.0,0,855.8396129,855.8396129,855.8396129,838.6657647,838.6657647,838.6657647,0.979933333,pc,1,1,7956.666667
96,2022-11-02 17:52:45,88.0,0,844.1837419,844.1837419,844.1837419,827.2437882,827.2437882,827.2437882,0.979933333,pc,1,1,8026.354167
97,2022-11-02 18:05:05,89.0,0,772.4903226,772.4903226,772.4903226,756.9890168,756.9890168,756.9890168,0.979933333,pc,1,1,7948.333333
98,2022-11-04 16:43:21,90.0,0,11.49639097,11.49639097,11.49639097,11.26569672,11.26569672,11.26569672,0.979933333,bc,1,1,7797.291667
99,2022-11-04 16:47:52,91.0,0,9.682629677,9.682629677,9.682629677,9.488331575,9.488331575,9.488331575,0.979933333,bc,1,1,7984.444444
100,2022-11-04 16:51:31,92.0,0,9.753851613,9.753851613,9.753851613,9.558124324,9.558124324,9.558124324,0.979933333,bc,0,0,8000.416667
101,2022-11-04 16:55:06,93.0,0,9.734272258,9.734272258,9.734272258,9.538937861,9.538937861,9.538937861,0.979933333,bc,0,0,7992.80303
102,2022-11-04 16:58:55,94.0,1,669.9971613,669.9971613,669.9971613,656.5525516,656.5525516,656.5525516,0.979933333,pc,0,1,8050.0
103,2022-11-04 17:02:28,95.0,1,684.5341935,684.5341935,684.5341935,670.7978741,670.7978741,670.7978741,0.979933333,pc,0,1,7932.291667
104,2022-11-04 17:06:37,96.0,0,7.733729032,7.733729032,7.733729032,7.57853887,7.57853887,7.57853887,0.979933333,bc,1,1,7977.215909
105,2022-11-04 17:10:22,97.0,0,7.748036129,7.748036129,7.748036129,7.592558871,7.592558871,7.592558871,0.979933333,bc,1,1,7889.583333
106,2022-11-04 17:14:26,98.0,0,0.0,0.0,0.0,0.0,0.0,0.0,0.979933333,bc,1,1,7990.729167
107,2022-11-04 17:18:06,99.0,0,12.78555097,12.78555097,12.78555097,12.52898758,12.52898758,12.52898758,0.979933333,bc,1,1,7878.541667
108,2022-11-04 17:22:04,100.0,0,12.68331097,12.68331097,12.68331097,12.42879919,12.42879919,12.42879919,0.979933333,bc,0,0,7958.787879
109,2022-11-04 17:25:59,101.0,0,23.44832129,23.44832129,23.44832129,22.97779164,22.97779164,22.97779164,0.979933333,bc,0,1,7926.041667
110,2022-11-04 17:29:58,102.0,0,23.35466323,23.35466323,23.35466323,22.88601298,22.88601298,22.88601298,0.979933333,bc,0,0,7989.166667
111,2022-11-04 17:33:41,103.0,0,5.597187097,5.597187097,5.597187097,5.484870209,5.484870209,5.484870209,0.979933333,bc,1,1,7949.305556
112,2022-11-04 17:37:45,104.0,1,34.70186323,34.70186323,34.70186323,34.0055125,34.0055125,34.0055125,0.979933333,bc,0,1,7996.284722
113,2022-11-04 17:41:35,105.0,0,19.28568774,19.28568774,19.28568774,18.89868827,18.89868827,18.89868827,0.979933333,bc,1,1,7962.395833
114,2022-11-04 17:45:51,106.0,0,19.14982839,19.14982839,19.14982839,18.76555516,18.76555516,18.76555516,0.979933333,bc,0,0,8007.291667
115,2022-11-04 17:50:26,107.0,0,19.08670065,19.08670065,19.08670065,18.70369419,18.70369419,18.70369419,0.979933333,bc,0,0,8001.837121
116,2022-11-04 17:54:52,108.0,1,31.11435871,31.11435871,31.11435871,30.48999724,30.48999724,30.48999724,0.979933333,bc,0,0,7956.208333
117,2022-11-04 17:58:55,109.0,1,31.12170968,31.12170968,31.12170968,30.4972007,30.4972007,30.4972007,0.979933333,bc,0,0,8067.8125
118,2022-11-04 18:02:12,110.0,0,37.07117419,37.07117419,37.07117419,36.3272793,36.3272793,36.3272793,0.979933333,bc,1,1,8005.833333
119,2022-11-04 18:05:17,111.0,0,37.1024129,37.1024129,37.1024129,36.35789115,36.35789115,36.35789115,0.979933333,bc,0,0,7987.102273
120,2022-11-04 18:09:25,112.0,0,36.97350968,36.97350968,36.97350968,36.23157458,36.23157458,36.23157458,0.979933333,bc,0,0,7898.263889
121,2022-11-04 18:12:47,113.0,0,65.51326452,65.51326452,65.51326452,64.19863167,64.19863167,64.19863167,0.979933333,mc,1,1,8059.513889
122,2022-11-04 18:17:00,114.0,0,64.87571613,64.87571613,64.87571613,63.57387676,63.57387676,63.57387676,0.979933333,mc,1,1,7925.243056
123,2022-11-04 18:20:18,115.0,1,64.67701935,64.67701935,64.67701935,63.37916717,63.37916717,63.37916717,0.979933333,mc,0,0,8035.075758
124,2022-11-04 18:23:44,116.0,1,64.84552258,64.84552258,64.84552258,63.54428909,63.54428909,63.54428909,0.979933333,mc,0,0,7923.645833
125,2022-11-04 18:26:49,117.0,0,52.85357419,52.85357419,52.85357419,51.79297914,51.79297914,51.79297914,0.979933333,mc,1,1,7970.902778
126,2022-11-04 18:30:17,118.0,1,52.97806452,52.97806452,52.97806452,51.91497135,51.91497135,51.91497135,0.979933333,mc,0,0,8066.666667
127,2022-11-04 18:33:39,119.0,0,41.86869677,41.86869677,41.86869677,41.02853159,41.02853159,41.02853159,0.979933333,mc,0,0,8096.25
128,2022-11-04 18:37:25,120.0,0,41.92513548,41.92513548,41.92513548,41.08383777,41.08383777,41.08383777,0.979933333,mc,0,0,8019.583333
129,2022-11-04 18:40:25,121.0,0,41.90910968,41.90910968,41.90910968,41.06813354,41.06813354,41.06813354,0.979933333,mc,0,0,8073.645833
130,2022-11-04 18:44:13,122.0,1,37.98069677,37.98069677,37.98069677,37.21855079,37.21855079,37.21855079,0.979933333,bc,0,1,7965.833333
131,2022-11-04 18:47:19,123.0,0,23.41838323,23.41838323,23.41838323,22.94845434,22.94845434,22.94845434,0.979933333,bc,1,1,8042.916667
132,2022-11-04 18:51:05,124.0,1,23.32248387,23.32248387,23.32248387,22.85447936,22.85447936,22.85447936,0.979933333,bc,0,0,7927.083333
133,2022-11-04 18:54:29,125.0,0,34.68705677,34.68705677,34.68705677,33.99100317,33.99100317,33.99100317,0.979933333,bc,1,1,8028.333333
134,2022-11-04 18:58:39,126.0,1,88.21474839,88.21474839,88.21474839,86.44457244,86.44457244,86.44457244,0.979933333,mc,0,0,7903.160173
135,2022-11-04 19:02:05,127.0,1,88.27757419,88.27757419,88.27757419,86.50613754,86.50613754,86.50613754,0.979933333,mc,0,0,8024.027778
136,2022-11-04 19:05:49,128.0,0,65.3904,65.3904,65.3904,64.07823264,64.07823264,64.07823264,0.979933333,mc,1,1,7925.625
137,2022-11-04 19:09:12,129.0,0,65.36148387,65.36148387,65.36148387,64.04989676,64.04989676,64.04989676,0.979933333,mc,0,0,8024.097222
138,2022-11-04 19:13:26,130.0,1,48.48061935,48.48061935,48.48061935,47.50777493,47.50777493,47.50777493,0.979933333,mc,0,0,8030.729167
139,2022-11-04 19:17:13,131.0,1,48.60894194,48.60894194,48.60894194,47.6335225,47.6335225,47.6335225,0.979933333,mc,0,0,8001.736111
140,2022-11-04 19:21:24,132.0,0,70.33482581,70.33482581,70.33482581,68.9234403,68.9234403,68.9234403,0.979933333,mc,1,1,7987.916667
141,2022-11-04 19:24:29,133.0,0,53.24179355,53.24179355,53.24179355,52.17340822,52.17340822,52.17340822,0.979933333,mc,0,0,8031.388889
142,2022-11-04 19:28:08,134.0,0,53.33051613,53.33051613,53.33051613,52.26035044,52.26035044,52.26035044,0.979933333,mc,0,0,8075.0
143,2022-11-04 19:31:29,135.0,0,53.60574194,53.60574194,53.60574194,52.53005338,52.53005338,52.53005338,0.979933333,mc,0,0,8057.708333
144,2022-11-04 19:35:16,136.0,0,53.42307097,53.42307097,53.42307097,52.35104801,52.35104801,52.35104801,0.979933333,mc,0,0,7980.625
145,2022-11-04 19:38:33,137.0,0,53.34433548,53.34433548,53.34433548,52.27389249,52.27389249,52.27389249,0.979933333,mc,0,0,7994.880051
146,2022-11-04 19:42:04,138.0,0,53.23424516,53.23424516,53.23424516,52.16601131,52.16601131,52.16601131,0.979933333,mc,0,0,7946.354167
147,2022-11-04 19:45:32,139.0,0,95.69694194,95.69694194,95.69694194,93.7766233,93.7766233,93.7766233,0.979933333,mc,1,1,7993.75
148,2022-11-04 19:49:07,140.0,0,95.74292903,95.74292903,95.74292903,93.82168759,93.82168759,93.82168759,0.979933333,mc,0,0,7977.951389
149,2022-11-04 19:52:28,141.0,0,95.91874839,95.91874839,95.91874839,93.99397884,93.99397884,93.99397884,0.979933333,mc,0,0,7984.265873
150,2022-11-04 19:56:03,142.0,1,60.02535484,60.02535484,60.02535484,58.82084605,58.82084605,58.82084605,0.979933333,mc,0,0,7972.291667
151,2022-11-04 19:59:27,143.0,1,60.12975484,60.12975484,60.12975484,58.92315109,58.92315109,58.92315109,0.979933333,mc,0,0,7975.972222
152,2022-11-04 20:03:35,144.0,0,82.80824516,82.80824516,82.80824516,81.14655971,81.14655971,81.14655971,0.979933333,mc,0,0,7987.518939
153,2022-11-04 20:06:48,145.0,0,82.83820645,82.83820645,82.83820645,81.17591978,81.17591978,81.17591978,0.979933333,mc,0,0,7940.208333
154,2022-11-04 20:10:37,146.0,0,125.6135226,125.6135226,125.6135226,123.0928779,123.0928779,123.0928779,0.979933333,mc,0,0,7997.291667
155,2022-11-04 20:13:49,147.0,0,102.998671,102.998671,102.998671,100.931831,100.931831,100.931831,0.979933333,mc,1,1,8001.125
156,2022-11-04 20:17:39,148.0,1,103.3275484,103.3275484,103.3275484,101.2541089,101.2541089,101.2541089,0.979933333,mc,0,0,7968.645833
157,2022-11-04 20:21:08,149.0,1,103.0623097,103.0623097,103.0623097,100.9941927,100.9941927,100.9941927,0.979933333,mc,0,0,7838.715278
158,2022-11-04 20:25:00,150.0,1,103.0379226,103.0379226,103.0379226,100.9702949,100.9702949,100.9702949,0.979933333,mc,0,0,7972.708333
159,2022-11-04 20:28:13,151.0,1,103.1734452,103.1734452,103.1734452,101.103098,101.103098,101.103098,0.979933333,mc,0,0,7990.625
160,2022-11-04 20:31:59,152.0,0,75.82447742,75.82447742,75.82447742,74.30293291,74.30293291,74.30293291,0.979933333,mc,1,1,8009.102564
161,2022-11-07 19:23:24,153.0,1,14.00581161,14.00581161,14.00581161,13.72476166,13.72476166,13.72476166,0.979933333,bc,0,0,8243.083333
162,2022-11-07 19:27:32,154.0,1,13.25702323,13.25702323,13.25702323,12.99099896,12.99099896,12.99099896,0.979933333,bc,1,1,8160.416667
163,2022-11-07 19:31:45,155.0,0,22.95762968,22.95762968,22.95762968,22.49694658,22.49694658,22.49694658,0.979933333,bc,1,1,8133.465909
164,2022-11-07 19:35:43,156.0,1,23.03041935,23.03041935,23.03041935,22.56827561,22.56827561,22.56827561,0.979933333,bc,0,0,8103.541667
165,2022-11-07 19:40:03,157.0,1,23.16295742,23.16295742,23.16295742,22.69815407,22.69815407,22.69815407,0.979933333,bc,0,0,8099.166667
166,2022-11-07 19:43:55,158.0,0,12.40051355,12.40051355,12.40051355,12.15167658,12.15167658,12.15167658,0.979933333,bc,1,1,8113.402778
167,2022-11-07 19:48:28,159.0,1,21.36364258,21.36364258,21.36364258,20.93494549,20.93494549,20.93494549,0.979933333,bc,0,0,8130.902778
168,2022-11-07 19:52:42,160.0,1,19.94058581,19.94058581,19.94058581,19.54044472,19.54044472,19.54044472,0.979933333,bc,0,0,7943.854167
169,2022-11-07 19:57:23,161.0,1,19.87512387,19.87512387,19.87512387,19.47629639,19.47629639,19.47629639,0.979933333,bc,0,0,8133.680556
170,2022-11-07 20:01:29,162.0,1,19.83976258,19.83976258,19.83976258,19.44164468,19.44164468,19.44164468,0.979933333,bc,0,0,8101.770833
171,2022-11-07 20:05:58,163.0,1,17.89942761,17.89942761,17.89942761,17.54024577,17.54024577,17.54024577,0.979933333,bc,1,1,8104.0625
172,2022-11-07 20:09:30,164.0,0,0.0,0.0,0.0,0.0,0.0,0.0,0.979933333,None,1,1,8075.208333
173,2022-11-07 20:14:10,165.0,0,0.0,0.0,0.0,0.0,0.0,0.0,0.979933333,None,1,1,8066.180556
174,2022-11-07 20:18:25,166.0,0,16.91174323,16.91174323,16.91174323,16.57238091,16.57238091,16.57238091,0.979933333,bc,1,1,8029.246795
175,2022-11-07 20:22:43,167.0,0,16.85772,16.85772,16.85772,16.51944175,16.51944175,16.51944175,0.979933333,bc,0,0,8145.520833
176,2022-11-07 20:26:30,168.0,0,16.76458452,16.76458452,16.76458452,16.42817519,16.42817519,16.42817519,0.979933333,bc,0,0,8137.916667
177,2022-11-07 20:31:18,169.0,0,16.68566323,16.68566323,16.68566323,16.35083758,16.35083758,16.35083758,0.979933333,bc,0,0,8108.4375
178,2022-11-07 20:35:46,170.0,0,32.74068774,32.74068774,32.74068774,32.08369127,32.08369127,32.08369127,0.979933333,bc,0,0,8136.527778
179,2022-11-07 20:40:53,171.0,0,32.78884645,32.78884645,32.78884645,32.1308836,32.1308836,32.1308836,0.979933333,bc,0,0,8104.142628
180,2022-11-07 20:45:02,172.0,0,28.36329677,28.36329677,28.36329677,27.79413995,27.79413995,27.79413995,0.979933333,bc,1,1,8178.333333
181,2022-11-07 20:49:37,173.0,0,28.40663613,28.40663613,28.40663613,27.83660963,27.83660963,27.83660963,0.979933333,bc,1,1,8025.576923
182,2022-11-07 20:53:47,174.0,1,28.45997419,28.45997419,28.45997419,27.88887738,27.88887738,27.88887738,0.979933333,bc,0,0,8044.291667
183,2022-11-07 20:57:57,175.0,1,28.56538452,28.56538452,28.56538452,27.99217247,27.99217247,27.99217247,0.979933333,bc,0,0,7989.236111
184,2022-11-07 21:02:21,176.0,1,21.27867097,21.27867097,21.27867097,20.85167897,20.85167897,20.85167897,0.979933333,bc,0,0,8022.083333
185,2022-11-07 21:07:06,177.0,0,15.00108387,15.00108387,15.00108387,14.70006212,14.70006212,14.70006212,0.979933333,bc,0,0,8096.25
186,2022-11-07 21:10:55,178.0,0,14.94883742,14.94883742,14.94883742,14.64886408,14.64886408,14.64886408,0.979933333,bc,0,0,8031.25
187,2022-11-07 21:15:40,179.0,0,14.90573032,14.90573032,14.90573032,14.606622,14.606622,14.606622,0.979933333,bc,0,0,8131.458333
188,2022-11-07 21:19:28,180.0,0,0.0,0.0,0.0,0.0,0.0,0.0,0.979933333,None,0,0,8070.625
189,2022-11-07 21:23:59,181.0,1,26.78185161,26.78185161,26.78185161,26.24442912,26.24442912,26.24442912,0.979933333,bc,0,0,8103.4375
190,2022-11-07 21:27:58,182.0,0,21.26293548,21.26293548,21.26293548,20.83625925,20.83625925,20.83625925,0.979933333,bc,0,0,8035.694444
191,2022-11-07 21:32:18,183.0,0,21.29707742,21.29707742,21.29707742,20.86971607,20.86971607,20.86971607,0.979933333,bc,0,0,8042.916667
192,2022-11-07 21:36:16,184.0,1,16.04376,16.04376,16.04376,15.72181522,15.72181522,15.72181522,0.979933333,bc,0,0,8152.638889
193,2022-11-07 21:40:51,185.0,1,16.03170581,16.03170581,16.03170581,15.71000291,15.71000291,15.71000291,0.979933333,bc,0,0,8112.395833
194,2022-11-07 21:44:36,186.0,1,16.01813032,16.01813032,16.01813032,15.69669984,15.69669984,15.69669984,0.979933333,bc,0,0,8178.958333
195,2022-11-07 21:49:11,187.0,1,16.02509806,16.02509806,16.02509806,15.70352776,15.70352776,15.70352776,0.979933333,bc,0,0,8152.5
196,2022-11-07 21:52:58,188.0,0,30.28351355,30.28351355,30.28351355,29.67582438,29.67582438,29.67582438,0.979933333,bc,0,0,8091.666667
197,2022-11-07 21:57:30,189.0,0,30.40787613,30.40787613,30.40787613,29.79769141,29.79769141,29.79769141,0.979933333,bc,0,0,8193.541667
198,2022-11-07 22:01:39,190.0,0,30.51560903,30.51560903,30.51560903,29.90326248,29.90326248,29.90326248,0.979933333,bc,0,0,8060.208333
199,2022-11-07 22:06:03,191.0,0,30.70662968,30.70662968,30.70662968,30.09044998,30.09044998,30.09044998,0.979933333,bc,0,0,8160.208333
200,2022-11-07 22:09:47,192.0,1,17.65078839,17.65078839,17.65078839,17.2965959,17.2965959,17.2965959,0.979933333,bc,0,0,8117.777778
