,datetime_utc,overpass_id,phase_iii,meter,qc_su_discard,qc_su_discard_strict,altitude_feet,gas_kgh_90_mean,gas_kgh_90_std,meter_sigma,methane_fraction_km,methane_fraction_km_sigma,ch4_kgh_90_mean_km,ch4_kgh_sigma
0,2022-10-24 16:46:15,1,0,None,0,0,1341.440878556028,0.0,0.0,0.0,0.9460180000000002,0.0,0.0,0.0
1,2022-10-24 16:49:22,2,0,None,0,0,1366.343000743972,0.0,0.0,0.0,0.9460180000000002,0.0,0.0,0.0
2,2022-10-24 16:52:32,3,1,bc,0,1,1308.693174096028,19.829644,0.0520562389227892,0.025292913265306076,0.9460180000000002,0.0024069307218945,18.759200157591998,0.07263420133586439
3,2022-10-24 16:55:42,4,1,bc,0,0,1324.65883504,19.786388,0.028279767937639484,0.02523773979591833,0.9460180000000002,0.0024069307218945,18.718279202984004,0.05961421298460376
4,2022-10-24 16:59:01,5,1,bc,0,0,1342.620887123972,19.804900000000004,0.02931425837063302,0.025261352040816275,0.9460180000000002,0.0024069307218945,18.7357918882,0.06010398548631324
5,2022-10-24 17:02:04,6,0,mc,0,0,1351.0280396239718,119.93607999999998,0.15386919528751358,0.152979693877551,0.9460180000000002,0.0024069307218945,113.46169052943999,0.35421436069015594
6,2022-10-24 17:05:20,7,0,mc,0,0,1355.3910102360278,119.70824000000002,0.09878961506628048,0.15268908163265305,0.9460180000000002,0.0024069307218945,113.24614978832,0.3355854068590836
7,2022-10-24 17:08:21,8,0,mc,0,0,1339.943175096028,119.39016000000002,0.12618858439439262,0.15228336734693876,0.9460180000000002,0.0024069307218945,112.94524038287999,0.34290357384807113
8,2022-10-24 17:11:37,9,1,bc,0,0,1358.929942763972,1.8220672000000002,0.029141678627705194,0.005806167807475674,0.9460180000000002,0.0024069307218945,1.7237083684096004,0.02845045990317593
9,2022-10-24 17:14:38,10,1,bc,0,0,1346.9559705960282,1.7556956000000001,0.0261315707052522,0.005805107330928821,0.9460180000000002,0.0024069307218945,1.6609196401208,0.02567375231663639
10,2022-10-24 17:17:53,11,1,bc,0,0,1353.0430223,1.7173783999999999,0.0327407483722201,0.005804474507979005,0.9460180000000002,0.0024069307218945,1.6246708792112003,0.03172675450114466
11,2022-10-24 17:20:59,12,1,bc,0,0,1341.3774487639719,13.625528000000001,0.042446175068874346,0.017379499999999947,0.9460180000000002,0.0024069307218945,12.889994747504002,0.0543901341489845
12,2022-10-24 17:24:12,13,1,bc,0,0,1333.7484022600001,13.672136,0.028575281720278015,0.01743894897959179,0.9460180000000002,0.0024069307218945,12.934086754448002,0.045671291338396085
13,2022-10-24 17:27:11,14,1,bc,0,0,1355.863997783972,3.712411999999999,0.05202748571776618,0.005826555901089136,0.9460180000000002,0.0024069307218945,3.5120085754159995,0.05032623357686106
14,2022-10-24 17:30:27,15,1,bc,0,0,1348.437816443972,3.6109375999999997,0.026309336385619563,0.005825762690997294,0.9460180000000002,0.0024069307218945,3.4160119664768,0.026932880349047946
15,2022-10-24 17:33:38,16,1,bc,0,0,1353.22018766,3.5975408000000004,0.02803648035228068,0.005825655936830286,0.9460180000000002,0.0024069307218945,3.4033383525344,0.028439799727271963
16,2022-10-24 17:36:52,17,1,bc,0,0,1381.301990723972,3.5776352000000005,0.025362001255173346,0.005825496895273961,0.9460180000000002,0.0024069307218945,3.3845072966336,0.02608030867657017
17,2022-10-24 17:40:00,18,1,bc,0,1,1377.9648298560282,31.338008000000002,0.07426328969251961,0.03997194897959178,0.9460180000000002,0.0024069307218945,29.646319652143994,0.10979544653127746
18,2022-10-24 17:43:18,19,1,bc,0,0,1352.7761807560282,31.427287999999994,0.03807404268385658,0.0400858265306122,0.9460180000000002,0.0024069307218945,29.730780139184,0.09196374285270396
19,2022-10-24 17:46:20,20,1,bc,0,0,1369.64899396,31.409663999999996,0.04114612417205333,0.040063346938775474,0.9460180000000002,0.0024069307218945,29.714107517952,0.09309729602704542
20,2022-10-24 17:49:37,21,1,mc,0,0,1356.3145666960281,207.53940000000003,0.26395760129402984,0.2647186224489796,0.9460180000000002,0.0024069307218945,196.3360081092,0.6120474299269212
21,2022-10-24 17:52:40,22,1,mc,0,0,1370.2663387960279,208.02852000000001,0.2736114160835302,0.26534250000000004,0.9460180000000002,0.0024069307218945,196.79872443336,0.6170251211109834
22,2022-10-24 17:57:58,23,1,mc,0,0,1329.98363836,209.31248000000005,0.2504415243596692,0.26698020408163264,0.9460180000000002,0.0024069307218945,198.01337370464,0.6113410193441495
23,2022-10-24 18:01:11,24,0,mc,1,1,1337.0609571560278,68.58308,5.4770466823981465,0.08747841836734689,0.9460180000000002,0.0024069307218945,64.88082817544,5.184674161074703
24,2022-10-24 18:04:31,25,1,mc,0,0,1343.4607821639718,65.69891999999999,0.09828895625322408,0.08379964285714284,0.9460180000000002,0.0024069307218945,62.15236090056,0.1998412037985281
25,2022-10-24 18:07:34,26,0,mc,1,1,1333.6587260760282,128.85456,0.1916895692683656,0.16435530612244895,0.9460180000000002,0.0024069307218945,121.89873314208,0.39147047139036006
26,2022-10-24 18:10:50,27,0,None,1,1,1312.8625748199997,0.0,0.0,0.0,0.9460180000000002,0.0,0.0,0.0
27,2022-10-24 18:13:53,28,0,pc,0,1,1317.7696179560278,785.9383999999999,35.84288344540516,1.002472448979592,0.9460180000000002,0.0024069307218945,743.5118732912,33.97397896510617
28,2022-10-24 18:17:18,29,0,pc,0,0,1318.4744516399999,768.0652,10.015414285383555,0.9796750000000002,0.9460180000000002,0.0024069307218945,726.6035043736,9.697818072123916
29,2022-10-24 18:20:25,30,0,pc,0,0,1308.703563203972,768.6740000000001,8.081886913950699,0.9804515306122448,0.9460180000000002,0.0024069307218945,727.179440132,7.920776404249975
30,2022-10-24 18:23:39,31,0,pc,0,0,1310.991402516028,764.7384000000001,7.523503171597239,0.9754316326530612,0.9460180000000002,0.0024069307218945,723.4562916912,7.409219765593861
31,2022-10-24 18:26:41,32,0,pc,1,1,1345.10995118,490.83,35.32820642572202,0.6260586734693878,0.9460180000000002,0.0024069307218945,464.3340149400001,33.44723716832012
32,2022-10-24 18:29:53,33,0,pc,0,0,1278.736370643972,465.77040000000005,2.2984555478881776,0.5940948979591838,0.9460180000000002,0.0024069307218945,440.6271822672001,2.5101026095858368
33,2022-10-24 18:33:04,34,0,pc,0,0,1336.4463462439721,463.314,1.7847853614697862,0.5909617346938776,0.9460180000000002,0.0024069307218945,438.30338365200004,2.0992778289982885
34,2022-10-24 18:39:06,35,0,mc,0,0,1346.9138662639718,173.64108000000002,0.30308995927897403,0.22148096938775508,0.9460180000000002,0.0024069307218945,164.26758721944003,0.5484428333347021
35,2022-10-24 18:42:15,36,0,mc,0,0,1333.764259543972,172.72412000000003,0.30291588152637083,0.2203113775510204,0.9460180000000002,0.0024069307218945,163.40012655416,0.5462533487364238
36,2022-10-24 18:45:33,37,0,mc,0,0,1336.3495614639721,171.90588,0.22881095636531254,0.21926770408163263,0.9460180000000002,0.0024069307218945,162.62605678584,0.5109640371088976
37,2022-10-24 18:48:36,38,0,mc,0,0,1316.5168836639718,45.52936,0.13421329728659231,0.05807316326530607,0.9460180000000002,0.0024069307218945,43.07159408848,0.1764886100650765
38,2022-10-24 18:51:56,39,0,mc,0,0,1319.641337176028,45.029239999999994,0.0909341097422012,0.057435255102040776,0.9460180000000002,0.0024069307218945,42.59847156632001,0.14865845567921918
39,2022-10-24 18:55:00,40,0,mc,0,0,1321.80450424,44.62628,0.07931739001978297,0.05692127551020403,0.9460180000000002,0.0024069307218945,42.21726415304,0.14165957628755324
40,2022-10-24 18:58:14,41,1,bc,0,1,1315.732216316028,9.400108,0.031953867561452326,0.011989933673469339,0.9460180000000002,0.0024069307218945,8.892671369944,0.03942529962158667
41,2022-10-24 19:01:19,42,1,bc,0,0,1362.40325882,9.325964,0.02425537692271382,0.011895362244897902,0.9460180000000002,0.0024069307218945,8.822529811352002,0.03401500586133355
42,2022-10-24 19:04:27,43,1,bc,0,0,1320.393196123972,9.285492,0.027439689093138313,0.011843739795918323,0.9460180000000002,0.0024069307218945,8.784242570856,0.036039987969836096
43,2022-10-24 19:07:37,44,0,bc,0,0,1328.3700119960279,4.387528,0.037039547258620666,0.005831354226865023,0.9460180000000002,0.0024069307218945,4.150680463504001,0.03701031273449433
44,2022-10-24 19:11:01,45,0,bc,0,0,1320.484513056028,4.36492,0.030149468551412012,0.0058312061939563235,0.9460180000000002,0.0024069307218945,4.12929288856,0.030891897185107656
45,2022-10-24 19:14:06,46,0,bc,1,1,1284.677971883972,19.198012000000002,0.05175959760536862,0.024487260204081585,0.9460180000000002,0.0024069307218945,18.161664916215997,0.07120015522421914
46,2022-10-24 19:17:24,47,1,bc,0,0,1307.237027723972,19.263184,0.028843193452517162,0.024570387755101997,0.9460180000000002,0.0024069307218945,18.223318801312,0.05860501337974841
47,2022-10-24 19:20:29,48,1,bc,0,0,1312.03908398,19.204768,0.03275637614232562,0.02449587755102036,0.9460180000000002,0.0024069307218945,18.168056213824,0.06028254589873303
48,2022-10-24 19:23:45,49,1,bc,0,0,1314.6347753360283,19.140800000000002,0.02854946080680959,0.024414285714285677,0.9460180000000002,0.0024069307218945,18.107541334400004,0.05818409002678236
49,2022-10-24 19:26:51,50,1,bc,0,0,1340.276180356028,19.090572,0.026424222085219152,0.02435021938775506,0.9460180000000002,0.0024069307218945,18.060024742296005,0.05715687675325701
50,2022-10-24 19:30:05,51,1,bc,0,0,1342.3770114600002,28.244828000000002,0.07100442257471383,0.03602656632653056,0.9460180000000002,0.0024069307218945,26.720115694903996,0.10146579780094755
51,2022-10-24 19:33:07,52,1,bc,0,0,1318.0528636999998,28.386619999999997,0.03488368202913943,0.03620742346938772,0.9460180000000002,0.0024069307218945,26.85425347916,0.08324994398392879
52,2022-10-24 19:36:19,53,1,bc,0,0,1343.04302198,33.713824,0.06552151671290579,0.0430023265306122,0.9460180000000002,0.0024069307218945,31.893884352831996,0.10991739461503364
53,2022-10-24 19:39:22,54,0,bc,0,0,1310.7108906960282,5.732603999999999,0.02360400579219979,0.007311994897959131,0.9460180000000002,0.0024069307218945,5.423146570872,0.027145047905301596
54,2022-10-24 19:42:33,55,0,bc,0,0,1312.537224743972,5.667324,0.02731136688905033,0.007228729591836683,0.9460180000000002,0.0024069307218945,5.361390515832,0.030006516507912147
55,2022-10-24 19:45:36,56,0,bc,1,1,1353.4886696239719,1.6887299999999998,0.026008372524022223,0.0058039953918860845,0.9460180000000002,0.0024069307218945,1.5975689771400001,0.025535171386080562
56,2022-10-24 19:48:45,57,1,bc,0,0,1294.528147396028,1.6722123999999998,0.027281667786839207,0.005803714036475593,0.9460180000000002,0.0024069307218945,1.5819430302231998,0.026691690511490368
57,2022-10-25 16:35:28,58,1,bc,0,1,1338.281976223972,14.988452000000002,0.0357201710931141,0.019117923469387708,0.9460180000000002,0.0024069307218945,14.179345384136,0.052635384253872174
58,2022-10-25 16:38:32,59,1,bc,0,1,1389.91802348,14.946091999999998,0.025304560285370512,0.019063892857142814,0.9460180000000002,0.0024069307218945,14.139272061655998,0.04682362919098852
59,2022-10-25 16:41:46,60,1,bc,0,0,1336.532195,14.962872,0.029184943139698154,0.0190852959183673,0.9460180000000002,0.0024069307218945,14.155146243696,0.04883972616213224
60,2022-10-25 16:44:55,61,1,bc,0,0,1362.1265747560278,14.909532,0.026383521210419973,0.019017260204081583,0.9460180000000002,0.0024069307218945,14.104685643576,0.0472699724184708
61,2022-10-25 16:48:07,62,1,bc,0,0,1323.315877976028,14.849632000000005,0.02571259592521688,0.018940857142857096,0.9460180000000002,0.0024069307218945,14.048019165375997,0.04680007464362345
62,2022-10-25 16:51:13,63,0,bc,1,1,1389.498622876028,3.9466159999999997,0.03256727953298791,0.005828313474483558,0.9460180000000002,0.0024069307218945,3.733569775088,0.03270848487944735
63,2022-10-25 16:54:29,64,0,bc,1,1,1349.397462143972,3.84694,0.02564099053284834,0.005827579587103012,0.9460180000000002,0.0024069307218945,3.6392744849199996,0.026542839054117418
64,2022-10-25 16:57:35,65,0,None,1,1,1360.884776816028,1.7327987999999999,1.9089552020010587,0.002654620121803119,0.9460180000000002,0.0010964906621963835,1.6392588551784002,1.805908727917925
65,2022-10-25 17:00:52,66,0,None,1,1,1327.4366130160279,0.0,0.0,0.0,0.9460180000000002,0.0,0.0,0.0
66,2022-10-25 17:04:01,67,0,bc,1,1,1374.553302843972,12.176108,0.04463354810206971,0.01553074999999995,0.9460180000000002,0.0024069307218945,11.518817337943998,0.05345696200125185
67,2022-10-25 17:07:17,68,0,bc,1,1,1343.5613947000002,12.215860000000001,0.025761501980080016,0.015581454081632607,0.9460180000000002,0.0024069307218945,11.55642344548,0.04093575489014584
68,2022-10-25 17:10:32,69,0,mc,1,1,1363.3984468439721,214.74892,0.38735169491117477,0.2739144387755102,0.9460180000000002,0.0024069307218945,203.15634380056002,0.684541977557707
69,2022-10-25 17:13:52,70,0,mc,0,1,1347.831954876028,216.22824000000006,0.3936065442042984,0.27580132653061223,0.9460180000000002,0.0024069307218945,204.55580714831999,0.6910797239152677
70,2022-10-25 17:17:00,71,0,mc,0,0,1338.274867956028,217.79280000000003,0.4053173138959409,0.27779693877551026,0.9460180000000002,0.0024069307218945,206.0359090704,0.7006333016571206
71,2022-10-25 17:20:13,72,0,bc,1,1,1337.161569363972,24.637292,0.03324538576414402,0.03142511734693874,0.9460180000000002,0.0024069307218945,23.307321703255997,0.07341298292899581
72,2022-10-25 17:23:22,73,0,bc,1,1,1367.092672683972,24.583212000000003,0.033773211883072043,0.031356137755101994,0.9460180000000002,0.0024069307218945,23.256161049815997,0.07349712629879646
73,2022-10-25 17:26:36,74,0,mc,1,1,1340.2056422960281,103.25004,0.14732305616027822,0.1316964795918367,0.9460180000000002,0.0024069307218945,97.67639634072,0.3109760448068522
74,2022-10-25 17:29:48,75,1,mc,0,0,1349.0010274200001,102.97372000000001,0.12375810330976808,0.1313440306122449,0.9460180000000002,0.0024069307218945,97.41499264696003,0.300958555454122
75,2022-10-25 17:32:57,76,1,mc,0,0,1337.3004584760279,102.61132000000002,0.16434089481277986,0.13088178571428566,0.9460180000000002,0.0024069307218945,97.07215572376002,0.3170166869654898
76,2022-10-25 17:36:05,77,1,mc,0,0,1327.4267704960278,102.43672000000002,0.16316686378735717,0.13065908163265302,0.9460180000000002,0.0024069307218945,96.90698098096,0.31606317644631077
77,2022-10-25 17:39:21,78,0,mc,1,1,1346.867387916028,52.609919999999995,0.07645367136487655,0.06710448979591832,0.9460180000000002,0.0024069307218945,49.76993129856,0.1590467259661017
78,2022-10-25 17:42:27,79,0,mc,1,1,1334.7408563599997,52.39868,0.2203899257470417,0.06683505102040813,0.9474058000000001,0.00209458156890459,49.64321486264,0.24423975942312576
79,2022-10-25 17:45:44,80,0,pc,1,1,1331.4507207560282,1014.5164000000001,103.81609108946758,1.2940260204081635,0.9506440000000003,0.0013657668785948,964.4439285615999,98.70953582684345
80,2022-10-25 17:48:49,81,0,pc,1,1,1357.482545736028,1038.588,26.782906646767042,1.3247295918367348,0.9506440000000003,0.0013657668785948,987.3274506720003,25.531568941011944
81,2022-10-25 17:52:10,82,1,pc,0,1,1308.1791757199999,1039.6812,27.635455431851355,1.326123979591837,0.9506440000000003,0.0013657668785948,988.3666946928,26.34001218101004
82,2022-10-25 17:55:19,83,1,pc,0,0,1341.5327420760282,1039.224,25.223986657968013,1.325540816326531,0.9506440000000003,0.0013657668785948,987.932060256,24.05403023684754
83,2022-10-25 17:58:33,84,1,pc,0,0,1310.085890676028,1044.0164,27.640799357861788,1.3316535714285713,0.9506440000000003,0.0013657668785948,992.4879265616001,26.345650990888828
84,2022-10-25 18:01:39,85,1,pc,0,0,1347.57550244,1033.1452,28.128372800190853,1.317787244897959,0.9506440000000003,0.0013657668785948,982.1532855088,26.806560320372974
85,2022-10-25 18:04:55,86,1,pc,0,0,1318.7303571599998,1034.9428,24.845307040959472,1.3200801020408166,0.9506440000000003,0.0013657668785948,983.8621631632,23.69455514784337
86,2022-10-25 18:08:05,87,1,pc,0,0,1332.7160311639718,1041.1464,23.30335764629233,1.3279928571428574,0.9506440000000003,0.0013657668785948,989.7595782816,22.23465534976366
87,2022-10-25 18:11:22,88,0,mc,1,1,1358.705205223972,90.81192539325843,31.69671105797066,0.24225723471095187,0.9506440000000003,0.0013197297927994697,86.32981200354877,30.133406594746177
88,2022-10-25 18:14:26,89,0,bc,1,1,1344.879198876028,25.288452000000003,0.09530849382901349,0.03225567857142853,0.9506440000000003,0.0013657668785948,24.040315163087996,0.10169714297475516
89,2022-10-25 18:17:40,90,0,bc,1,1,1306.2380119439722,24.854344000000008,0.03238844338215565,0.03170196938775506,0.9506440000000003,0.0013657668785948,23.627632997536,0.054850269327572546
90,2022-10-25 18:20:42,91,0,None,1,1,1305.5933268839722,0.0,0.0,0.0,0.9506440000000003,0.0,0.0,0.0
91,2022-10-25 18:24:00,92,0,None,1,1,1298.0052908799998,0.0,0.0,0.0,0.9506440000000003,0.0,0.0,0.0
92,2022-10-25 18:27:08,93,0,None,1,1,1320.1990799760279,0.0,0.0,0.0,0.9506440000000003,0.0,0.0,0.0
93,2022-10-25 18:30:19,94,0,None,0,0,1292.596279223972,0.0,0.0,0.0,0.9506440000000003,0.0,0.0,0.0
94,2022-10-25 18:33:33,95,0,bc,1,1,1318.0627062199999,25.284836000000002,6.033092590700547,0.03225106632653058,0.9506440000000003,0.0013657668785948,24.036877634384,5.735509181963279
95,2022-10-25 18:36:54,96,0,pc,1,1,1295.4522504439722,465.08599999999996,3.2997782560841644,0.5932219387755103,0.9506440000000003,0.0013657668785948,442.13121538400003,3.2498832845209766
96,2022-10-25 18:40:05,97,0,pc,1,1,1312.2359343800001,479.7971999999999,2.2763502781347196,0.611986224489796,0.9506440000000003,0.0013657668785948,456.1163293968001,2.3346875908846223
97,2022-10-25 18:43:26,98,1,pc,0,1,1293.827688056028,488.18080000000003,2.194331508350393,0.6226795918367347,0.9506440000000003,0.0013657668785948,464.0861484352,2.2685805569611275
98,2022-10-25 18:46:39,99,1,pc,0,0,1303.1534757560282,492.78200000000004,2.228668227308795,0.6285484693877552,0.9506440000000003,0.0013657668785948,468.46025160799996,2.3019042377213412
99,2022-10-25 18:49:55,100,1,pc,0,0,1246.13357006,491.62039999999996,2.4556960650791013,0.627066836734694,0.9506440000000003,0.0013657668785948,467.3559835376,2.5012081710099547
100,2022-10-25 18:53:04,101,0,bc,1,1,1319.78514722,1.6964056000000003,0.029024941449988843,0.005804124251973559,0.9506440000000003,0.0013657668785948,1.6126778052064001,0.02823388596212761
101,2022-10-25 18:56:23,102,0,bc,1,1,1268.58271776,1.7094176,0.02332525363220606,0.0058043441716212184,0.9506440000000003,0.0013657668785948,1.6250475849343997,0.022969203845758797
102,2022-10-25 18:59:32,103,0,bc,1,1,1302.914521023972,26.049104000000003,0.09383706918035929,0.03322589795918363,0.9506440000000003,0.0013657668785948,24.763424422976005,0.10109918904329042
103,2022-10-25 19:02:47,104,1,bc,0,0,1284.910364936028,26.036044000000004,0.03471400354679934,0.03320923979591832,0.9506440000000003,0.0013657668785948,24.751009012336002,0.05788068004366183
104,2022-10-25 19:05:57,105,1,bc,0,0,1292.620338936028,25.784420000000004,0.049417578367271286,0.032888290816326486,0.9506440000000003,0.0013657668785948,24.511804166479997,0.06651779776958809
105,2022-10-25 19:09:08,106,1,bc,0,0,1277.88718,25.638472,0.033562644403054065,0.03270213265306118,0.9506440000000003,0.0013657668785948,24.373059575968,0.05666217950288817
106,2022-10-25 19:12:19,107,0,mc,1,1,1308.6696613000001,149.6052,0.21977664658016519,0.19082295918367345,0.9506440000000003,0.0013657668785948,142.2212857488,0.34395956546407147
107,2022-10-25 19:15:38,108,0,mc,1,1,1273.92720612,149.6752,0.18329249419156882,0.19091224489795916,0.9506440000000003,0.0013657668785948,142.28783082880003,0.32417314220970195
108,2022-10-25 19:18:48,109,0,pc,1,1,1291.67326968,645.3432,6.812311028942833,0.8231418367346939,0.9506440000000003,0.0013657668785948,613.4916410208,6.582463130157771
109,2022-10-25 19:22:08,110,1,pc,0,1,1274.3985535760282,663.7772,4.978080328530605,0.8466545918367347,0.9506440000000003,0.0013657668785948,631.0158125168,4.885193164342031
110,2022-10-25 19:25:20,111,1,pc,0,0,1265.460451583972,667.2171999999999,5.3003512946965134,0.8510423469387757,0.9506440000000003,0.0013657668785948,634.2860278768001,5.184005826539714
111,2022-10-25 19:28:44,112,1,pc,0,0,1263.0621575439718,668.4348000000001,4.4636589394901005,0.8525954081632656,0.9506440000000003,0.0013657668785948,635.4435320112001,4.415471933650207
112,2022-10-25 19:31:54,113,0,mc,1,1,1273.486480056028,75.86104,0.2598437200154368,0.09676153061224486,0.9506440000000003,0.0013657668785948,72.11684250976002,0.2832215136824749
113,2022-10-25 19:35:15,114,0,mc,1,1,1249.5325202999998,75.48316,0.0949425666721319,0.09627954081632648,0.9506440000000003,0.0013657668785948,71.75761315503999,0.16477739239707126
114,2022-10-25 19:38:29,115,0,bc,1,1,1346.002886576028,6.4151560000000005,0.03183438099027066,0.008182596938775459,0.9506440000000003,0.0013657668785948,6.0985295604640015,0.03245201940913624
115,2022-10-25 19:41:50,116,0,pc,1,1,1327.54433382,295.17489919999997,123.81263567523118,0.38760722004375986,0.9506440000000003,0.0012747157533551468,280.60624687508476,117.70291741107461
116,2022-10-25 19:45:00,117,1,pc,0,1,1313.131056783972,357.815,1.868182141830977,0.4563966836734694,0.9506440000000003,0.0013657668785948,340.1546828600001,1.8923939488616008
117,2022-10-25 19:48:12,118,1,pc,0,0,1320.00332308,362.88596,1.7841785793121747,0.4628647448979592,0.9506440000000003,0.0013657668785948,344.97536055824,1.8210086724941463
118,2022-10-25 19:51:25,119,0,bc,1,1,1326.1324791160278,8.810343999999999,1.0719007627352262,0.01125634761620872,0.9506440000000003,0.0013657668785948,8.375500661536,1.0191232522461902
119,2022-10-25 19:54:38,120,1,bc,0,0,1319.071017603972,8.97356,0.02597539648344018,0.011445867346938726,0.9506440000000003,0.0013657668785948,8.530660972640002,0.029637158306119037
120,2022-10-25 19:57:45,121,1,bc,0,0,1310.5463017800002,8.934844,0.02745300838184187,0.011396484693877499,0.9506440000000003,0.0013657668785948,8.493855839536,0.030779769873567665
121,2022-10-25 20:01:02,122,1,mc,0,1,1297.18344046,149.88668,0.21618187474044065,0.1911819897959183,0.9506440000000003,0.0013657668785948,142.48887302192,0.34230554703605415
122,2022-10-25 20:04:13,123,1,mc,0,0,1320.8902433839721,149.69944,0.16978514168524528,0.19094316326530605,0.9506440000000003,0.0013657668785948,142.31087443936,0.31749400323418947
123,2022-10-25 20:07:27,124,1,mc,0,0,1258.8566675799998,149.68164000000002,0.18217281386738202,0.19092045918367345,0.9506440000000003,0.0013657668785948,142.29395297616003,0.3236121891239282
124,2022-10-25 20:10:31,125,1,mc,0,0,1306.3763541399999,149.53856,0.16555184448831536,0.19073795918367342,0.9506440000000003,0.0013657668785948,142.15793483264002,0.3152125497147147
125,2022-10-25 20:13:50,126,0,None,1,1,1324.7277326800001,0.0,0.0,0.0,0.9506440000000003,0.0,0.0,0.0
126,2022-10-25 20:16:56,127,0,None,1,1,1303.210890456028,0.0,0.0,0.0,0.9506440000000003,0.0,0.0,0.0
127,2022-10-25 20:20:10,128,0,bc,1,1,1290.5791095400002,3.4770856000000006,0.13252215922000588,0.005824662245926807,0.9506440000000003,0.0013657668785948,3.3054705631263994,0.12619240993357989
128,2022-10-25 20:23:22,129,0,mc,1,1,1315.596608043972,79.16044000000001,0.09186718405185838,0.10096994897959179,0.9506440000000003,0.0013657668785948,75.25339732336,0.16890602168774263
129,2022-10-25 20:26:35,130,1,mc,0,1,1301.929722436028,78.92184000000002,0.08209227584132978,0.10066561224489792,0.9506440000000003,0.0013657668785948,75.02657366496,0.16391065765655113
130,2022-10-25 20:29:41,131,1,mc,0,1,1296.73396538,78.64540000000001,0.12891771088479365,0.10031301020408158,0.9506440000000003,0.0013657668785948,74.7637776376,0.188814136424165
131,2022-10-25 20:33:02,132,1,mc,0,0,1287.906318443972,78.44207999999999,0.08686928731520471,0.10005367346938772,0.9506440000000003,0.0013657668785948,74.57049269952,0.16536111779656767
132,2022-10-26 16:39:47,133,0,None,0,0,1327.045099223972,0.0,0.0,0.0,0.9506440000000003,0.0,0.0,0.0
133,2022-10-26 16:42:57,134,0,None,0,0,1351.203564563972,0.0,0.0,0.0,0.9506440000000003,0.0,0.0,0.0
134,2022-10-26 16:46:11,135,0,bc,1,1,1317.3403745039723,1.2472584,0.03016838315704227,0.005795335010392002,0.9506440000000003,0.0013657668785948,1.1856987144095998,0.029253405484500804
135,2022-10-26 16:49:19,136,1,bc,0,0,1372.11618564,1.1866779999999997,0.030057060624639566,0.005793913242793196,0.9506440000000003,0.0013657668785948,1.128108320632,0.029144687868339906
136,2022-10-26 16:52:32,137,1,bc,0,0,1363.9676725839722,1.157432,0.027587455185201587,0.005793202282120397,0.9506440000000003,0.0013657668785948,1.1003057862080001,0.026844442086623774
137,2022-10-26 16:55:40,138,0,bc,1,1,1370.4178040239722,7.2701519999999995,0.03177079837937541,0.009273153061224436,0.9506440000000003,0.0013657668785948,6.911326377888001,0.032992549767895236
138,2022-10-26 16:58:46,139,0,bc,1,1,1366.351202843972,7.253892,0.0346569195775785,0.009252413265306072,0.9506440000000003,0.0013657668785948,6.895868906448,0.035510296559559215
139,2022-10-26 17:11:57,140,0,None,0,0,1355.9662507399999,0.0,0.0,0.0,0.9506440000000003,0.0,0.0,0.0
140,2022-10-26 17:15:07,141,0,bc,1,1,1367.0675197960281,4.511323999999999,0.7255550957959745,0.005982848114756038,0.9506440000000003,0.0013657668785948,4.288663092656,0.6897955657475096
141,2022-10-26 17:18:19,142,0,bc,1,1,1376.6853022560279,2.1269408000000003,0.024801117381134455,0.005810595247995283,0.9506440000000003,0.0013657668785948,2.0219635098752002,0.024389084230872823
142,2022-10-26 17:21:30,143,0,bc,1,1,1371.6404638400002,2.1079228,0.027388188793260503,0.005810337757660063,0.9506440000000003,0.0013657668785948,2.0038841622831995,0.02677112283794439
143,2022-10-26 17:24:44,144,0,bc,1,1,1406.7044413400001,1.6844384000000001,0.02516818198038453,0.005803922858255431,0.9506440000000003,0.0013657668785948,1.6013012583296002,0.02466145820723586
144,2022-10-26 17:27:48,145,0,bc,1,1,1385.038867483972,2.357306,2.0910436642721653,0.005342329027939274,0.9506440000000003,0.001168489440575551,2.240958805064,1.9878465091954876
145,2022-10-26 17:30:56,146,0,mc,1,1,1388.1551188960282,62.71312,0.07681175471841015,0.07999122448979588,0.9506440000000003,0.0013657668785948,59.61785124928001,0.13583356593889148
146,2022-10-26 17:34:04,147,0,mc,0,1,1396.45345676,62.83263999999999,0.0753061598268379,0.08014367346938771,0.9506440000000003,0.0013657668785948,59.73147222016,0.13525469007799223
147,2022-10-26 17:37:15,148,0,mc,0,0,1396.8662956839719,62.73783999999999,0.06786370478367856,0.08002275510204078,0.9506440000000003,0.0013657668785948,59.64135116895999,0.1314959085859165
148,2022-10-26 17:40:28,149,0,mc,0,0,1382.901400223972,62.42244000000001,0.07096114588082156,0.07962045918367343,0.9506440000000003,0.0013657668785948,59.34151805136,0.13246924857838718
149,2022-10-26 17:43:43,150,0,mc,1,1,1383.18245896,93.02728,0.20474898592167703,0.11865724489795915,0.9506440000000003,0.0013657668785948,88.43582556832,0.2583654056890889
150,2022-10-26 17:46:51,151,0,mc,0,0,1359.8267059160282,92.97196,0.09578089321789603,0.11858668367346938,0.9506440000000003,0.0013657668785948,88.38323594224,0.19267344274498555
151,2022-10-26 17:50:02,152,0,mc,0,0,1361.07615904,92.75792,0.11289488717635451,0.11831367346938772,0.9506440000000003,0.0013657668785948,88.17976010048001,0.20054401217648535
152,2022-10-26 17:53:09,153,0,mc,0,1,1335.5408344039718,77.74492,0.18719758425407623,0.09916443877551018,0.9506440000000003,0.0013657668785948,73.90774172848,0.22766310120770922
153,2022-10-26 17:56:19,154,0,mc,0,0,1344.22248396,77.84092000000001,0.08511669610044875,0.09928688775510201,0.9506440000000003,0.0013657668785948,73.99900355248,0.16358029660967724
154,2022-10-26 17:59:29,155,0,mc,0,0,1329.156319763972,77.75984000000001,0.0800283949607892,0.09918346938775506,0.9506440000000003,0.0013657668785948,73.92192533696,0.16111183854578878
155,2022-10-26 18:02:42,156,0,pc,1,1,1349.258026443972,718.8142813483147,416.7606447812835,0.918567207620853,0.9506440000000003,0.0012736927070041396,683.3364836780872,396.1930265800251
156,2022-10-26 18:05:48,157,0,pc,0,0,1350.9744526800002,1099.864,31.95654354894324,1.402887755102041,0.9506440000000003,0.0013657668785948,1045.5791124159998,30.445635826216275
157,2022-10-26 18:08:58,158,0,pc,0,0,1347.8046143239721,1103.1236,28.516295809057382,1.4070454081632655,0.9506440000000003,0.0013657668785948,1048.6778315984,27.18360810468952
158,2022-10-26 18:12:04,159,0,pc,0,0,1340.17228698,1107.0464000000002,29.745809204515876,1.412048979591837,0.9506440000000003,0.0013657668785948,1052.4070178816,28.349865439628775
159,2022-10-26 18:15:16,160,0,pc,0,0,1371.979483863972,1097.2376000000002,27.87299858761466,1.399537755102041,0.9506440000000003,0.0013657668785948,1043.0823410144,26.572969185132028
160,2022-10-26 18:18:27,161,0,pc,0,0,1338.0703620439722,1094.9508,29.181456999458334,1.396620918367347,0.9506440000000003,0.0013657668785948,1040.9084083152002,27.813162782739912
161,2022-10-26 18:21:39,162,0,pc,0,0,1348.0506773239717,1083.178,30.81685482642995,1.3816045918367346,0.9506440000000003,0.0013657668785948,1029.716666632,29.362576391332798
162,2022-10-26 18:24:48,163,0,pc,0,0,1308.7336376800001,1074.3592,29.83654063268466,1.3703561224489798,0.9506440000000003,0.0013657668785948,1021.3331273248,28.43171736603252
163,2022-10-26 18:28:02,164,0,pc,0,0,1374.487139456028,1074.8963999999999,34.247142644953904,1.3710413265306123,0.9506440000000003,0.0013657668785948,1021.8438132816001,32.61597534491069
164,2022-10-26 18:31:09,165,0,pc,0,0,1345.627230396028,1061.584,32.04656809335124,1.354061224489796,0.9506440000000003,0.0013657668785948,1009.1884600960001,30.52651101400114
165,2022-10-26 18:34:18,166,0,None,1,1,1335.351639516028,331.80296,430.3981547210592,0.4403523617991339,0.9506440000000003,0.0006221826891376312,315.42649310623995,409.155689627456
166,2022-10-26 18:37:29,167,0,None,1,1,1349.6008742239721,0.0,0.0,0.0,0.9506440000000003,0.0,0.0,0.0
167,2022-10-26 18:40:38,168,0,None,1,1,1342.7985993999998,0.0,0.0,0.0,0.9506440000000003,0.0,0.0,0.0
168,2022-10-26 18:43:47,169,0,None,0,0,1320.8333756000002,0.0,0.0,0.0,0.9506440000000003,0.0,0.0,0.0
169,2022-10-26 18:46:59,170,0,None,0,0,1363.146915996028,0.0,0.0,0.0,0.9506440000000003,0.0,0.0,0.0
170,2022-10-26 18:50:03,171,1,bc,0,1,1337.17688006,0.9946838,0.031095910171560378,0.0057888746392432714,0.9506440000000003,0.0013657668785948,0.9455901863672,0.03009968971405924
171,2022-10-26 18:53:16,172,1,bc,0,1,1314.892321276028,0.954199,0.022519550809278716,0.00578769611090568,0.9506440000000003,0.0013657668785948,0.907103554156,0.022142188367480727
172,2022-10-26 18:56:27,173,1,bc,0,1,1319.431910003972,0.9242910000000001,0.02179235534500909,0.005786788458176929,0.9506440000000003,0.0013657668785948,0.8786716934040003,0.02147186853674026
173,2022-10-26 18:59:36,174,1,bc,0,0,1324.2230302360279,0.8917937999999999,0.024165845570542858,0.005785765863139141,0.9506440000000003,0.0013657668785948,0.8477784252072001,0.023653747780716227
174,2022-10-26 19:02:45,175,1,bc,0,0,1304.1224170599999,0.8757843999999999,0.02799514013715374,0.00578524570486316,0.9506440000000003,0.0013657668785948,0.8325591851536001,0.027202043955372634
175,2022-10-26 19:05:52,176,0,bc,1,1,1299.18147202,4.42269,0.02499686546641537,0.005831584027474198,0.9506440000000003,0.0013657668785948,4.204403712360001,0.025137723660517735
176,2022-10-26 19:09:02,177,1,bc,0,1,1307.900851236028,4.456683999999999,0.02346793905726502,0.005831803999626526,0.9506440000000003,0.0013657668785948,4.236719904496,0.02378035646749185
177,2022-10-26 19:12:11,178,1,bc,0,0,1336.06631572,4.434232,0.028927922640843224,0.005831658732850627,0.9506440000000003,0.0013657668785948,4.215376045408001,0.028699639859777835
178,2022-10-26 19:15:23,179,1,bc,0,0,1298.337202636028,4.427536,0.021827559365746006,0.0058316155867853235,0.9506440000000003,0.0013657668785948,4.209010533184,0.022313045391149016
179,2022-10-26 19:18:36,180,0,bc,1,1,1307.559643876028,3.5413888,0.02293100883681652,0.005825204862968093,0.9506440000000003,0.0013657668785948,3.3666000143872,0.023005784242624106
180,2022-10-26 19:21:47,181,0,bc,1,1,1306.26808642,3.5153255999999997,0.02515489942976015,0.0058249928166455136,0.9506440000000003,0.0013657668785948,3.3418231896864006,0.02501125871709768
181,2022-10-26 19:25:03,182,0,bc,1,1,1318.9206458799997,0.724036,0.02463655885791582,0.005779824837264758,0.9506440000000003,0.0013657668785948,0.6883004791840002,0.02407680114702526
182,2022-10-26 19:28:08,183,0,bc,0,0,1310.747526523972,0.7163103999999999,0.025374917632810363,0.0057795180774322255,0.9506440000000003,0.0013657668785948,0.6809561838976,0.024759638088468105
183,2022-10-26 19:31:15,184,0,bc,0,0,1299.326375896028,0.7117844000000001,0.023511773942125634,0.0057793400968830224,0.9506440000000003,0.0013657668785948,0.6766535691536,0.023037185818591058
184,2022-10-26 19:34:27,185,0,bc,0,0,1296.61585514,0.7041988,0.02538400086721883,0.005779032014394837,0.9506440000000003,0.0013657668785948,0.6694423640272,0.0247673005282487
185,2022-10-26 19:37:39,186,0,bc,0,0,1323.991731016028,0.6967788,0.022413584816837598,0.005778734573170656,0.9506440000000003,0.0013657668785948,0.6623885855472,0.022024693034439997
186,2022-10-26 19:40:57,187,0,bc,1,1,1289.776397243972,1.7717852,0.0255879179737081,0.005805368332094349,0.9506440000000003,0.0013657668785948,1.6843369696687998,0.025060305074201105
187,2022-10-26 19:44:08,188,0,bc,1,1,1295.137289803972,1.7595724,0.02296426255738456,0.0058051711182923104,0.9506440000000003,0.0013657668785948,1.6727269446256003,0.022645445925592558
188,2022-10-26 19:47:23,189,0,bc,0,0,1268.74347892,1.7499507999999997,0.025416035843626256,0.005805013769324645,0.9506440000000003,0.0013657668785948,1.6635802283152004,0.024898776833935796
189,2022-10-26 19:50:33,190,0,mc,1,1,1302.23593406,84.70144,15.594066558249043,0.10803755102040813,0.9506440000000003,0.0013657668785948,80.52091572736,14.825212928884183
190,2022-10-26 19:53:44,191,0,mc,1,1,1275.15916154,82.92204,0.09159025609329764,0.10576790816326527,0.9506440000000003,0.0013657668785948,78.82933979376001,0.17469120783368008
191,2022-10-26 19:56:54,192,0,mc,1,1,1297.7067344400002,82.88148000000001,0.1020953764263613,0.10571617346938769,0.9506440000000003,0.0013657668785948,78.79078167312,0.17981486352716936
192,2022-10-26 20:00:05,193,0,mc,1,1,1293.5592057639722,49.16132000000002,0.06888099361143758,0.06270576530612242,0.9506440000000003,0.0013657668785948,46.734913890080016,0.11112796687648872
193,2022-10-26 20:03:11,194,1,mc,0,0,1277.4836366799998,49.13388000000001,0.07003037414844204,0.06267076530612241,0.9506440000000003,0.0013657668785948,46.70882821872,0.11173503723987047
194,2022-10-26 20:06:18,195,1,mc,0,0,1288.61060554,49.153600000000004,0.07760414676746104,0.0626959183673469,0.9506440000000003,0.0013657668785948,46.727574918399995,0.11619674262821797
195,2022-10-26 20:09:25,196,0,mc,1,1,1490.348910223972,74.79296,0.08304598536590045,0.09539918367346936,0.9506440000000003,0.0013657668785948,71.10147866624001,0.1577720580556621
196,2022-10-26 20:12:35,197,0,bc,1,1,1286.662333496028,12.92962,0.035508201426421505,0.01649186224489791,0.9506440000000003,0.0013657668785948,12.291465675280001,0.04119557731076739
197,2022-10-26 20:15:42,198,1,bc,0,0,1313.132150616028,12.825520000000001,0.025968107665564313,0.01635908163265301,0.9506440000000003,0.0013657668785948,12.192503634879998,0.03403097962617049
198,2022-10-26 20:18:51,199,1,bc,0,0,1262.09649708,12.766160000000001,0.0265139868112891,0.01628336734693873,0.9506440000000003,0.0013657668785948,12.136073407040001,0.03433556544933568
199,2022-10-26 20:22:00,200,1,bc,0,0,1284.177643783972,12.729536000000003,0.02742196531200913,0.016236653061224446,0.9506440000000003,0.0013657668785948,12.101257021184,0.03492956060908922
200,2022-10-26 20:25:08,201,0,bc,1,1,1268.742932003972,8.7174224,2.8237015808090735,0.011418535571448014,0.9506440000000003,0.0013657668785948,8.287165300025599,2.6843833164664286
201,2022-10-26 20:28:19,202,0,bc,1,1,1293.0840308799998,6.715836,0.023348700553308937,0.008566117346938722,0.9506440000000003,0.0013657668785948,6.384369198384,0.025359812473176747
202,2022-10-26 20:31:31,203,0,bc,1,1,1208.202685316028,6.68026,0.024752941398249382,0.008520739795918317,0.9506440000000003,0.0013657668785948,6.35054908744,0.02650610513168827
203,2022-10-26 20:34:42,204,0,bc,1,1,1258.926658723972,6.379009599999999,2.6283648088262828,0.008212759295187054,0.9506440000000003,0.0011988398156554355,6.0641672021824,2.4986631359261726
204,2022-10-26 20:37:47,205,0,bc,1,1,1221.03678448,2.9903932,0.022892460545444197,0.005820354935474018,0.9506440000000003,0.0013657668785948,2.8427993532208005,0.022823353412148344
205,2022-10-26 20:40:55,206,0,bc,1,1,1260.861807736028,2.94775,0.025755115087464444,0.005819942988807997,0.9506440000000003,0.0013657668785948,2.802260851,0.02542208650867099
206,2022-10-27 16:37:24,207,1,None,0,0,1418.60076718,0.0,0.0,0.0,0.9506440000000003,0.0,0.0,0.0
207,2022-10-27 16:40:46,208,0,bc,1,1,1386.152712663972,6.2689612,5.4879412742904226,0.008500846248321123,0.9506440000000003,0.0010774383153358978,5.9595503510128,5.217089076101845
208,2022-10-27 16:43:54,209,0,bc,1,1,1431.561178683972,7.819420000000001,0.776982726336126,0.009973749999999953,0.9506440000000003,0.0013657668785948,7.433484706480002,0.7387720131705062
209,2022-10-27 16:47:11,210,0,bc,1,1,1377.5476162599998,7.079368,0.026277459012142554,0.00902980612244893,0.9506440000000003,0.0013657668785948,6.729958712992,0.028128244965586392
210,2022-10-27 16:50:18,211,0,bc,1,1,1435.2800108239721,7.374244,0.03529677404491145,0.009405923469387708,0.9506440000000003,0.0013657668785948,7.010280813136001,0.036156665267187194
211,2022-10-27 16:53:38,212,0,bc,0,0,1408.370561143972,7.355336000000001,0.02747383297661551,0.009381806122448934,0.9506440000000003,0.0013657668785948,6.992306036384,0.029370071306767696
212,2022-10-27 16:56:41,213,0,bc,1,1,1400.2264227599999,3.5259528,0.027466227006262618,0.005825079279099681,0.9506440000000003,0.0013657668785948,3.3519258736032,0.027122291194471005
213,2022-10-27 17:00:01,214,0,bc,1,1,1415.353282496028,0.7728428000000002,0.027092096536141228,0.005781681317555235,0.9506440000000003,0.0013657668785948,0.7346983707632001,0.026356034482571723
214,2022-10-27 17:03:09,215,0,bc,1,1,1396.324957083972,2.3832972,0.029773112192043347,0.0058138525020303405,0.9506440000000003,0.0013657668785948,2.2656671833968,0.0290213262125731
215,2022-10-27 17:06:28,216,1,bc,0,0,1387.0183078360283,2.3700284,0.026367250235126857,0.00581369310913951,0.9506440000000003,0.0013657668785948,2.2530532782896,0.025871225434214846
216,2022-10-27 17:09:35,217,1,bc,0,0,1375.14604138,2.35054,0.022856004569890974,0.005813457110107019,0.9506440000000003,0.0013657668785948,2.23452674776,0.02264842460798789
217,2022-10-27 17:12:53,218,0,bc,0,1,1416.9833130599998,33.55164,0.060349916284163765,0.04279545918367343,0.9506440000000003,0.0013657668785948,31.895665256160004,0.08394286254041838
218,2022-10-27 17:15:57,219,0,bc,0,0,1395.293132903972,33.744468,0.046287419583353785,0.043041413265306076,0.9506440000000003,0.0013657668785948,32.078976037392,0.07572632323482129
219,2022-10-27 17:19:13,220,0,bc,1,1,1421.349017596028,0.3901536,2.3936073698673415,0.0005191408598918834,0.9506440000000003,4.5525562619826665e-05,0.37089717891839996,2.275468538108176
220,2022-10-27 17:22:21,221,0,bc,0,0,1397.2539817200002,8.347912,0.024372651610295754,0.01064784693877546,0.9506440000000003,0.0013657668785948,7.935892455328,0.027736015774952032
221,2022-10-27 17:25:47,222,0,bc,0,0,1407.1205611039718,8.300752,0.025926645839645008,0.01058769387755097,0.9506440000000003,0.0013657668785948,7.891060084287999,0.028936258145851743
222,2022-10-27 17:28:58,223,0,bc,0,0,1407.562381,8.282300000000001,0.02638982592514683,0.010564158163265256,0.9506440000000003,0.0013657668785948,7.8735188011999995,0.0292948009609017
223,2022-10-27 17:32:16,224,0,bc,0,1,1405.5293537039722,4.68558,0.03173631486009173,0.005833242427503236,0.9506440000000003,0.0013657668785948,4.4543185135200005,0.03133573561268728
224,2022-10-27 17:35:24,225,0,bc,0,0,1408.792149083972,4.658448,0.02482426663433557,0.005833075841124977,0.9506440000000003,0.0013657668785948,4.4285256405119995,0.02506278612688161
225,2022-10-27 17:38:48,226,0,bc,0,0,1395.23134386,4.654492,0.02597519746980765,0.005833051396232653,0.9506440000000003,0.0013657668785948,4.424764892848001,0.02609429060321507
226,2022-10-27 17:41:52,227,0,bc,0,0,1412.1369654639718,4.652484,0.025760127747607012,0.005833039006600724,0.9506440000000003,0.0013657668785948,4.422855999696001,0.025900222852212478
227,2022-10-27 17:45:13,228,0,bc,0,0,1397.081190703972,24.768456,0.02987060743129607,0.0315924183673469,0.9506440000000003,0.0013657668785948,23.545984085664,0.05341038869649481
228,2022-10-27 17:48:22,229,0,bc,0,0,1425.55614798,24.790036000000004,0.02983283647484476,0.031619943877550974,0.9506440000000003,0.0013657668785948,23.566498983184,0.053424704175736165
229,2022-10-27 17:51:41,230,0,bc,0,0,1362.9626420400002,24.809712000000005,0.034252701204069695,0.031645040816326485,0.9506440000000003,0.0013657668785948,23.585203854528,0.055798150628703705
230,2022-10-27 17:54:46,231,1,bc,0,0,1403.37766958,1.4603747999999999,0.028385969387171518,0.005799842033946921,0.9506440000000003,0.0013657668785948,1.3882965413712,0.027614586406694643
231,2022-10-27 17:58:03,232,1,bc,0,0,1360.7825238599999,6.220992,0.027426086950078282,0.007934938775510157,0.9506440000000003,0.0013657668785948,5.913948718848,0.02844051735370757
232,2022-10-27 18:01:09,233,1,bc,0,0,1397.3644367760278,6.222763999999999,0.029509153666487306,0.007937198979591786,0.9506440000000003,0.0013657668785948,5.9156332600159995,0.03026744390826688
233,2022-10-27 18:04:29,234,1,bc,0,0,1368.1239502760282,6.205384000000001,0.023619826217857732,0.007915030612244847,0.9506440000000003,0.0013657668785948,5.899111067296,0.025152094928598365
234,2022-10-27 18:07:44,235,1,pc,0,0,1403.9715016200003,543.2784,6.232184526555168,0.6929571428571429,0.9506440000000003,0.0013657668785948,516.4643512896001,6.0071010683341175
235,2022-10-27 18:11:05,236,1,pc,0,0,1355.4495184399998,561.9088,3.927573797788983,0.7167204081632653,0.9506440000000003,0.0013657668785948,534.1752292672,3.87219438636846
236,2022-10-27 18:14:15,237,1,pc,0,0,1371.244575703972,566.0068000000001,4.545357585221217,0.7219474489795921,0.9506440000000003,0.0013657668785948,538.0709683792,4.4429490240036325
237,2022-10-27 18:17:51,238,1,pc,0,0,1398.9583781000001,566.3284,3.5751191660818047,0.7223576530612245,0.9506440000000003,0.0013657668785948,538.3766954896001,3.5525696738811026
238,2022-10-27 18:20:58,239,1,pc,0,0,1406.81763032,566.6852,4.5936578242988,0.7228127551020408,0.9506440000000003,0.0013657668785948,538.7158852688,4.487903517567266
239,2022-10-27 18:24:26,240,1,pc,0,0,1423.0288076760282,564.0448,3.945181180100636,0.7194448979591836,0.9506440000000003,0.0013657668785948,536.2058048512,3.889368148989277
240,2022-10-27 18:27:36,241,1,pc,0,0,1421.91441558,563.8108,4.050204109713124,0.7191464285714286,0.9506440000000003,0.0013657668785948,535.9833541552,3.9856191775268903
241,2022-10-27 18:31:02,242,0,None,1,1,1398.4662521000002,81.63652,186.25192262726603,0.12007396306278495,0.9506440000000003,0.00027315337571896,77.60726791888,177.059310932949
242,2022-10-27 18:34:10,243,0,None,0,0,1429.120233723972,0.0,0.0,0.0,0.9506440000000003,0.0,0.0,0.0
243,2022-10-27 18:37:32,244,0,bc,0,0,1420.2931337039722,2.8983224,0.02981144675290219,0.005819457896297053,0.9506440000000003,0.0013657668785948,2.7552727996256,0.02914506005566345
244,2022-10-27 18:40:34,245,0,bc,0,0,1427.040181163972,2.7635068,0.02803709820019969,0.005818092942438644,0.9506440000000003,0.0013657668785948,2.6271111583791997,0.027481539022824474
245,2022-10-27 18:43:55,246,0,bc,0,0,1463.9228378560279,12.238492,0.024355353849279174,0.015610321428571381,0.9506440000000003,0.0013657668785948,11.634448988847998,0.03218204687203341
246,2022-10-27 18:47:05,247,0,bc,0,0,1441.68147658,12.167784,0.029755629617478786,0.015520132653061179,0.9506440000000003,0.0013657668785948,11.567230852896,0.0359723342648467
247,2022-10-27 18:50:27,248,0,bc,0,0,1380.384995943972,12.262572,0.03337030016397382,0.015641035714285666,0.9506440000000003,0.0013657668785948,11.657340496368,0.038832259297240226
248,2022-10-27 18:53:33,249,1,bc,0,0,1384.1267939639722,6.986336,0.03544686153679889,0.008911142857142808,0.9506440000000003,0.0013657668785948,6.641518400384002,0.03603218896337128
249,2022-10-27 18:56:59,250,0,bc,0,0,1386.2117677839722,15.02564,0.028952316318814952,0.019165357142857102,0.9506440000000003,0.0013657668785948,14.28403451216,0.03886663222148058
250,2022-10-27 19:00:06,251,0,bc,0,0,1367.3201444760282,14.997736000000002,0.02216533728772578,0.0191297653061224,0.9506440000000003,0.0013657668785948,14.257507741983998,0.03455846682871011
251,2022-10-27 19:03:30,252,1,bc,0,0,1359.1989716439718,23.409400000000005,0.026200418214348434,0.02985892857142853,0.9506440000000003,0.0013657668785948,22.2540056536,0.049480170336199135
252,2022-10-27 19:06:40,253,1,bc,0,0,1380.7579182,16.837612000000004,0.03466646079166758,0.021476545918367295,0.9506440000000003,0.0013657668785948,16.006574822127998,0.04507466777219345
253,2022-10-27 19:10:01,254,1,bc,0,0,1330.7092509160282,16.792484,0.025741491745883,0.02141898469387751,0.9506440000000003,0.0013657668785948,15.963674159696001,0.039235575644872935
254,2022-10-27 19:13:12,255,0,bc,0,0,1382.2840557160278,2.3345084,0.027969691975984676,0.005813260478618692,0.9506440000000003,0.0013657668785948,2.2192864034096003,0.027343974063669646
255,2022-10-27 19:16:40,256,0,bc,0,0,1355.1963468439722,2.3094224,0.027398493335431526,0.005812951209431039,0.9506440000000003,0.0013657668785948,2.1954385480256002,0.026812142348683475
256,2022-10-27 19:19:47,257,1,bc,0,0,1388.9550969400002,11.053896000000002,0.022237434820943893,0.014099357142857101,0.9506440000000003,0.0013657668785948,10.508319909024001,0.029231292348552883
257,2022-10-27 19:23:16,258,1,bc,0,0,1347.9517055360282,11.036387999999999,0.025709847507840295,0.014077025510204035,0.9506440000000003,0.0013657668785948,10.491676033872,0.031680307449015156
258,2022-10-27 19:26:22,259,1,bc,0,0,1386.715376723972,11.017564,0.025871199066212432,0.014053015306122406,0.9506440000000003,0.0013657668785948,10.473781111216,0.03177701260549598
259,2022-10-27 19:29:32,260,1,bc,0,0,1354.700940003972,11.003456,0.025569763604431705,0.014035020408163216,0.9506440000000003,0.0013657668785948,10.460369425664,0.031539324419403145
260,2022-10-27 19:32:37,261,1,bc,0,0,1397.2534348039721,11.011324,0.02650922929382913,0.014045056122448933,0.9506440000000003,0.0013657668785948,10.467849092656,0.032241630553419394
261,2022-10-27 19:35:58,262,0,bc,0,0,1356.411898063972,0.97839,0.027562994101968826,0.005788406389169318,0.9506440000000003,0.0013657668785948,0.9301005831599999,0.026807488007413643
262,2022-10-27 19:39:05,263,0,bc,0,0,1358.8238623799998,0.9658912000000001,0.028720167882830657,0.005788038698809229,0.9506440000000003,0.0013657668785948,0.9182186739328,0.02788281261501087
263,2022-10-27 19:42:36,264,0,bc,0,0,1344.93606666,0.9717736000000002,0.027257053704448527,0.005788213092446219,0.9506440000000003,0.0013657668785948,0.9238107421984001,0.02652278952565576
264,2022-10-27 19:45:42,265,0,bc,0,0,1373.044116443972,0.9654492,0.024403594581053106,0.005788028997627485,0.9506440000000003,0.0013657668785948,0.9177984892848,0.023879158877063923
265,2022-10-27 19:49:01,266,0,None,0,0,1357.822659263972,0.0,0.0,0.0,0.9506440000000003,0.0,0.0,0.0
266,2022-10-27 19:52:09,267,0,None,0,0,1366.7798993800002,0.0,0.0,0.0,0.9506440000000003,0.0,0.0,0.0
267,2022-10-27 19:55:23,268,0,None,0,0,1362.293897596028,0.0,0.0,0.0,0.9506440000000003,0.0,0.0,0.0
268,2022-10-27 19:58:28,269,0,None,0,0,1377.57222256,0.0,0.0,0.0,0.9506440000000003,0.0,0.0,0.0
269,2022-10-27 20:01:42,270,0,None,0,0,1355.7108921360282,0.0,0.0,0.0,0.9506440000000003,0.0,0.0,0.0
270,2022-10-27 20:04:44,271,0,bc,0,0,1384.556037416028,0.6753275999999999,0.026066883846293944,0.005777838120636168,0.9506440000000003,0.0013657668785948,0.6419961309744,0.025398517599337537
271,2022-10-27 20:08:04,272,0,bc,0,0,1355.2800082639721,26.693656,0.039433029810046274,0.034048030612244866,0.9506440000000003,0.0013657668785948,25.376163914463994,0.06149839338470958
272,2022-10-27 20:11:03,273,0,bc,1,1,1351.18278602,19.791888,0.029773946351606,0.025244755102040772,0.9506440000000003,0.0013657668785948,18.815039575871996,0.04591037170227722
273,2022-10-27 20:14:19,274,0,None,1,1,1350.1050300799998,6.7108912,9.354781166219256,0.008660967431259102,0.9506440000000003,0.0005007811888180934,6.3796684539327995,8.893071033402405
274,2022-10-28 16:41:12,275,0,bc,1,1,1358.349781,5.1885699999999995,7.686697566257136,0.0066760312088358165,0.950293875,0.0007111169042207789,4.930666291008749,7.304625303069074
275,2022-10-28 16:44:23,276,0,bc,0,0,1370.1263561800001,6.5191919999999985,0.130730877272202,0.0083152959183673,0.950293875,0.0013617132208483,6.195148227548999,0.12479993502722649
276,2022-10-28 16:47:43,277,0,bc,1,1,1370.0673010599999,3.1808687999999994,0.030418261198892425,0.005822124794081045,0.950293875,0.0013617132208483,3.0227601378186,0.029748039216313995
277,2022-10-28 16:50:54,278,1,bc,0,0,1362.99545044,3.1180116,0.0274803454637036,0.005821552720469485,0.950293875,0.0013617132208483,2.96302732565895,0.027029508188572426
278,2022-10-28 16:54:17,279,1,bc,0,0,1356.37143448,3.0831908000000006,0.02493656553629765,0.0058212309136586975,0.950293875,0.0013617132208483,2.92993733269635,0.024693710834287074
279,2022-10-28 16:57:26,280,1,bc,0,0,1372.327252903972,3.0831427999999996,0.025688397055147704,0.0058212304090537025,0.950293875,0.0013617132208483,2.929891718590351,0.025380120328135306
280,2022-10-28 17:00:47,281,0,bc,1,1,1352.2129697799999,19.851376000000002,0.03322439921084123,0.025320632653061177,0.950293875,0.0013617132208483,18.864641023122,0.048026609330279704
281,2022-10-28 17:03:52,282,0,bc,0,0,1365.946019103972,19.909184,0.026602325014550298,0.02539436734693873,0.950293875,0.0013617132208483,18.919575611448,0.04423147228301882
282,2022-10-28 17:07:10,283,0,None,1,1,1372.5585521239718,0.0,0.0,0.0,0.950293875,0.0,0.0,0.0
283,2022-10-28 17:10:18,284,0,bc,1,1,1365.61520118,1.4905604,0.02862022878574374,0.005800426563535717,0.950293875,0.0013617132208483,1.41647041843755,0.027824702626069148
284,2022-10-28 17:13:39,285,0,bc,0,0,1380.913211183972,1.4647248,0.025748448133536005,0.005799927984591534,0.950293875,0.0013617132208483,1.3919190060006,0.025160849025264647
285,2022-10-28 17:16:45,286,0,bc,0,0,1364.1836614360282,1.4497944000000003,0.026211241755305224,0.005799635074512177,0.950293875,0.0013617132208483,1.3777307383292998,0.025587107385942956
286,2022-10-28 17:20:05,287,0,bc,0,0,1393.1808188599998,1.4409088,0.026931744184808294,0.005799459150876509,0.950293875,0.0013617132208483,1.3692868070736,0.026253159545000276
287,2022-10-28 17:23:07,288,0,bc,0,0,1398.15293188,1.4276191999999999,0.024226442162381,0.005799195368747429,0.950293875,0.0013617132208483,1.3566577815924001,0.023752329169406446
288,2022-10-28 17:26:29,289,0,bc,1,1,1389.853500183972,2.5755123999999996,0.028004493206418075,0.0058160743529327786,0.950293875,0.0013617132208483,2.4474936587065503,0.027405699971660348
289,2022-10-28 17:29:31,290,0,bc,1,1,1432.2102384160282,6.049608000000001,0.02869566381524829,0.007716336734693831,0.950293875,0.0013617132208483,5.748905428551,0.029415082832186856
290,2022-10-28 17:32:54,291,0,bc,1,1,1390.892979876028,10.147876,0.052159022893584615,0.012943719387755053,0.950293875,0.0013617132208483,9.6434644070595,0.05290630549035236
291,2022-10-28 17:35:58,292,1,bc,0,0,1374.361373703972,10.172892000000001,0.027711275732030607,0.012975627551020358,0.950293875,0.0013617132208483,9.667236958636499,0.03220885860188929
292,2022-10-28 17:39:22,293,1,bc,0,0,1432.289525163972,10.176464000000001,0.025207967921702427,0.012980183673469337,0.950293875,0.0013617132208483,9.670631408358,0.030298863772977577
293,2022-10-28 17:42:30,294,1,bc,0,0,1378.390245223972,18.587792,0.029132411973877774,0.0237089183673469,0.950293875,0.0013617132208483,17.663864887374,0.043757320325480596
294,2022-10-28 17:45:59,295,1,bc,0,0,1381.271916576028,18.583068,0.025632816361195108,0.023702892857142815,0.950293875,0.0013617132208483,17.6593756991085,0.04172580482606116
295,2022-10-28 17:49:04,296,0,bc,1,1,1428.8123816799998,7.9746999999999995,0.037403202530673384,0.010171811224489753,0.950293875,0.0013617132208483,7.5783085649625,0.03840230973169548
296,2022-10-28 17:52:29,297,0,pc,1,1,1391.2057531799999,622.8348,120.95791845520378,0.7944321428571429,0.950293875,0.0013617132208483,591.87609557685,114.95117700186272
297,2022-10-28 17:55:28,298,1,pc,0,0,1368.4667980560278,451.31519999999995,2.4341856086847855,0.5756571428571428,0.950293875,0.0013617132208483,428.88207025439993,2.4551575437665574
298,2022-10-28 17:58:53,299,0,bc,1,1,1509.63259424,7.786751999999999,0.07275888113982436,0.009932081632653017,0.950293875,0.0013617132208483,7.399702731743999,0.07058451726566484
299,2022-10-28 18:01:57,300,0,pc,0,1,1410.56927086,613.5748000000001,4.81108284010804,0.7826209183673472,0.950293875,0.0013617132208483,583.07637429435,4.7067886928815925
300,2022-10-28 18:05:17,301,0,pc,0,0,1366.314567016028,626.6404,4.627638786365965,0.799286224489796,0.950293875,0.0013617132208483,595.49253394755,4.543576631632301
301,2022-10-28 18:08:17,302,0,bc,0,0,1364.600874703972,9.645492,0.10037269147386577,0.012302923469387703,0.950293875,0.0013617132208483,9.166051968961499,0.09699084147755221
302,2022-10-28 18:11:40,303,1,pc,0,0,1593.254097243972,512.7964,2.1874003286442085,0.6540770408163266,0.950293875,0.0013617132208483,487.3072780420499,2.2792153910481763
303,2022-10-28 18:14:43,304,1,pc,0,0,1356.4375981960281,518.7672,2.1594080087641143,0.6616928571428572,0.950293875,0.0013617132208483,492.98129271089994,2.2595157138632396
304,2022-10-28 18:18:04,305,0,bc,1,1,1535.6923063599997,12.066528000000002,0.060106548451408996,0.015390979591836692,0.950293875,0.0013617132208483,11.466747650916,0.06120840006725424
305,2022-10-28 18:21:11,306,0,bc,1,1,1360.074955923972,11.661896000000002,0.04652065359371602,0.014874867346938735,0.950293875,0.0013617132208483,11.082228339687001,0.04905471171953119
306,2022-10-28 18:24:28,307,0,pc,0,0,1766.2686480560278,1164.2712000000001,30.068403927853225,1.4850397959183672,0.950293875,0.0013617132208483,1106.3997901989,28.652543555352977
307,2022-10-28 18:27:33,308,0,pc,0,0,1389.8578748560283,1170.7012,30.67859142394421,1.4932413265306126,0.950293875,0.0013617132208483,1112.51017981515,29.23169289266084
308,2022-10-28 18:30:56,309,0,None,1,1,1415.5993454960278,0.0,0.0,0.0,0.950293875,0.0,0.0,0.0
309,2022-10-28 18:33:58,310,1,bc,0,0,1373.443832336028,10.400988000000002,0.16902069203290135,0.013266566326530565,0.950293875,0.0013617132208483,9.883995190348498,0.16173467077388287
310,2022-10-28 18:37:13,311,1,pc,0,0,1485.4713949760278,806.6364,7.805893942572927,1.0288729591836736,0.950293875,0.0013617132208483,766.5416302720498,7.56224819163954
311,2022-10-28 18:40:19,312,1,pc,0,0,1337.10798242,819.6015999999997,7.287259149064073,1.0454102040816329,0.950293875,0.0013617132208483,778.8623804201999,7.084396906924054
312,2022-10-28 18:43:39,313,1,bc,0,1,1444.07484936,5.809164000000001,0.036818771983012616,0.007409647959183623,0.950293875,0.0013617132208483,5.520412968070499,0.03655627248719703
313,2022-10-28 18:46:48,314,0,bc,1,1,1357.103608716028,10.245548,0.0717276964230506,0.013068301020408119,0.950293875,0.0013617132208483,9.7362815104185,0.07067517637964082
314,2022-10-28 18:49:59,315,0,bc,1,1,1397.3152241760279,1.095312,0.06717964707033211,0.00579159441511884,0.950293875,0.0013617132208483,1.040868284814,0.06409456338468668
315,2022-10-28 18:53:00,316,0,None,0,0,1325.34945186,0.0,0.0,0.0,0.950293875,0.0,0.0,0.0
316,2022-10-28 18:56:18,317,0,bc,0,0,1357.40161824,18.482736,0.06841834455364042,0.023574918367346893,0.950293875,0.0013617132208483,17.564030814042,0.07322988594394794
317,2022-10-28 18:59:28,318,1,mc,0,1,1336.975655316028,323.01776,0.7993841715113721,0.41201244897959194,0.950293875,0.0013617132208483,306.96179884422,0.9611662854622423
318,2022-10-28 19:02:55,319,1,mc,0,0,1372.662992416028,326.79524,0.9344144643524163,0.4168306632653061,0.950293875,0.0013617132208483,310.551514951155,1.069307459103876
319,2022-10-28 19:06:02,320,0,bc,1,1,1326.3156592399998,87.50734179775282,134.8512279583584,0.11205417363294037,0.950293875,0.0012087117353597268,83.15769092793599,128.1483838571931
320,2022-10-28 19:09:20,321,0,bc,0,0,1339.8786518,13.988240000000001,0.02846299454426694,0.017842142857142806,0.950293875,0.0013617132208483,13.29293879403,0.03717408144737697
321,2022-10-28 19:12:31,322,0,None,1,1,1358.2152665600001,6.207753600000001,6.916833895376375,0.007938394225920612,0.950293875,0.0006203360228308923,5.899190223589201,6.573030342197856
322,2022-10-28 19:15:56,323,1,None,0,0,1344.3821516160278,0.0,0.0,0.0,0.950293875,0.0,0.0,0.0
323,2022-10-28 19:19:00,324,0,None,0,0,1368.012948303972,0.0,0.0,0.0,0.950293875,0.0,0.0,0.0
324,2022-10-28 19:22:18,325,1,bc,0,0,1371.6043746000003,8.0312,0.07067822473495916,0.010243877551020363,0.950293875,0.0013617132208483,7.6320001688999985,0.06874236731781672
325,2022-10-28 19:25:27,326,1,bc,0,0,1382.330534063972,7.963042,0.020941243870206454,0.010156941326530562,0.950293875,0.0013617132208483,7.56723003896775,0.024632597840924055
326,2022-10-28 19:28:42,327,0,mc,1,1,1367.21297026,61.8198,0.15248626241310745,0.07885178571428567,0.950293875,0.0013617132208483,58.746977293725,0.1835735357088168
327,2022-10-28 19:31:54,328,1,mc,0,0,1360.197987423972,61.70759999999999,0.0801612756407951,0.07870867346938772,0.950293875,0.0013617132208483,58.64035432095,0.13586063141914084
328,2022-10-28 19:35:11,329,0,mc,1,1,1368.232764583972,50.42328000000002,0.12429501983207629,0.06431540816326525,0.950293875,0.0013617132208483,47.91693414140999,0.14967140658315845
329,2022-10-28 19:38:25,330,0,mc,1,1,1349.43573872,49.95024,0.13362273640886604,0.06371204081632649,0.950293875,0.0013617132208483,47.46740712678001,0.15625713586605536
330,2022-10-28 19:41:54,331,0,pc,1,1,1384.505184396028,492.5023999999999,4.262610638585211,0.6281918367346939,0.950293875,0.0013617132208483,468.0220141428001,4.149044821362803
331,2022-10-28 19:45:08,332,0,pc,0,1,1346.71428194,511.4532,3.148757726148136,0.6523637755102041,0.950293875,0.0013617132208483,486.03084330915,3.1341505518375876
332,2022-10-28 19:48:31,333,0,mc,1,1,1375.7568245360283,55.29239999999999,0.20320867007956608,0.07052602040816323,0.950293875,0.0013617132208483,52.54402905404998,0.21783334566821727
333,2022-10-28 19:51:37,334,1,mc,0,0,1376.1253721199998,54.335959999999986,0.09823764902211998,0.0693060714285714,0.950293875,0.0013617132208483,51.635129980245004,0.13611501237725915
334,2022-10-28 19:55:02,335,0,pc,1,1,1348.752777083972,449.97080000000005,2.100313979738064,0.5739423469387755,0.950293875,0.0013617132208483,427.60449516885,2.157914398680131
335,2022-10-28 19:58:09,336,0,mc,1,1,1379.769291856028,53.85058,10.363285053248143,0.06868696428571425,0.950293875,0.0013617132208483,51.173876339197506,9.848655612642833
336,2022-10-28 20:01:31,337,0,mc,0,0,1349.6779739639721,51.82876,0.07508652806348959,0.06610811224489792,0.950293875,0.0013617132208483,49.252553176845,0.1184019037433239
337,2022-10-28 20:04:38,338,0,pc,1,1,1425.65457318,1580.2512000000002,136.81124290642197,2.015626530612245,0.950293875,0.0013617132208483,1501.7030363214,130.04280017109863
338,2022-10-28 20:07:52,339,0,pc,1,1,1358.8440943360279,1522.0368,40.467556155462425,1.9413734693877556,0.950293875,0.0013617132208483,1446.3822485646,38.55604389156169
339,2022-10-28 20:10:55,340,0,bc,1,1,1373.992279203972,18.383016,4.637908540675335,0.023447724489795874,0.950293875,0.0013465830739499856,17.469267508827002,4.4075019197830025
340,2022-10-28 20:14:12,341,0,bc,1,1,1337.10798242,20.578776,0.04206199290026049,0.026248438775510165,0.950293875,0.0013617132208483,19.555884787797,0.05481920536761731
341,2022-10-28 20:17:17,342,0,pc,1,1,1344.834907536028,922.0344,16.488552681969015,1.1760642857142858,0.950293875,0.0013617132208483,876.2036428592999,15.758873115889296
342,2022-10-28 20:20:42,343,0,pc,0,0,1395.130731323972,924.2348000000002,15.375501172209944,1.1788709183673471,0.950293875,0.0013617132208483,878.2946695018499,14.708073011122567
343,2022-10-28 20:23:51,344,0,bc,0,0,1409.9655963000002,9.968319999999999,0.12055269842118514,0.012714693877550975,0.950293875,0.0013617132208483,9.47283344004,0.11599289161906091
344,2022-10-28 20:27:06,345,0,pc,1,1,1344.85896692,432.1964,34.71028216951917,0.5512709183673469,0.950293875,0.0013617132208483,410.71359171704995,32.99437760789794
345,2022-10-28 20:30:12,346,0,pc,0,1,1336.373621176028,401.96320000000003,1.7385379056661956,0.5127081632653062,0.950293875,0.0013617132208483,381.98316693540005,1.8073447259055708
346,2022-10-28 20:33:34,347,0,pc,0,0,1362.6104986560279,401.63479999999987,1.7776973820148563,0.5122892857142858,0.950293875,0.0013617132208483,381.67109042685,1.8411853675832963
347,2022-10-28 20:36:41,348,0,bc,1,1,1385.69394198,27.011948,0.047989799084594706,0.03445401530612241,0.950293875,0.0013617132208483,25.6692887362185,0.0671172001195906
348,2022-10-28 20:39:57,349,1,mc,0,1,1340.092999903972,119.68756000000002,0.1792924926832808,0.15266270408163266,0.950293875,0.0013617132208483,113.73835518169501,0.276836863723579
