,datetime_utc,overpass_id,phase_iii,meter,qc_su_discard,qc_su_discard_strict,altitude_feet,methane_fraction_su_raw,methane_fraction_su_raw_sigma,kgh_gas_30_mean,kgh_gas_30_std,kgh_ch4_30_mean_su_raw,kgh_ch4_30_std_su_raw,meter_uncertainty,meter_sigma_percent,meter_sigma_kgh_gas,kgh_ch4_sigma
0,2022-10-24 16:46:15,1,0,None,0,0,1341.440878556028,0.8999999999999998,0.022499999999999996,0.0,0.0,0.0,0.0,0.0,0.0,0.0,0.0
1,2022-10-24 16:49:22,2,0,None,0,0,1366.343000743972,0.8999999999999998,0.022499999999999996,0.0,0.0,0.0,0.0,0.0,0.0,0.0,0.0
2,2022-10-24 16:52:32,3,1,bc,0,1,1308.693174096028,0.8999999999999998,0.022499999999999996,19.828776,0.033015658730052744,17.845898400000003,0.029714092857047576,0.25,0.12755102040816327,0.025291806122448985,0.4477148875108876
3,2022-10-24 16:55:42,4,1,bc,0,0,1324.65883504,0.8999999999999998,0.022499999999999996,19.792992,0.02298732340315828,17.813692800000002,0.020688591062842182,0.25,0.12755102040816327,0.025246163265306126,0.44640124157358585
4,2022-10-24 16:59:01,5,1,bc,0,0,1342.620887123972,0.8999999999999998,0.022499999999999996,19.814208,0.028585174647974193,17.832787200000002,0.02572665718317651,0.25,0.12755102040816327,0.025273224489795923,0.44714027332009987
5,2022-10-24 17:02:04,6,0,mc,0,0,1351.0280396239718,0.8999999999999998,0.022499999999999996,119.84136,0.1244563172223559,107.857224,0.11201068550012055,0.25,0.12755102040816327,0.15285887755102043,2.7022602949760333
6,2022-10-24 17:05:20,7,0,mc,0,0,1355.3910102360278,0.8999999999999998,0.022499999999999996,119.71032,0.10039900535295235,107.73928800000002,0.09035910481765749,0.25,0.12755102040816327,0.15269173469387756,2.6984988586015355
7,2022-10-24 17:08:21,8,0,mc,0,0,1339.943175096028,0.8999999999999998,0.022499999999999996,119.37924000000001,0.12719264129657873,107.441316,0.11447337716692071,0.25,0.12755102040816327,0.15226943877551022,2.6919616526559715
8,2022-10-24 17:11:37,9,1,bc,0,0,1358.929942763972,0.8999999999999998,0.022499999999999996,1.8117672,0.02786005221967035,1.63059048,0.025074046997703284,0.6281037797501159,0.3204611121174061,0.005806009318098389,0.04814331258402535
9,2022-10-24 17:14:38,10,1,bc,0,0,1346.9559705960282,0.8999999999999998,0.022499999999999996,1.7505108,0.028283351450437463,1.57545972,0.025455016305393752,0.649973182041088,0.3316189704291265,0.005805025892210667,0.047186325664225974
10,2022-10-24 17:17:53,11,1,bc,0,0,1353.0430223,0.8999999999999998,0.022499999999999996,1.7033843999999998,0.02824853141327699,1.5330459600000002,0.02542367827194927,0.6678657858118738,0.34074784990401724,0.0058042457186004435,0.04628763788981806
11,2022-10-24 17:20:59,12,1,bc,0,0,1341.3774487639719,0.8999999999999998,0.022499999999999996,13.658867999999996,0.025013484142868116,12.292981200000003,0.022512135728581316,0.25,0.12755102040816327,0.017422025510204078,0.30854662507117847
12,2022-10-24 17:24:12,13,1,bc,0,0,1333.7484022600001,0.8999999999999998,0.022499999999999996,13.677684000000001,0.027009959542412462,12.3099156,0.02430896358817115,0.25,0.12755102040816327,0.017446025510204084,0.30910552274769587
13,2022-10-24 17:27:11,14,1,bc,0,0,1355.863997783972,0.8999999999999998,0.022499999999999996,3.6639,0.027956505627430534,3.2975100000000004,0.02516085506468745,0.3116710392038161,0.1590158363284776,0.00582618122723909,0.08635129533874837
14,2022-10-24 17:30:27,15,1,bc,0,0,1348.437816443972,0.8999999999999998,0.022499999999999996,3.5979827999999996,0.022811918775817216,3.2381845200000012,0.020530726898235478,0.3173526629301515,0.16191462394395487,0.005825660320188177,0.08368183883414812
15,2022-10-24 17:33:38,16,1,bc,0,0,1353.22018766,0.8999999999999998,0.022499999999999996,3.5894304000000004,0.02617617476545658,3.23048736,0.02355855728891094,0.31810507870839283,0.1622985095450984,0.0058255920403586636,0.08429131259689526
16,2022-10-24 17:36:52,17,1,bc,0,0,1381.301990723972,0.8999999999999998,0.022499999999999996,3.5843664,0.026955334531341812,3.22592976,0.02425980107820769,0.3185522832623191,0.16252667513383628,0.005825551534534383,0.08438107737929026
17,2022-10-24 17:40:00,18,1,bc,0,1,1377.9648298560282,0.8999999999999998,0.022499999999999996,31.390944,0.03589593787411152,28.251849600000003,0.03230634408670011,0.25,0.12755102040816327,0.04003946938775511,0.7079524259330969
18,2022-10-24 17:43:18,19,1,bc,0,0,1352.7761807560282,0.8999999999999998,0.022499999999999996,31.422024,0.039318174581404366,28.2798216,0.035386357123263934,0.25,0.12755102040816327,0.04007911224489796,0.7087989978783841
19,2022-10-24 17:46:20,20,1,bc,0,0,1369.64899396,0.8999999999999998,0.022499999999999996,31.412748,0.04688161954363876,28.271473200000006,0.04219345758927522,0.25,0.12755102040816327,0.040067280612244904,0.7089628159325931
20,2022-10-24 17:49:37,21,1,mc,0,0,1356.3145666960281,0.8999999999999998,0.022499999999999996,207.52524,0.2420172772401974,186.772716,0.21781554951617596,0.25,0.12755102040816327,0.2647005612244898,4.680462267600565
21,2022-10-24 17:52:40,22,1,mc,0,0,1370.2663387960279,0.8999999999999998,0.022499999999999996,208.10664,0.26548349335010907,187.29597600000002,0.2389351440151015,0.25,0.12755102040816327,0.2654421428571429,4.694574140903688
22,2022-10-24 17:57:58,23,1,mc,0,0,1329.98363836,0.8999999999999998,0.022499999999999996,209.40252,0.21190072236292765,188.46226800000002,0.19071065012663715,0.25,0.12755102040816327,0.2670950510204082,4.721538128626422
23,2022-10-24 18:01:11,24,0,mc,1,1,1337.0609571560278,0.8999999999999998,0.022499999999999996,66.39684000000001,0.11221970323032868,59.757156,0.10099773290729563,0.25,0.12755102040816327,0.08468984693877553,1.49927773282637
24,2022-10-24 18:04:31,25,1,mc,0,0,1343.4607821639718,0.8999999999999998,0.022499999999999996,65.62308,0.08020079284155462,59.060772,0.072180713557399,0.25,0.12755102040816327,0.08370290816326531,1.4802007640582022
25,2022-10-24 18:07:34,26,0,mc,1,1,1333.6587260760282,0.8999999999999998,0.022499999999999996,128.92452,0.1366316023422869,116.03206800000001,0.12296844210805775,0.25,0.12755102040816327,0.16444454081632653,2.9071765970010928
26,2022-10-24 18:10:50,27,0,None,1,1,1312.8625748199997,0.8999999999999998,0.022499999999999996,0.0,0.0,0.0,0.0,0.0,0.0,0.0,0.0
27,2022-10-24 18:13:53,28,0,pc,0,1,1317.7696179560278,0.8999999999999998,0.022499999999999996,759.624,8.888032899780818,683.6616000000001,7.9992296098027404,0.25,0.12755102040816327,0.9689081632653063,18.89097213420493
28,2022-10-24 18:17:18,29,0,pc,0,0,1318.4744516399999,0.8999999999999998,0.022499999999999996,768.3803999999999,9.803190436334202,691.5423599999999,8.822871392700785,0.25,0.12755102040816327,0.9800770408163265,19.42975497075108
29,2022-10-24 18:20:25,30,0,pc,0,0,1308.703563203972,0.8999999999999998,0.022499999999999996,770.4048,8.645128133311813,693.36432,7.780615319980637,0.25,0.12755102040816327,0.9826591836734695,19.02081560714209
30,2022-10-24 18:23:39,31,0,pc,0,0,1310.991402516028,0.8999999999999998,0.022499999999999996,765.6684,7.361733255432301,689.10156,6.625559929889064,0.25,0.12755102040816327,0.9766178571428572,18.478601358235256
31,2022-10-24 18:26:41,32,0,pc,1,1,1345.10995118,0.8999999999999998,0.022499999999999996,469.6068000000001,1.895875203225905,422.64612,1.7062876829033218,0.25,0.12755102040816327,0.5989882653061226,10.716605073400618
32,2022-10-24 18:29:53,33,0,pc,0,0,1278.736370643972,0.8999999999999998,0.022499999999999996,464.7468,2.0302142981842257,418.27212,1.827192868365815,0.25,0.12755102040816327,0.5927892857142858,10.628640367431506
33,2022-10-24 18:33:04,34,0,pc,0,0,1336.4463462439721,0.8999999999999998,0.022499999999999996,463.51199999999994,1.899404189703189,417.1608,1.7094637707328697,0.25,0.12755102040816327,0.5912142857142857,10.581580569672505
34,2022-10-24 18:39:06,35,0,mc,0,0,1346.9138662639718,0.8999999999999998,0.022499999999999996,173.41968,0.23049644533125588,156.077712,0.20744680079813047,0.25,0.12755102040816327,0.22119857142857144,3.9125214535021877
35,2022-10-24 18:42:15,36,0,mc,0,0,1333.764259543972,0.8999999999999998,0.022499999999999996,172.47456000000003,0.24727499364626288,155.227104,0.2225474942816347,0.25,0.12755102040816327,0.21999306122448986,3.8920929523088477
36,2022-10-24 18:45:33,37,0,mc,0,0,1336.3495614639721,0.8999999999999998,0.022499999999999996,171.79644000000005,0.20018447630054578,154.61679600000005,0.18016602867049433,0.25,0.12755102040816327,0.21912811224489803,3.874638651043409
37,2022-10-24 18:48:36,38,0,mc,0,0,1316.5168836639718,0.8999999999999998,0.022499999999999996,45.425039999999996,0.04747722212482138,40.882536,0.04272949991233991,0.25,0.12755102040816327,0.05794010204081632,1.024284442269902
38,2022-10-24 18:51:56,39,0,mc,0,0,1319.641337176028,0.8999999999999998,0.022499999999999996,44.993399999999994,0.08502921201888024,40.49405999999999,0.07652629081699133,0.25,0.12755102040816327,0.05738954081632653,1.016552810162116
39,2022-10-24 18:55:00,40,0,mc,0,0,1321.80450424,0.8999999999999998,0.022499999999999996,44.58024,0.0741442099025193,40.122216,0.06672978891226745,0.25,0.12755102040816327,0.05686255102040817,1.0065743953932866
40,2022-10-24 18:58:14,41,1,bc,0,1,1315.732216316028,0.8999999999999998,0.022499999999999996,9.38124,0.025931204474864807,8.443116,0.02333808402737805,0.25,0.12755102040816327,0.011965867346938776,0.21263706976767774
41,2022-10-24 19:01:19,42,1,bc,0,0,1362.40325882,0.8999999999999998,0.022499999999999996,9.317807999999998,0.021666807030491383,8.386027200000003,0.019500126327442194,0.25,0.12755102040816327,0.011884959183673468,0.2108271255736194
42,2022-10-24 19:04:27,43,1,bc,0,0,1320.393196123972,0.8999999999999998,0.022499999999999996,9.275172000000001,0.02622620568873041,8.347654799999999,0.02360358511985718,0.25,0.12755102040816327,0.011830576530612247,0.21029167078425873
43,2022-10-24 19:07:37,44,0,bc,0,0,1328.3700119960279,0.8999999999999998,0.022499999999999996,4.416936000000001,0.033493670179139276,3.9752424,0.030144303161225437,0.25877287544847216,0.13202697726962864,0.005831547088734046,0.10398470907961632
44,2022-10-24 19:11:01,45,0,bc,0,0,1320.484513056028,0.8999999999999998,0.022499999999999996,4.349652,0.027116106220320756,3.9146867999999997,0.024404495598288726,0.2627559222432203,0.134059144001643,0.005831106238250345,0.10100051399465658
45,2022-10-24 19:14:06,46,0,bc,1,1,1284.677971883972,0.8999999999999998,0.022499999999999996,19.252703999999994,0.0300411590758529,17.327433600000003,0.027037043168267737,0.25,0.12755102040816327,0.02455702040816326,0.434591120426273
46,2022-10-24 19:17:24,47,1,bc,0,0,1307.237027723972,0.8999999999999998,0.022499999999999996,19.246559999999995,0.03088504157522619,17.321904000000004,0.02779653741770364,0.25,0.12755102040816327,0.024549183673469383,0.43450089518617935
47,2022-10-24 19:20:29,48,1,bc,0,0,1312.03908398,0.8999999999999998,0.022499999999999996,19.181772,0.026681428178700933,17.2635948,0.024013285360830767,0.25,0.12755102040816327,0.024466545918367347,0.4328178940090969
48,2022-10-24 19:23:45,49,1,bc,0,0,1314.6347753360283,0.8999999999999998,0.022499999999999996,19.136772,0.030193138567425302,17.223094800000002,0.027173824710682522,0.25,0.12755102040816327,0.024409147959183676,0.43199293000446143
49,2022-10-24 19:26:51,50,1,bc,0,0,1340.276180356028,0.8999999999999998,0.022499999999999996,19.079088,0.02347269556828493,17.171179199999997,0.021125426011456356,0.25,0.12755102040816327,0.02433557142857143,0.4303566588342831
50,2022-10-24 19:30:05,51,1,bc,0,0,1342.3770114600002,0.8999999999999998,0.022499999999999996,28.310940000000002,0.04379566062585651,25.479846000000002,0.0394160945632705,0.25,0.12755102040816327,0.03611089285714286,0.6390414390770169
51,2022-10-24 19:33:07,52,1,bc,0,0,1318.0528636999998,0.8999999999999998,0.022499999999999996,28.39182,0.03468856474600733,25.552638000000005,0.03121970827140652,0.25,0.12755102040816327,0.03621405612244898,0.6404082830712254
52,2022-10-24 19:36:19,53,1,bc,0,0,1343.04302198,0.8999999999999998,0.022499999999999996,33.764388000000004,0.04830688466675202,30.3879492,0.04347619620007683,0.25,0.12755102040816327,0.04306682142857144,0.7619282698503111
53,2022-10-24 19:39:22,54,0,bc,0,0,1310.7108906960282,0.8999999999999998,0.022499999999999996,5.726952,0.023053651128288333,5.154256800000001,0.02074828601545953,0.25,0.12755102040816327,0.007304785714285715,0.130681635520085
54,2022-10-24 19:42:33,55,0,bc,0,0,1312.537224743972,0.8999999999999998,0.022499999999999996,5.661947999999999,0.023849639684981706,5.0957532,0.02146467571648355,0.25,0.12755102040816327,0.007221872448979591,0.12935287446916227
55,2022-10-24 19:45:36,56,0,bc,1,1,1353.4886696239719,0.8999999999999998,0.022499999999999996,1.6892328,0.025243900794804493,1.5203095199999999,0.022719510715324034,0.6734331819696866,0.3435883581477993,0.005804007242814099,0.044587558579505394
56,2022-10-24 19:48:45,57,1,bc,0,0,1294.528147396028,0.8999999999999998,0.022499999999999996,1.6770376551724133,0.025340981704227453,1.5093338896551722,0.022806883533804712,0.6783060733063395,0.346074527197112,0.0058038001360554625,0.04439868858805015
57,2022-10-25 16:35:28,58,1,bc,0,1,1338.281976223972,0.8999999999999998,0.022499999999999996,14.964672000000002,0.026429599707329367,13.4682048,0.02378663973659645,0.25,0.12755102040816327,0.019087591836734696,0.3379811449703888
58,2022-10-25 16:38:32,59,1,bc,0,1,1389.91802348,0.8999999999999998,0.022499999999999996,14.939184000000001,0.026695959864808102,13.4452656,0.024026363878327517,0.25,0.12755102040816327,0.019055081632653063,0.337425330170225
59,2022-10-25 16:41:46,60,1,bc,0,0,1336.532195,0.8999999999999998,0.022499999999999996,14.955504,0.03337176274884972,13.459953600000002,0.030034586473964897,0.25,0.12755102040816327,0.019075897959183675,0.33827251811401493
60,2022-10-25 16:44:55,61,1,bc,0,0,1362.1265747560278,0.8999999999999998,0.022499999999999996,14.896284,0.024845429691428816,13.406655600000002,0.02236088672228598,0.25,0.12755102040816327,0.01900036224489796,0.33634645737787
61,2022-10-25 16:48:07,62,1,bc,0,0,1323.315877976028,0.8999999999999998,0.022499999999999996,14.844899999999999,0.022323820585133772,13.36041,0.020091438526620296,0.25,0.12755102040816327,0.01893482142857143,0.33504763877959554
62,2022-10-25 16:51:13,63,0,bc,1,1,1389.498622876028,0.8999999999999998,0.022499999999999996,3.917124,0.02873947346720905,3.5254116,0.025865526120488203,0.2916189099291035,0.14878515812709361,0.0058280991374343345,0.09200199912998588
63,2022-10-25 16:54:29,64,0,bc,1,1,1349.397462143972,0.8999999999999998,0.022499999999999996,3.8454840000000003,0.02476628041344207,3.4609356000000004,0.022289652372097842,0.2970246638910158,0.15154319586276316,0.0058275693499912195,0.0895021434225434
64,2022-10-25 16:57:35,65,0,None,1,1,1360.884776816028,0.8999999999999998,0.022499999999999996,0.0,0.0,0.0,0.0,0.0,0.0,0.0,0.0
65,2022-10-25 17:00:52,66,0,None,1,1,1327.4366130160279,0.8999999999999998,0.022499999999999996,0.0,0.0,0.0,0.0,0.0,0.0,0.0,0.0
66,2022-10-25 17:04:01,67,0,bc,1,1,1374.553302843972,0.8999999999999998,0.022499999999999996,12.213252000000002,0.026749344097662914,10.991926799999998,0.024074409687896713,0.25,0.12755102040816327,0.015578127551020412,0.2762067715754743
67,2022-10-25 17:07:17,68,0,bc,1,1,1343.5613947000002,0.8999999999999998,0.022499999999999996,12.201696,0.02685995681307033,10.981526400000002,0.02417396113176321,0.25,0.12755102040816327,0.015563387755102043,0.2759561180950738
68,2022-10-25 17:10:32,69,0,mc,1,1,1363.3984468439721,0.8999999999999998,0.022499999999999996,214.97676,0.3584121049372008,193.47908399999997,0.3225708944434802,0.25,0.12755102040816327,0.2742050510204082,4.85399856406763
69,2022-10-25 17:13:52,70,0,mc,0,1,1347.831954876028,0.8999999999999998,0.022499999999999996,216.50148000000002,0.3686359145786554,194.85133200000004,0.33177232312078747,0.25,0.12755102040816327,0.27614984693877553,4.888889796364709
70,2022-10-25 17:17:00,71,0,mc,0,0,1338.274867956028,0.8999999999999998,0.022499999999999996,218.11932,0.22012370565911926,196.30738800000003,0.19811133509321005,0.25,0.12755102040816327,0.2782134183673469,4.9180599231501665
71,2022-10-25 17:20:13,72,0,bc,1,1,1337.161569363972,0.8999999999999998,0.022499999999999996,24.644375999999998,0.03244611890078917,22.179938400000005,0.029201507010710434,0.25,0.12755102040816327,0.03143415306122449,0.5559870825808783
72,2022-10-25 17:23:22,73,0,bc,1,1,1367.092672683972,0.8999999999999998,0.022499999999999996,24.569867999999996,0.03354081018082603,22.1128812,0.03018672916274335,0.25,0.12755102040816327,0.031339117346938776,0.55436357121883
73,2022-10-25 17:26:36,74,0,mc,1,1,1340.2056422960281,0.8999999999999998,0.022499999999999996,103.26407999999999,0.14935245608268818,92.93767200000002,0.1344172104744185,0.25,0.12755102040816327,0.13171438775510205,2.330343797642688
74,2022-10-25 17:29:48,75,1,mc,0,0,1349.0010274200001,0.8999999999999998,0.022499999999999996,102.9,0.11203098093677111,92.61,0.10082788284309264,0.25,0.12755102040816327,0.13125,2.3204530463001447
75,2022-10-25 17:32:57,76,1,mc,0,0,1337.3004584760279,0.8999999999999998,0.022499999999999996,102.43980000000002,0.13060900322771707,92.19581999999997,0.11754810290494451,0.25,0.12755102040816327,0.13066301020408166,2.310885070363221
76,2022-10-25 17:36:05,77,1,mc,0,0,1327.4267704960278,0.8999999999999998,0.022499999999999996,102.36732,0.13455189077209115,92.13058799999999,0.12109670169488082,0.25,0.12755102040816327,0.13057056122448982,2.3094376184060126
77,2022-10-25 17:39:21,78,0,mc,1,1,1346.867387916028,0.8999999999999998,0.022499999999999996,52.55747999999999,0.07099460105747676,47.301732,0.06389514095172899,0.25,0.12755102040816327,0.06703760204081632,1.1858041228984286
78,2022-10-25 17:42:27,79,0,mc,1,1,1334.7408563599997,0.8819999999999998,0.022499999999999996,52.64184,0.21091024010064238,46.42927199999998,0.23879713162720287,0.25,0.12755102040816327,0.06714520408163266,1.2004006011836397
79,2022-10-25 17:45:44,80,0,pc,1,1,1331.4507207560282,0.8799999999999998,0.022499999999999996,1018.6836,34.74494739115017,896.4415680000001,30.575553704212133,0.25,0.12755102040816327,1.2993413265306124,38.22977582514429
80,2022-10-25 17:48:49,81,0,pc,1,1,1357.482545736028,0.8799999999999998,0.022499999999999996,1046.6292,26.487093771144078,921.0336960000001,23.308642518606778,0.25,0.12755102040816327,1.334986224489796,33.154724218851435
81,2022-10-25 17:52:10,82,1,pc,0,1,1308.1791757199999,0.8799999999999998,0.022499999999999996,1039.6032,29.76691281225538,914.850816,26.194883274784747,0.25,0.12755102040816327,1.3260244897959186,35.137954099784395
82,2022-10-25 17:55:19,83,1,pc,0,0,1341.5327420760282,0.8799999999999998,0.022499999999999996,1042.3224,24.905608588123822,917.2437120000001,21.916935557548978,0.25,0.12755102040816327,1.3294928571428573,32.12053974652109
83,2022-10-25 17:58:33,84,1,pc,0,0,1310.085890676028,0.8799999999999998,0.022499999999999996,1044.1511999999998,26.5617947337122,918.8530559999998,23.374379365666762,0.25,0.12755102040816327,1.3318255102040815,33.16135020441961
84,2022-10-25 18:01:39,85,1,pc,0,0,1347.57550244,0.8799999999999998,0.022499999999999996,1028.514,31.695221695782887,905.0923199999999,27.89179509228897,0.25,0.12755102040816327,1.3118801020408164,36.26040580700205
85,2022-10-25 18:04:55,86,1,pc,0,0,1318.7303571599998,0.8799999999999998,0.022499999999999996,1039.8996,22.653502452197614,915.111648,19.935082157933913,0.25,0.12755102040816327,1.3264025510204083,30.760757798355975
86,2022-10-25 18:08:05,87,1,pc,0,0,1332.7160311639718,0.8799999999999998,0.022499999999999996,1036.4052000000001,22.46162749407885,912.0365759999999,19.766232194789385,0.25,0.12755102040816327,1.3219454081632656,30.591476714150247
87,2022-10-25 18:11:22,88,0,mc,1,1,1358.705205223972,0.8799999999999998,0.022499999999999996,83.76164689655172,25.43588882261343,73.71024926896553,22.383582163899817,0.25,0.12755102040816327,0.10683883532723436,22.46297947145547
88,2022-10-25 18:14:26,89,0,bc,1,1,1344.879198876028,0.8799999999999998,0.022499999999999996,25.384068000000003,0.034055780855167264,22.337979840000003,0.02996908715254701,0.25,0.12755102040816327,0.032377637755102044,0.5726365390404785
89,2022-10-25 18:17:40,90,0,bc,1,1,1306.2380119439722,0.8799999999999998,0.022499999999999996,24.834192000000005,0.025714310305406878,21.854088960000002,0.022628593068757776,0.25,0.12755102040816327,0.031676265306122456,0.5599216267911654
90,2022-10-25 18:20:42,91,0,None,1,1,1305.5933268839722,0.8799999999999998,0.022499999999999996,0.0,0.0,0.0,0.0,0.0,0.0,0.0,0.0
91,2022-10-25 18:24:00,92,0,None,1,1,1298.0052908799998,0.8799999999999998,0.022499999999999996,0.0,0.0,0.0,0.0,0.0,0.0,0.0,0.0
92,2022-10-25 18:27:08,93,0,None,1,1,1320.1990799760279,0.8799999999999998,0.022499999999999996,0.0,0.0,0.0,0.0,0.0,0.0,0.0,0.0
93,2022-10-25 18:30:19,94,0,None,0,0,1292.596279223972,0.8799999999999998,0.022499999999999996,0.0,0.0,0.0,0.0,0.0,0.0,0.0,0.0
94,2022-10-25 18:33:33,95,0,bc,1,1,1318.0627062199999,0.8799999999999998,0.022499999999999996,27.021912000000004,0.045502312059483754,23.77928256,0.04004203461234565,0.25,0.12755102040816327,0.03446672448979592,0.610064610784609
95,2022-10-25 18:36:54,96,0,pc,1,1,1295.4522504439722,0.8799999999999998,0.022499999999999996,467.3868,1.9993160623676631,411.300384,1.7593981348835412,0.25,0.12755102040816327,0.5961566326530613,10.675262582665631
96,2022-10-25 18:40:05,97,0,pc,1,1,1312.2359343800001,0.8799999999999998,0.022499999999999996,481.2047999999999,1.9060526171410712,423.4602240000001,1.6773263030841317,0.25,0.12755102040816327,0.6137816326530612,10.969568325631492
97,2022-10-25 18:43:26,98,1,pc,0,1,1293.827688056028,0.8799999999999998,0.022499999999999996,489.2208,1.9695047233181249,430.51430400000004,1.7331641565199587,0.25,0.12755102040816327,0.6240061224489797,11.156601115749668
98,2022-10-25 18:46:39,99,1,pc,0,0,1303.1534757560282,0.8799999999999998,0.022499999999999996,493.134,2.4673308767111926,433.95792,2.171251171505847,0.25,0.12755102040816327,0.6289974489795919,11.319503817314775
99,2022-10-25 18:49:55,100,1,pc,0,0,1246.13357006,0.8799999999999998,0.022499999999999996,491.84280000000007,2.7070030559324407,432.821664,2.38216268922055,0.25,0.12755102040816327,0.6273505102040817,11.333405577347094
100,2022-10-25 18:53:04,101,0,bc,1,1,1319.78514722,0.8799999999999998,0.022499999999999996,1.6819404,0.024488224003977214,1.4801075520000002,0.021549637123499946,0.6763385796579329,0.3450707039071086,0.005803883577578038,0.04384763506365163
101,2022-10-25 18:56:23,102,0,bc,1,1,1268.58271776,0.8799999999999998,0.022499999999999996,1.7157899999999997,0.022958026101622064,1.5098952,0.02020306296942741,0.663060641742298,0.3382962457868867,0.005804453155586822,0.04387051225372061
102,2022-10-25 18:59:32,103,0,bc,1,1,1302.914521023972,0.8799999999999998,0.022499999999999996,26.140248,0.025051911675971844,23.00341823999999,0.02204568227485496,0.25,0.12755102040816327,0.03334215306122449,0.5892994979040242
103,2022-10-25 19:02:47,104,1,bc,0,0,1284.910364936028,0.8799999999999998,0.022499999999999996,26.020631999999996,0.02541978246739453,22.89815616,0.02236940857130705,0.25,0.12755102040816327,0.03318958163265306,0.5866189413631117
104,2022-10-25 19:05:57,105,1,bc,0,0,1292.620338936028,0.8799999999999998,0.022499999999999996,25.740564,0.03226837862847053,22.651696320000003,0.02839617319305441,0.25,0.12755102040816327,0.03283235204081633,0.5805777630524219
105,2022-10-25 19:09:08,106,1,bc,0,0,1277.88718,0.8799999999999998,0.022499999999999996,25.629468,0.030263116780024118,22.553931839999997,0.02663154276642154,0.25,0.12755102040816327,0.03269064795918367,0.5779940084822812
106,2022-10-25 19:12:19,107,0,mc,1,1,1308.6696613000001,0.8799999999999998,0.022499999999999996,149.62848,0.17996954225071377,131.6730624,0.1583731971806289,0.25,0.12755102040816327,0.1908526530612245,3.3745458451076997
107,2022-10-25 19:15:38,108,0,mc,1,1,1273.92720612,0.8799999999999998,0.022499999999999996,149.71572,0.19388932925769783,131.74983360000002,0.17062260974677218,0.25,0.12755102040816327,0.1909639285714286,3.377105740029359
108,2022-10-25 19:18:48,109,0,pc,1,1,1291.67326968,0.8799999999999998,0.022499999999999996,650.784,4.760825660063299,572.6899199999999,4.189526580855702,0.25,0.12755102040816327,0.8300816326530613,15.247708950709907
109,2022-10-25 19:22:08,110,1,pc,0,1,1274.3985535760282,0.8799999999999998,0.022499999999999996,663.4896000000002,5.62013587760641,583.870848,4.945719572293636,0.25,0.12755102040816327,0.8462877551020411,15.744057914835153
110,2022-10-25 19:25:20,111,1,pc,0,0,1265.460451583972,0.8799999999999998,0.022499999999999996,668.4155999999999,5.749596769069688,588.205728,5.059645156781329,0.25,0.12755102040816327,0.8525709183673469,15.885370039594441
111,2022-10-25 19:28:44,112,1,pc,0,0,1263.0621575439718,0.8799999999999998,0.022499999999999996,668.7768000000001,4.2372002988310244,588.5235839999999,3.728736262971296,0.25,0.12755102040816327,0.8530316326530614,15.52074645371121
112,2022-10-25 19:31:54,113,0,mc,1,1,1273.486480056028,0.8799999999999998,0.022499999999999996,76.0152,0.09188130273947777,66.893376,0.08085554641074062,0.25,0.12755102040816327,0.09695816326530612,1.7143766861520127
113,2022-10-25 19:35:15,114,0,mc,1,1,1249.5325202999998,0.8799999999999998,0.022499999999999996,75.42612,0.06652967396013218,66.37498559999999,0.05854611308491773,0.25,0.12755102040816327,0.09620678571428572,1.7002064457749868
114,2022-10-25 19:38:29,115,0,bc,1,1,1346.002886576028,0.8799999999999998,0.022499999999999996,6.402563999999999,0.02650669630424583,5.634256320000001,0.023325892747736325,0.25,0.12755102040816327,0.008166535714285713,0.14611078619338996
115,2022-10-25 19:41:50,116,0,pc,1,1,1327.54433382,0.8799999999999998,0.022499999999999996,354.34103999999996,1.5215864374463597,311.8201152,1.3389960649527937,0.25,0.12755102040816327,0.45196561224489795,8.094110238323486
116,2022-10-25 19:45:00,117,1,pc,0,1,1313.131056783972,0.8799999999999998,0.022499999999999996,358.30247999999995,1.7043307576026296,315.30618239999995,1.49981106669031,0.25,0.12755102040816327,0.4570184693877551,8.209987316141648
117,2022-10-25 19:48:12,118,1,pc,0,0,1320.00332308,0.8799999999999998,0.022499999999999996,363.8472,1.306773610448849,320.185536,1.1499607771949885,0.25,0.12755102040816327,0.46409081632653065,8.277016229430348
118,2022-10-25 19:51:25,119,0,bc,1,1,1326.1324791160278,0.8799999999999998,0.022499999999999996,8.998296000000002,0.027075937351239896,7.9185004800000005,0.023826824869091438,0.25,0.12755102040816327,0.011477418367346942,0.20410892665979197
119,2022-10-25 19:54:38,120,1,bc,0,0,1319.071017603972,0.8799999999999998,0.022499999999999996,8.96952,0.027186528103912727,7.8931776000000005,0.02392414473144332,0.25,0.12755102040816327,0.011440714285714285,0.20347652738071467
120,2022-10-25 19:57:45,121,1,bc,0,0,1310.5463017800002,0.8799999999999998,0.022499999999999996,8.919972,0.022481227479066036,7.849575359999999,0.019783480181578158,0.25,0.12755102040816327,0.01137751530612245,0.20192044875407836
121,2022-10-25 20:01:02,122,1,mc,0,1,1297.18344046,0.8799999999999998,0.022499999999999996,149.94492,0.1663256514937713,131.9515296,0.14636657331452108,0.25,0.12755102040816327,0.1912562755102041,3.381125727259362
122,2022-10-25 20:04:13,123,1,mc,0,0,1320.8902433839721,0.8799999999999998,0.022499999999999996,149.64336,0.16087360127195116,131.6861568,0.1415687691193181,0.25,0.12755102040816327,0.19087163265306123,3.374133864092347
123,2022-10-25 20:07:27,124,1,mc,0,0,1258.8566675799998,0.8799999999999998,0.022499999999999996,149.68667999999997,0.15690180192807157,131.72427840000003,0.13807358569670358,0.25,0.12755102040816327,0.19092688775510203,3.374964118439475
124,2022-10-25 20:10:31,125,1,mc,0,0,1306.3763541399999,0.8799999999999998,0.022499999999999996,149.50224,0.14622230029461733,131.5619712,0.12867562425926699,0.25,0.12755102040816327,0.19069163265306124,3.3704406664235207
125,2022-10-25 20:13:50,126,0,None,1,1,1324.7277326800001,0.8799999999999998,0.022499999999999996,0.0,0.0,0.0,0.0,0.0,0.0,0.0,0.0
126,2022-10-25 20:16:56,127,0,None,1,1,1303.210890456028,0.8799999999999998,0.022499999999999996,0.0,0.0,0.0,0.0,0.0,0.0,0.0,0.0
127,2022-10-25 20:20:10,128,0,bc,1,1,1290.5791095400002,0.8799999999999998,0.022499999999999996,3.4214952000000003,0.02666879908393535,3.010915776,0.02346854319386314,0.33363969667141274,0.17022433503643508,0.005824217452503545,0.08064441996657244
128,2022-10-25 20:23:22,129,0,mc,1,1,1315.596608043972,0.8799999999999998,0.022499999999999996,79.09944000000002,0.08875212129567846,69.60750720000001,0.07810186674019769,0.25,0.12755102040816327,0.10089214285714289,1.7836613764928473
129,2022-10-25 20:26:35,130,1,mc,0,1,1301.929722436028,0.8799999999999998,0.022499999999999996,78.90347999999999,0.07045328312753175,69.4350624,0.06199888915222734,0.25,0.12755102040816327,0.10064219387755101,1.778616939477797
130,2022-10-25 20:29:41,131,1,mc,0,1,1296.73396538,0.8799999999999998,0.022499999999999996,78.53496,0.0945639488060492,69.1107648,0.08321627494932385,0.25,0.12755102040816327,0.10017214285714286,1.7711899894109715
131,2022-10-25 20:33:02,132,1,mc,0,0,1287.906318443972,0.8799999999999999,0.022499999999999996,78.48124137931035,0.0754423408838124,69.06349241379309,0.06638925997775393,0.25,0.12755102040816327,0.10010362420830403,1.7692698701709653
132,2022-10-26 16:39:47,133,0,None,0,0,1327.045099223972,0.8799999999999998,0.022499999999999996,0.0,0.0,0.0,0.0,0.0,0.0,0.0,0.0
133,2022-10-26 16:42:57,134,0,None,0,0,1351.203564563972,0.8799999999999998,0.022499999999999996,0.0,0.0,0.0,0.0,0.0,0.0,0.0,0.0
134,2022-10-26 16:46:11,135,0,bc,1,1,1317.3403745039723,0.8799999999999998,0.022499999999999996,1.232754,0.028061650370518866,1.08482352,0.024694252326056588,0.921369422812759,0.47008644021059137,0.005795009395153673,0.03748534820217802
135,2022-10-26 16:49:19,136,1,bc,0,0,1372.11618564,0.8799999999999998,0.022499999999999996,1.1774916,0.031244434907068932,1.036192608,0.027495102718220688,0.9643935552443379,0.4920375281858867,0.0057937005632364485,0.03852121112561548
136,2022-10-26 16:52:32,137,1,bc,0,0,1363.9676725839722,0.8799999999999998,0.022499999999999996,1.1514935999999998,0.030072486178198358,1.013314368,0.02646378783681455,0.9860588484040379,0.5030912491857337,0.005793063536533774,0.03738417411507553
137,2022-10-26 16:55:40,138,0,bc,1,1,1370.4178040239722,0.8799999999999998,0.022499999999999996,7.2529319999999995,0.026881059400305444,6.38258016,0.023655332272268775,0.25,0.12755102040816327,0.009251188775510205,0.1650973775273859
138,2022-10-26 16:58:46,139,0,bc,1,1,1366.351202843972,0.8799999999999998,0.022499999999999996,7.227324,0.02572102073375409,6.360045119999998,0.02263449824570361,0.25,0.12755102040816327,0.009218525510204082,0.16438278464791428
139,2022-10-26 17:11:57,140,0,None,0,0,1355.9662507399999,0.8799999999999998,0.022499999999999996,0.0,0.0,0.0,0.0,0.0,0.0,0.0,0.0
140,2022-10-26 17:15:07,141,0,bc,1,1,1367.0675197960281,0.8799999999999998,0.022499999999999996,4.320983999999999,0.030288129187111778,3.80246592,0.026653553684658406,0.26449058876351766,0.13494417794057023,0.005830916337743569,0.10094001044722618
141,2022-10-26 17:18:19,142,0,bc,1,1,1376.6853022560279,0.8799999999999998,0.022499999999999996,2.1199691999999994,0.021049782101255732,1.865572896,0.01852380824910502,0.5372052715720081,0.2740843222306164,0.005810503213317819,0.05142470819115154
142,2022-10-26 17:21:30,143,0,bc,1,1,1371.6404638400002,0.8799999999999998,0.022499999999999996,2.1102624000000003,0.02923372534402098,1.857030912,0.02572567830273845,0.5396641145744321,0.275338833966547,0.005810371885794471,0.05424380922432566
143,2022-10-26 17:24:44,144,0,bc,1,1,1406.7044413400001,0.8799999999999998,0.022499999999999996,1.6812588,0.025112299086441612,1.4795077439999997,0.02209882319606865,0.6766114237561031,0.3452099100796444,0.005803871991686109,0.04410697923809426
144,2022-10-26 17:27:48,145,0,bc,1,1,1385.038867483972,0.8799999999999998,0.022499999999999996,4.222764,2.7090141440162325,3.7160323200000005,2.3839324467342844,0.2706119003138416,0.1380672960784906,0.005830256074575913,2.3858305786785334
145,2022-10-26 17:30:56,146,0,mc,1,1,1388.1551188960282,0.8799999999999998,0.022499999999999996,62.75448000000001,0.07401028073972084,55.22394239999999,0.0651290470509537,0.25,0.12755102040816327,0.08004397959183675,1.4152310989024373
146,2022-10-26 17:34:04,147,0,mc,0,1,1396.45345676,0.8799999999999998,0.022499999999999996,62.83356,0.06732118383617165,55.2935328,0.059242641775830454,0.25,0.12755102040816327,0.08014484693877552,1.4167523766498846
147,2022-10-26 17:37:15,148,0,mc,0,0,1396.8662956839719,0.8799999999999998,0.022499999999999996,62.720040000000004,0.07093498528886175,55.193635199999996,0.06242278705419903,0.25,0.12755102040816327,0.08000005102040818,1.4143340308519974
148,2022-10-26 17:40:28,149,0,mc,0,0,1382.901400223972,0.8799999999999998,0.022499999999999996,62.441280000000006,0.0558382293959015,54.9483264,0.049137641868391826,0.25,0.12755102040816327,0.07964448979591839,1.4075338893454696
149,2022-10-26 17:43:43,150,0,mc,1,1,1383.18245896,0.8799999999999998,0.022499999999999996,93.15468000000001,0.09639969380406443,81.97611839999999,0.08483173054757616,0.25,0.12755102040816327,0.11881974489795921,2.1003006741284382
150,2022-10-26 17:46:51,151,0,mc,0,0,1359.8267059160282,0.8799999999999998,0.022499999999999996,92.95067999999998,0.09464685141492325,81.79659840000001,0.08328922924513393,0.25,0.12755102040816327,0.11855954081632651,2.095646852759407
151,2022-10-26 17:50:02,152,0,mc,0,0,1361.07615904,0.8799999999999998,0.022499999999999996,92.81772000000001,0.09983396699278912,81.67959360000002,0.08785389095365378,0.25,0.12755102040816327,0.11838994897959186,2.092840549617769
152,2022-10-26 17:53:09,153,0,mc,0,1,1335.5408344039718,0.8799999999999998,0.022499999999999996,77.60796,0.07538205036506482,68.2950048,0.06633620432125677,0.25,0.12755102040816327,0.0989897448979592,1.74960860289806
153,2022-10-26 17:56:19,154,0,mc,0,0,1344.22248396,0.8799999999999998,0.022499999999999996,77.78999999999999,0.0921193229196361,68.45519999999998,0.08106500416927956,0.25,0.12755102040816327,0.09922193877551021,1.754325532279919
154,2022-10-26 17:59:29,155,0,mc,0,0,1329.156319763972,0.8799999999999998,0.022499999999999996,77.74848,0.08021147222101191,68.41866239999999,0.07058609555449054,0.25,0.12755102040816327,0.09916897959183675,1.7529379503525377
155,2022-10-26 18:02:42,156,0,pc,1,1,1349.258026443972,0.8799999999999998,0.022499999999999996,1068.2268,44.295788421583104,940.039584,38.98029381099313,0.25,0.12755102040816327,1.3625341836734695,45.810338952562
156,2022-10-26 18:05:48,157,0,pc,0,0,1350.9744526800002,0.8799999999999998,0.022499999999999996,1103.5031999999999,30.505022517385665,971.0828159999999,26.84441981529939,0.25,0.12755102040816327,1.4075295918367348,36.58725832303796
157,2022-10-26 18:08:58,158,0,pc,0,0,1347.8046143239721,0.8799999999999998,0.022499999999999996,1098.1404,34.58758944018445,966.363552,30.437078707362314,0.25,0.12755102040816327,1.4006892857142859,39.22280204635282
158,2022-10-26 18:12:04,159,0,pc,0,0,1340.17228698,0.8799999999999998,0.022499999999999996,1108.5144000000003,24.527110531142824,975.492672,21.58385726740569,0.25,0.12755102040816327,1.413921428571429,33.00747140167992
159,2022-10-26 18:15:16,160,0,pc,0,0,1371.979483863972,0.8799999999999998,0.022499999999999996,1097.3436,27.17571843874729,965.6623679999999,23.914632226097606,0.25,0.12755102040816327,1.3996729591836734,34.39526502727594
160,2022-10-26 18:18:27,161,0,pc,0,0,1338.0703620439722,0.8799999999999998,0.022499999999999996,1099.7508000000003,28.8894970371945,967.7807040000001,25.42275739273114,0.25,0.12755102040816327,1.4027433673469392,35.49824441735937
161,2022-10-26 18:21:39,162,0,pc,0,0,1348.0506773239717,0.8799999999999998,0.022499999999999996,1081.7628,22.166233037258923,951.951264,19.506285072787843,0.25,0.12755102040816327,1.3797994897959185,31.21519968102539
162,2022-10-26 18:24:48,163,0,pc,0,0,1308.7336376800001,0.8799999999999998,0.022499999999999996,1069.3344,30.8357845609554,941.0142720000001,27.13549041364074,0.25,0.12755102040816327,1.3639469387755103,36.28581335561814
163,2022-10-26 18:28:02,164,0,pc,0,0,1374.487139456028,0.8799999999999998,0.022499999999999996,1075.0104000000001,28.514789205264858,946.0091520000001,25.093014500633082,0.25,0.12755102040816327,1.3711867346938778,34.87351205878878
164,2022-10-26 18:31:09,165,0,pc,0,0,1345.627230396028,0.8799999999999998,0.022499999999999996,1052.8319999999999,28.871330287184964,926.4921599999999,25.406770652722773,0.25,0.12755102040816327,1.3428979591836734,34.757099760815805
165,2022-10-26 18:34:18,166,0,None,1,1,1335.351639516028,0.8799999999999998,0.022499999999999996,0.0,0.0,0.0,0.0,0.0,0.0,0.0,0.0
166,2022-10-26 18:37:29,167,0,None,1,1,1349.6008742239721,0.8799999999999998,0.022499999999999996,0.0,0.0,0.0,0.0,0.0,0.0,0.0,0.0
167,2022-10-26 18:40:38,168,0,None,1,1,1342.7985993999998,0.8799999999999998,0.022499999999999996,0.0,0.0,0.0,0.0,0.0,0.0,0.0,0.0
168,2022-10-26 18:43:47,169,0,None,0,0,1320.8333756000002,0.8799999999999998,0.022499999999999996,0.0,0.0,0.0,0.0,0.0,0.0,0.0,0.0
169,2022-10-26 18:46:59,170,0,None,0,0,1363.146915996028,0.8799999999999998,0.022499999999999996,0.0,0.0,0.0,0.0,0.0,0.0,0.0,0.0
170,2022-10-26 18:50:03,171,1,bc,0,1,1337.17688006,0.8799999999999998,0.022499999999999996,1.0001909999999998,0.025083647387807488,0.88016808,0.02207360970127058,1.134436307548786,0.5787940344636663,0.005789045841242488,0.03193180481102326
171,2022-10-26 18:53:16,172,1,bc,0,1,1314.892321276028,0.8799999999999998,0.022499999999999996,0.9461417999999999,0.020226791767356485,0.832604784,0.0177995767552737,1.1989139311731487,0.6116907812107901,0.005787462167781831,0.028212591113125032
172,2022-10-26 18:56:27,173,1,bc,0,1,1319.431910003972,0.8799999999999998,0.022499999999999996,0.9193295999999999,0.02403550943428322,0.8090100479999999,0.021151248302169214,1.233705510825405,0.6294415871558189,0.00578664282543324,0.030019527324685533
173,2022-10-26 18:59:36,174,1,bc,0,0,1324.2230302360279,0.8799999999999998,0.022499999999999996,0.8879538000000001,0.024690508947701983,0.7813993440000001,0.02172764787397775,1.2770800043743886,0.6515714308032595,0.005785653279531914,0.02995282362358848
174,2022-10-26 19:02:45,175,1,bc,0,0,1304.1224170599999,0.8799999999999998,0.022499999999999996,0.8671104000000001,0.025300742011198814,0.763057152,0.022264652969854956,1.3076251777770302,0.6671557029474644,0.005784976484450571,0.030037814193012574
175,2022-10-26 19:05:52,176,0,bc,1,1,1299.18147202,0.8799999999999998,0.022499999999999996,4.421760000000001,0.029960034068393707,3.8911488000000003,0.02636482998018643,0.2584919520740153,0.13188364901735475,0.005831578438789786,0.1030515406321172
176,2022-10-26 19:09:02,177,1,bc,0,1,1307.900851236028,0.8799999999999998,0.022499999999999996,4.4598,0.020754270686394582,3.924624,0.01826375820402719,0.2562979495416352,0.13076425997022204,0.005831824466151963,0.10212307141262116
177,2022-10-26 19:12:11,178,1,bc,0,0,1336.06631572,0.8799999999999998,0.022499999999999996,4.441860000000001,0.03168772241301252,3.9088368,0.02788519572345102,0.2573279898399311,0.13128979073465874,0.005831708698726514,0.10388596612190039
178,2022-10-26 19:15:23,179,1,bc,0,0,1298.337202636028,0.8799999999999998,0.022499999999999996,4.428083999999999,0.022790309737496548,3.8967139200000003,0.020055472568996913,0.25812460178146956,0.13169622539870895,0.0058316194854841664,0.10175986986174657
179,2022-10-26 19:18:36,180,0,bc,1,1,1307.559643876028,0.8799999999999998,0.022499999999999996,3.5376564000000004,0.025341885129237098,3.113137632,0.022300858913728603,0.32273748798679225,0.16466198366673074,0.005825175203553056,0.0828210782181479
180,2022-10-26 19:21:47,181,0,bc,1,1,1306.26808642,0.8799999999999998,0.022499999999999996,3.5202744,0.029059781191002856,3.0978414720000003,0.02557260744808252,0.3243231959088831,0.16547101832085873,0.005825033897368499,0.08338976216075218
181,2022-10-26 19:25:03,182,0,bc,1,1,1318.9206458799997,0.8799999999999998,0.022499999999999996,0.7240691999999999,0.02170994944068829,0.6371808959999999,0.01910475550780569,1.5645591881533243,0.7982444837516961,0.005779842447545034,0.02561789544550535
182,2022-10-26 19:28:08,183,0,bc,0,0,1310.747526523972,0.8799999999999998,0.022499999999999996,0.7199255999999999,0.02562988317489219,0.6335345279999999,0.022554297193905126,1.57351968077406,0.8028161636602347,0.005779679083127926,0.02823031489878653
183,2022-10-26 19:31:15,184,0,bc,0,0,1299.326375896028,0.8799999999999998,0.022499999999999996,0.7172724,0.02180081892419451,0.631199712,0.01918472065329117,1.579311432305426,0.8057711389313398,0.005779573986720156,0.025580783880617408
184,2022-10-26 19:34:27,185,0,bc,0,0,1296.61585514,0.8799999999999998,0.022499999999999996,0.7009775999999999,0.022976957587383356,0.6168602879999999,0.020219722676897357,1.6158409408271857,0.8244086432791764,0.005778919921850931,0.026142969224809343
185,2022-10-26 19:37:39,186,0,bc,0,0,1323.991731016028,0.8799999999999998,0.022499999999999996,0.693828,0.021386787697080644,0.61056864,0.018820373173430965,1.632409066238088,0.8328617684888203,0.005778628151070613,0.024975448180204557
186,2022-10-26 19:40:57,187,0,bc,1,1,1289.776397243972,0.8799999999999998,0.022499999999999996,1.759644,0.022376916751651574,1.54848672,0.01969168674145338,0.6466161539245723,0.32990620098192464,0.0058051746712063776,0.04451275682204312
187,2022-10-26 19:44:08,188,0,bc,1,1,1295.137289803972,0.8799999999999998,0.022499999999999996,1.7677236,0.024132421124945676,1.5555967680000002,0.021236530589952177,0.6436752369008457,0.3284057331126764,0.005805305647985795,0.045376672257684374
188,2022-10-26 19:47:23,189,0,bc,0,0,1268.74347892,0.8799999999999998,0.022499999999999996,1.7462532000000002,0.027072332600671455,1.5367028159999994,0.023823652688590886,0.6515500898365799,0.3324235152227449,0.00580495627212967,0.04623224692339811
189,2022-10-26 19:50:33,190,0,mc,1,1,1302.23593406,0.8799999999999998,0.022499999999999996,82.75860000000002,0.09524587419791058,72.82756799999999,0.08381636929416086,0.25,0.12755102040816327,0.10555943877551023,1.8662672003201073
190,2022-10-26 19:53:44,191,0,mc,1,1,1275.15916154,0.8799999999999998,0.022499999999999996,82.94988,0.07482748158263713,72.9958944,0.06584818379272095,0.25,0.12755102040816327,0.10580341836734694,1.8698530585276494
191,2022-10-26 19:56:54,192,0,mc,1,1,1297.7067344400002,0.8799999999999998,0.022499999999999996,82.8636,0.10862028768398503,72.91996799999998,0.09558585316190729,0.25,0.12755102040816327,0.1056933673469388,1.8691951475317732
192,2022-10-26 20:00:05,193,0,mc,1,1,1293.5592057639722,0.8799999999999998,0.022499999999999996,49.14096,0.06983176631166346,43.244044800000005,0.06145195435426371,0.25,0.12755102040816327,0.06267979591836735,1.1087508552506802
193,2022-10-26 20:03:11,194,1,mc,0,0,1277.4836366799998,0.8799999999999998,0.022499999999999996,49.126560000000005,0.06017222179595799,43.23137280000001,0.05295155518044243,0.25,0.12755102040816327,0.06266142857142859,1.1079881905903757
194,2022-10-26 20:06:18,195,1,mc,0,0,1288.61060554,0.8799999999999998,0.022499999999999996,49.157279999999986,0.07827142165743398,43.25840639999999,0.06887885105854089,0.25,0.12755102040816327,0.06270061224489795,1.1095542229471391
195,2022-10-26 20:09:25,196,0,mc,1,1,1490.348910223972,0.8799999999999998,0.022499999999999996,74.81472000000001,0.08779426734878701,65.8369536,0.07725895526693254,0.25,0.12755102040816327,0.09542693877551023,1.6871943558111917
196,2022-10-26 20:12:35,197,0,bc,1,1,1286.662333496028,0.8799999999999998,0.022499999999999996,12.895596,0.021149935289702906,11.348124480000001,0.01861194305493867,0.25,0.12755102040816327,0.016448464285714285,0.2911073177530492
197,2022-10-26 20:15:42,198,1,bc,0,0,1313.132150616028,0.8799999999999998,0.022499999999999996,12.813479999999995,0.02344836381322234,11.2758624,0.020634560155635848,0.25,0.12755102040816327,0.016343724489795913,0.28939839931176564
198,2022-10-26 20:18:51,199,1,bc,0,0,1262.09649708,0.8799999999999998,0.022499999999999996,12.75486,0.02284933500880997,11.2242768,0.02010741480775273,0.25,0.12755102040816327,0.016268954081632654,0.2880439073990437
199,2022-10-26 20:22:00,200,1,bc,0,0,1284.177643783972,0.8799999999999998,0.022499999999999996,12.730932000000001,0.02591088632881608,11.203220159999997,0.02280157996935809,0.25,0.12755102040816327,0.01623843367346939,0.28770715107663375
200,2022-10-26 20:25:08,201,0,bc,1,1,1268.742932003972,0.8799999999999998,0.022499999999999996,8.719187999999999,0.02906820545331056,7.67288544,0.02558002079891326,0.25,0.12755102040816327,0.011121413265306123,0.19808430265660795
201,2022-10-26 20:28:19,202,0,bc,1,1,1293.0840308799998,0.8799999999999998,0.022499999999999996,6.70734,0.02608392132567767,5.9024592,0.02295385076659643,0.25,0.12755102040816327,0.008555280612244899,0.1528363251627911
202,2022-10-26 20:31:31,203,0,bc,1,1,1208.202685316028,0.8799999999999998,0.022499999999999996,6.674748,0.025556500003204544,5.873778239999999,0.02248972000282002,0.25,0.12755102040816327,0.00851370918367347,0.15204111480832225
203,2022-10-26 20:34:42,204,0,bc,1,1,1258.926658723972,0.8799999999999998,0.022499999999999996,7.47228,0.026044414054615966,6.575606400000001,0.022919084368062045,0.25,0.12755102040816327,0.009530969387755103,0.16988844337939346
204,2022-10-26 20:37:47,205,0,bc,1,1,1221.03678448,0.8799999999999998,0.022499999999999996,2.979097199999999,0.021165234478038388,2.6216055359999992,0.01862540634067376,0.3829242181896905,0.19536949907637272,0.005820247276638244,0.06975756386397179
205,2022-10-26 20:40:55,206,0,bc,1,1,1260.861807736028,0.8799999999999998,0.022499999999999996,2.9489916000000007,0.02424840349042557,2.595112608,0.02133859507157448,0.3868140563308843,0.19735411037290015,0.005819956137151556,0.06988701743421603
206,2022-10-27 16:37:24,207,1,None,0,0,1418.60076718,0.8799999999999998,0.022499999999999996,0.0,0.0,0.0,0.0,0.0,0.0,0.0,0.0
207,2022-10-27 16:40:46,208,0,bc,1,1,1386.152712663972,0.8799999999999998,0.022499999999999996,4.323708000000001,1.4750996047126608,3.80486304,1.2980876521471416,0.26432477618636896,0.13485957968692294,0.005830934435689863,1.3017380488607413
208,2022-10-27 16:43:54,209,0,bc,1,1,1431.561178683972,0.8799999999999998,0.022499999999999996,7.166784000000001,0.026248425056201626,6.30676992,0.023098614049457445,0.25,0.12755102040816327,0.009141306122448982,0.16309712270621965
209,2022-10-27 16:47:11,210,0,bc,1,1,1377.5476162599998,0.8799999999999998,0.022499999999999996,7.073124000000001,0.02478546036524717,6.2243491199999985,0.021811205121417543,0.25,0.12755102040816327,0.009021841836734696,0.1608290496931541
210,2022-10-27 16:50:18,211,0,bc,1,1,1435.2800108239721,0.8799999999999998,0.022499999999999996,7.391496,0.02526109638049835,6.504516479999998,0.022229764814838564,0.25,0.12755102040816327,0.009427928571428573,0.16799275587657342
211,2022-10-27 16:53:38,212,0,bc,0,0,1408.370561143972,0.8799999999999998,0.022499999999999996,7.357259999999999,0.022597996249286302,6.4743888,0.019886236699371826,0.25,0.12755102040816327,0.009384260204081632,0.16693293490307742
212,2022-10-27 16:56:41,213,0,bc,1,1,1400.2264227599999,0.8799999999999998,0.022499999999999996,3.5081087999999996,0.024630944090436476,3.0871357440000002,0.021675230799584125,0.3254423518658256,0.1660420162580743,0.0058249345840469344,0.08201476856837571
213,2022-10-27 17:00:01,214,0,bc,1,1,1415.353282496028,0.8799999999999998,0.022499999999999996,0.7802988,0.026790862552434715,0.6866629440000002,0.02357595904614255,1.4523493678170605,0.7409945754168676,0.005781971780042913,0.02983208820910901
214,2022-10-27 17:03:09,215,0,bc,1,1,1396.324957083972,0.8799999999999998,0.022499999999999996,2.3798004,0.028814892210033728,2.0942243519999995,0.025357105144829677,0.4788247292939146,0.2442983312724054,0.00581381266481403,0.059466623906718544
215,2022-10-27 17:06:28,216,1,bc,0,0,1387.0183078360283,0.8799999999999998,0.022499999999999996,2.3778096,0.025152994663143774,2.0924724480000005,0.022134635303566512,0.47922364584708477,0.24450186012606367,0.005813788702256115,0.058124379740637486
216,2022-10-27 17:09:35,217,1,bc,0,0,1375.14604138,0.8799999999999998,0.022499999999999996,2.3493576,0.024527467650610077,2.067434688,0.021584171532536892,0.48499855076418213,0.24744824018580722,0.0058134440368715155,0.05732613285798872
217,2022-10-27 17:12:53,218,0,bc,0,1,1416.9833130599998,0.8799999999999998,0.022499999999999996,33.597623999999996,0.048597005271717376,29.56590912,0.042765364639111195,0.25,0.12755102040816327,0.042854112244897956,0.7580938028643667
218,2022-10-27 17:15:57,219,0,bc,0,0,1395.293132903972,0.8799999999999998,0.022499999999999996,33.758076,0.03193496382466652,29.707106879999994,0.02810276816570656,0.25,0.12755102040816327,0.04305877040816327,0.7610203305920925
219,2022-10-27 17:19:13,220,0,bc,1,1,1421.349017596028,0.8799999999999998,0.022499999999999996,0.0,0.0,0.0,0.0,0.0,0.0,0.0,0.0
220,2022-10-27 17:22:21,221,0,bc,0,0,1397.2539817200002,0.8799999999999998,0.022499999999999996,8.353019999999999,0.024497169435361888,7.350657600000001,0.02155750910311833,0.25,0.12755102040816327,0.010654362244897958,0.18940745763083858
221,2022-10-27 17:25:47,222,0,bc,0,0,1407.1205611039718,0.8799999999999998,0.022499999999999996,8.294303999999999,0.029260124401649323,7.29898752,0.025748909473451324,0.25,0.12755102040816327,0.010579469387755102,0.18861970299431097
222,2022-10-27 17:28:58,223,0,bc,0,0,1407.562381,0.8799999999999998,0.022499999999999996,8.281392,0.030115566647213543,7.28762496,0.026501698649547954,0.25,0.12755102040816327,0.010563000000000001,0.18843594680699183
223,2022-10-27 17:32:16,224,0,bc,0,1,1405.5293537039722,0.8799999999999998,0.022499999999999996,4.6738919999999995,0.03355559652175836,4.11302496,0.02952892493914732,0.24461446261840084,0.12480329725428614,0.005833171326104299,0.10935023175337501
224,2022-10-27 17:35:24,225,0,bc,0,0,1408.792149083972,0.8799999999999998,0.022499999999999996,4.663344,0.022951952452445298,4.1037427200000005,0.020197718158151884,0.24516502712072602,0.1250841975105745,0.005833106419557526,0.10697477678833642
225,2022-10-27 17:38:48,226,0,bc,0,0,1395.23134386,0.8799999999999998,0.022499999999999996,4.65816,0.026478522721580182,4.0991808,0.02330109999499054,0.24543652331401852,0.12522271597654006,0.005833074466532798,0.10749015148991233
226,2022-10-27 17:41:52,227,0,bc,0,0,1412.1369654639718,0.8799999999999998,0.022499999999999996,4.6532279999999995,0.024453237907032493,4.094840639999999,0.021518849358188638,0.24569538192575843,0.12535478669681552,0.005833044033916494,0.10700935988393463
227,2022-10-27 17:45:13,228,0,bc,0,0,1397.081190703972,0.8799999999999998,0.022499999999999996,24.775224,0.027210615778303613,21.80219712,0.023945341884907677,0.25,0.12755102040816327,0.031601051020408166,0.5586491753360217
228,2022-10-27 17:48:22,229,0,bc,0,0,1425.55614798,0.8799999999999998,0.022499999999999996,24.790944,0.029332125450575168,21.816030720000004,0.025812270396506257,0.25,0.12755102040816327,0.03162110204081633,0.5590860726648155
229,2022-10-27 17:51:41,230,0,bc,0,0,1362.9626420400002,0.8799999999999998,0.022499999999999996,24.831191999999998,0.02876781995264109,21.851448959999995,0.025315681558323987,0.25,0.12755102040816327,0.0316724387755102,0.5599691434677352
230,2022-10-27 17:54:46,231,1,bc,0,0,1403.37766958,0.8799999999999998,0.022499999999999996,1.4606916,0.028686411197999143,1.2854086079999998,0.025244041854239233,0.7782418238221066,0.3970621550112789,0.00579985354502873,0.04175471529526993
231,2022-10-27 17:58:03,232,1,bc,0,0,1360.7825238599999,0.8799999999999998,0.022499999999999996,6.221603999999999,0.025672035181201047,5.475011519999999,0.022591390959456836,0.25,0.12755102040816327,0.007935719387755101,0.14196916804817772
232,2022-10-27 18:01:09,233,1,bc,0,0,1397.3644367760278,0.8799999999999998,0.022499999999999996,6.216275999999999,0.02811478217151484,5.470322880000002,0.024741008310933024,0.25,0.12755102040816327,0.007928923469387754,0.14220885709944894
233,2022-10-27 18:04:29,234,1,bc,0,0,1368.1239502760282,0.8799999999999998,0.022499999999999996,6.203699999999999,0.021914826346405302,5.459255999999999,0.01928504718483663,0.25,0.12755102040816327,0.007912882653061223,0.1410811283764225
234,2022-10-27 18:07:44,235,1,pc,0,0,1403.9715016200003,0.8799999999999998,0.022499999999999996,549.1883999999999,3.3494437376561637,483.285792,2.9475104891374184,0.25,0.12755102040816327,0.7004954081632653,12.718365071402491
235,2022-10-27 18:11:05,236,1,pc,0,0,1355.4495184399998,0.8799999999999998,0.022499999999999996,563.2139999999998,4.766967806579507,495.6283199999999,4.194931669789962,0.25,0.12755102040816327,0.7183852040816325,13.363557514212658
236,2022-10-27 18:14:15,237,1,pc,0,0,1371.244575703972,0.8799999999999998,0.022499999999999996,565.3428000000001,4.859871109401977,497.50166400000006,4.276686576273735,0.25,0.12755102040816327,0.7211005102040818,13.434900221195893
237,2022-10-27 18:17:51,238,1,pc,0,0,1398.9583781000001,0.8799999999999998,0.022499999999999996,565.65,4.009924481187605,497.772,3.528733543445096,0.25,0.12755102040816327,0.7214923469387755,13.222510580094887
238,2022-10-27 18:20:58,239,1,pc,0,0,1406.81763032,0.8799999999999998,0.022499999999999996,568.41,3.6144094380973075,500.20079999999996,3.180680305525626,0.25,0.12755102040816327,0.7250127551020409,13.194243503481303
239,2022-10-27 18:24:26,240,1,pc,0,0,1423.0288076760282,0.8799999999999998,0.022499999999999996,564.2904,4.06192515593454,496.5755520000001,3.5744941372223975,0.25,0.12755102040816327,0.7197581632653062,13.205308147659228
240,2022-10-27 18:27:36,241,1,pc,0,0,1421.91441558,0.8799999999999998,0.022499999999999996,563.0964,4.067540590476317,495.52483200000006,3.5794357196191493,0.25,0.12755102040816327,0.7182352040816328,13.180757035347316
241,2022-10-27 18:31:02,242,0,None,1,1,1398.4662521000002,0.8799999999999998,0.022499999999999996,0.0,0.0,0.0,0.0,0.0,0.0,0.0,0.0
242,2022-10-27 18:34:10,243,0,None,0,0,1429.120233723972,0.8799999999999998,0.022499999999999996,0.0,0.0,0.0,0.0,0.0,0.0,0.0,0.0
243,2022-10-27 18:37:32,244,0,bc,0,0,1420.2931337039722,0.8799999999999998,0.022499999999999996,2.8890084,0.03324111485495032,2.542327392,0.02925218107235628,0.39480534551275653,0.20143129873099824,0.005819367140567632,0.07146512965765714
244,2022-10-27 18:40:34,245,0,bc,0,0,1427.040181163972,0.8799999999999998,0.022499999999999996,2.7407327999999995,0.022512313562995247,2.411844864,0.019810835935435842,0.4160566210262785,0.2122737862378972,0.005817857285223934,0.06497258220484291
245,2022-10-27 18:43:55,246,0,bc,0,0,1463.9228378560279,0.8799999999999998,0.022499999999999996,12.245532,0.02375990282111811,10.77606816,0.020908714482583787,0.25,0.12755102040816327,0.015619301020408165,0.27665833173779575
246,2022-10-27 18:47:05,247,0,bc,0,0,1441.68147658,0.8799999999999998,0.022499999999999996,12.148235999999999,0.0271291010057339,10.690447679999998,0.02387360888504584,0.25,0.12755102040816327,0.015495198979591836,0.27471453411973973
247,2022-10-27 18:50:27,248,0,bc,0,0,1380.384995943972,0.8799999999999998,0.022499999999999996,12.241692000000002,0.024532547051368127,10.772688960000002,0.021588641405203883,0.25,0.12755102040816327,0.015614403061224495,0.2766243047602477
248,2022-10-27 18:53:33,249,1,bc,0,0,1384.1267939639722,0.8799999999999998,0.022499999999999996,6.9677039999999995,0.02675331724194725,6.131579519999999,0.023542919172913516,0.25,0.12755102040816327,0.008887377551020408,0.15872402317684692
249,2022-10-27 18:56:59,250,0,bc,0,0,1386.2117677839722,0.8799999999999998,0.022499999999999996,15.019824000000002,0.028545781450517078,13.217445119999997,0.025120287676455192,0.25,0.12755102040816327,0.019157938775510207,0.3392974804175627
250,2022-10-27 19:00:06,251,0,bc,0,0,1367.3201444760282,0.8799999999999998,0.022499999999999996,14.992860000000002,0.017845175528841586,13.1937168,0.01570375446538061,0.25,0.12755102040816327,0.01912354591836735,0.3381237211337111
251,2022-10-27 19:03:30,252,1,bc,0,0,1359.1989716439718,0.8799999999999998,0.022499999999999996,23.40936,0.025081257186771833,20.6002368,0.022071506324358975,0.25,0.12755102040816327,0.02985887755102041,0.5278272689553993
252,2022-10-27 19:06:40,253,1,bc,0,0,1380.7579182,0.8799999999999998,0.022499999999999996,16.821479999999998,0.02456280114319192,14.802902399999999,0.021615265006008893,0.25,0.12755102040816327,0.0214559693877551,0.3795699273880005
253,2022-10-27 19:10:01,254,1,bc,0,0,1330.7092509160282,0.8799999999999998,0.022499999999999996,16.789116,0.02203763889975189,14.77442208,0.0193931222317819,0.25,0.12755102040816327,0.021414688775510206,0.37872172839905754
254,2022-10-27 19:13:12,255,0,bc,0,0,1382.2840557160278,0.8799999999999998,0.022499999999999996,2.3211024,0.021827150991052525,2.042570112,0.019207892872126233,0.4908732736464292,0.2504455477787904,0.005813097620186651,0.05587970925763697
255,2022-10-27 19:16:40,256,0,bc,0,0,1355.1963468439722,0.8799999999999998,0.022499999999999996,2.3010516,0.025970267378226018,2.024925408,0.0228538352928389,0.49512946620123727,0.252617074592468,0.005812849236783178,0.05682408054688433
256,2022-10-27 19:19:47,257,1,bc,0,0,1388.9550969400002,0.8799999999999998,0.022499999999999996,11.049468,0.022253925558395723,9.723531840000001,0.01958345449138845,0.25,0.12755102040816327,0.01409370918367347,0.2496913524551729
257,2022-10-27 19:23:16,258,1,bc,0,0,1347.9517055360282,0.8799999999999998,0.022499999999999996,11.036207999999998,0.02454685799122514,9.711863039999999,0.02160123503227819,0.25,0.12755102040816327,0.014076795918367347,0.24956010459765163
258,2022-10-27 19:26:22,259,1,bc,0,0,1386.715376723972,0.8799999999999998,0.022499999999999996,11.012340000000002,0.029540745443866246,9.690859199999998,0.02599585599060216,0.25,0.12755102040816327,0.01404635204081633,0.24944405683957577
259,2022-10-27 19:29:32,260,1,bc,0,0,1354.700940003972,0.8799999999999998,0.022499999999999996,11.004372,0.027475099999818096,9.68384736,0.02417808799983993,0.25,0.12755102040816327,0.014036188775510206,0.2490825181914973
260,2022-10-27 19:32:37,261,1,bc,0,0,1397.2534348039721,0.8799999999999998,0.022499999999999996,11.013599999999999,0.02742286787990308,9.691968000000001,0.024132123734314725,0.25,0.12755102040816327,0.01404795918367347,0.2492849717124645
261,2022-10-27 19:35:58,262,0,bc,0,0,1356.411898063972,0.8799999999999998,0.022499999999999996,0.9750779999999999,0.026998043101498007,0.85806864,0.02375827792931824,1.1635078364241633,0.5936264471551854,0.005788320888391838,0.03273732866048254
262,2022-10-27 19:39:05,263,0,bc,0,0,1358.8238623799998,0.8799999999999998,0.022499999999999996,0.971658,0.032466948418140684,0.8550590400000001,0.028570914607963786,1.1675828968551614,0.5957055596199803,0.005788220726492308,0.036334593037661636
263,2022-10-27 19:42:36,264,0,bc,0,0,1344.93606666,0.8799999999999998,0.022499999999999996,0.9712560000000001,0.02233497628816971,0.8547052799999999,0.019654779133589345,1.1680637754497691,0.595950905841719,0.005788208930042046,0.029829856175131276
264,2022-10-27 19:45:42,265,0,bc,0,0,1373.044116443972,0.8799999999999998,0.022499999999999996,0.974778,0.0267956338749174,0.8578046400000001,0.023580157809927314,1.1638641565430645,0.5938082431342167,0.005788312116258854,0.03260375050476725
265,2022-10-27 19:49:01,266,0,None,0,0,1357.822659263972,0.8799999999999998,0.022499999999999996,0.0,0.0,0.0,0.0,0.0,0.0,0.0,0.0
266,2022-10-27 19:52:09,267,0,None,0,0,1366.7798993800002,0.8799999999999998,0.022499999999999996,0.0,0.0,0.0,0.0,0.0,0.0,0.0,0.0
267,2022-10-27 19:55:23,268,0,None,0,0,1362.293897596028,0.8799999999999998,0.022499999999999996,0.0,0.0,0.0,0.0,0.0,0.0,0.0,0.0
268,2022-10-27 19:58:28,269,0,None,0,0,1377.57222256,0.8799999999999998,0.022499999999999996,0.0,0.0,0.0,0.0,0.0,0.0,0.0,0.0
269,2022-10-27 20:01:42,270,0,None,0,0,1355.7108921360282,0.8799999999999998,0.022499999999999996,0.0,0.0,0.0,0.0,0.0,0.0,0.0,0.0
270,2022-10-27 20:04:44,271,0,bc,0,0,1384.556037416028,0.8799999999999998,0.022499999999999996,0.6718896,0.030580043212346284,0.591262848,0.02691043802686472,1.6854434235554987,0.8599201140589279,0.005777713814670074,0.031281975125271526
271,2022-10-27 20:08:04,272,0,bc,0,0,1355.2800082639721,0.8799999999999998,0.022499999999999996,26.706335999999997,0.03701080789025889,23.501575679999995,0.032569510943428,0.25,0.12755102040816327,0.03406420408163265,0.6025207317879003
272,2022-10-27 20:11:03,273,0,bc,1,1,1351.18278602,0.8799999999999998,0.022499999999999996,19.80594,0.02177427967057486,17.4292272,0.019161366110106402,0.25,0.12755102040816327,0.025262678571428575,0.44659907334368537
273,2022-10-27 20:14:19,274,0,None,1,1,1350.1050300799998,0.88,0.0225,0.0,0.0,0.0,0.0,0.0,0.0,0.0,0.0
274,2022-10-28 16:41:12,275,0,bc,1,1,1358.349781,0.8700000000000002,0.022499999999999996,7.485504,0.06519061121315597,6.512388479999999,0.05671583175544573,0.25,0.12755102040816327,0.009547836734693877,0.1779108635074807
275,2022-10-28 16:44:23,276,0,bc,0,0,1370.1263561800001,0.8700000000000002,0.022499999999999996,6.37236,0.042210777509198334,5.5439532,0.03672337643300256,0.25,0.12755102040816327,0.008128010204081633,0.14817520100898257
276,2022-10-28 16:47:43,277,0,bc,1,1,1370.0673010599999,0.8700000000000002,0.022499999999999996,3.164721600000001,0.030507378428719555,2.753307792,0.026541419232986023,0.3605714042040071,0.18396500214490158,0.005821980159320165,0.07616055703936245
277,2022-10-28 16:50:54,278,1,bc,0,0,1362.99545044,0.8700000000000002,0.022499999999999996,3.1091711999999996,0.033030495341583165,2.7049789439999996,0.02873653094717736,0.3669815907198341,0.18723550546930312,0.005821472412225997,0.07579795768781591
278,2022-10-28 16:54:17,279,1,bc,0,0,1356.37143448,0.8700000000000002,0.022499999999999996,3.0841080000000005,0.028756699690740743,2.6831739599999995,0.025018328730944405,0.36994914299796056,0.18874956275406152,0.005821240364863033,0.07393831931093232
279,2022-10-28 16:57:26,280,1,bc,0,0,1372.327252903972,0.8700000000000002,0.022499999999999996,3.0805607999999998,0.022571814353303566,2.6800878960000003,0.019637478487374058,0.3703730323534419,0.18896583283338872,0.005821207371658902,0.07221854494065368
280,2022-10-28 17:00:47,281,0,bc,1,1,1352.2129697799999,0.8700000000000002,0.022499999999999996,19.858872,0.034920925689828006,17.27721864,0.03038120535015036,0.25,0.12755102040816327,0.025330193877551026,0.4483981488445943
281,2022-10-28 17:03:52,282,0,bc,0,0,1365.946019103972,0.8700000000000002,0.022499999999999996,19.920180000000002,0.023588234940033526,17.3305566,0.020521764397829104,0.25,0.12755102040816327,0.025408392857142862,0.4492178286949884
282,2022-10-28 17:07:10,283,0,None,1,1,1372.5585521239718,0.8700000000000002,0.022499999999999996,0.0,0.0,0.0,0.0,0.0,0.0,0.0,0.0
283,2022-10-28 17:10:18,284,0,bc,1,1,1365.61520118,0.8700000000000002,0.022499999999999996,1.4919444,0.02887876851610708,1.297991628,0.025124528609013142,0.7620188955992397,0.3887851508159387,0.005800458285629952,0.04223232159348159
284,2022-10-28 17:13:39,285,0,bc,0,0,1380.913211183972,0.8700000000000002,0.022499999999999996,1.4593584000000002,0.028625518426987382,1.269641808,0.024904201031479018,0.7789492852364649,0.3974231047124821,0.005799827462162404,0.04151932192784261
285,2022-10-28 17:16:45,286,0,bc,0,0,1364.1836614360282,0.8700000000000002,0.022499999999999996,1.4563751999999999,0.025659419003823774,1.2670464239999997,0.022323694533326666,0.7805369979218881,0.39823316220504495,0.005799769012530048,0.039969716244749605
286,2022-10-28 17:20:05,287,0,bc,0,0,1393.1808188599998,0.8700000000000002,0.022499999999999996,1.4394144,0.027768392403271537,1.2522905279999998,0.024158501390846236,0.7896886027076657,0.40290234832023764,0.005799434419659659,0.04071850572752641
287,2022-10-28 17:23:07,288,0,bc,0,0,1398.15293188,0.8700000000000002,0.022499999999999996,1.4248128000000004,0.023872040662810897,1.239587136,0.02076867537664548,0.7977413377884023,0.40701088662673585,0.005799143210051223,0.03852955100045981
288,2022-10-28 17:26:29,289,0,bc,1,1,1389.853500183972,0.8700000000000002,0.022499999999999996,2.5730808,0.024947120868224378,2.2385802960000003,0.021703995155355208,0.4430275163933423,0.22603444713946036,0.0058160489607316035,0.06203562431264853
289,2022-10-28 17:29:31,290,0,bc,1,1,1432.2102384160282,0.8700000000000002,0.022499999999999996,6.051191999999999,0.019529846018779547,5.26453704,0.01699096603633815,0.25,0.12755102040816327,0.007718357142857141,0.1373721290795702
290,2022-10-28 17:32:54,291,0,bc,1,1,1390.892979876028,0.8700000000000002,0.022499999999999996,10.190316000000001,0.02641013880546896,8.865574919999998,0.022976820760758104,0.25,0.12755102040816327,0.012997852040816328,0.23070781107554247
291,2022-10-28 17:35:58,292,1,bc,0,0,1374.361373703972,0.8700000000000002,0.022499999999999996,10.166052,0.029671375547765673,8.84446524,0.025814096726556178,0.25,0.12755102040816327,0.01296690306122449,0.2304644628945941
292,2022-10-28 17:39:22,293,1,bc,0,0,1432.289525163972,0.8700000000000002,0.022499999999999996,10.16868,0.025677544194530732,8.846751600000001,0.022339463449241762,0.25,0.12755102040816327,0.012970255102040818,0.2301601015319969
293,2022-10-28 17:42:30,294,1,bc,0,0,1378.390245223972,0.8700000000000002,0.022499999999999996,18.59646,0.022842292897771708,16.1789202,0.01987279482106133,0.25,0.12755102040816327,0.02371997448979592,0.4194000206927503
294,2022-10-28 17:45:59,295,1,bc,0,0,1381.271916576028,0.8700000000000002,0.022499999999999996,18.581664,0.025815121150209893,16.16604768,0.0224591554006824,0.25,0.12755102040816327,0.023701102040816328,0.41919769065080636
295,2022-10-28 17:49:04,296,0,bc,1,1,1428.8123816799998,0.8700000000000002,0.022499999999999996,7.941732,0.02858701156722826,6.90930684,0.024870700063488613,0.25,0.12755102040816327,0.010129760204081633,0.18062659487390387
296,2022-10-28 17:52:29,297,0,pc,1,1,1391.2057531799999,0.8700000000000002,0.022499999999999996,457.2636,47.371618825825564,397.819332,41.213308378468234,0.25,0.12755102040816327,0.5832443877551021,42.48112613447384
297,2022-10-28 17:55:28,298,1,pc,0,0,1368.4667980560278,0.8700000000000002,0.022499999999999996,452.57399999999996,2.14204433451657,393.73938,1.8635785710294108,0.25,0.12755102040816327,0.5772627551020408,10.364212777955503
298,2022-10-28 17:58:53,299,0,bc,1,1,1509.63259424,0.8700000000000002,0.022499999999999996,7.7101799999999985,0.03836941562198217,6.7078566,0.033381391591124625,0.25,0.12755102040816327,0.009834413265306121,0.17686860149525854
299,2022-10-28 18:01:57,300,0,pc,0,1,1410.56927086,0.8700000000000002,0.022499999999999996,616.1328,3.139423781963596,536.0355360000001,2.7312986903083276,0.25,0.12755102040816327,0.7858836734693878,14.146020649487118
300,2022-10-28 18:05:17,301,0,pc,0,0,1366.314567016028,0.8700000000000002,0.022499999999999996,627.2159999999999,4.257912455976344,545.67792,3.704383836699416,0.25,0.12755102040816327,0.8000204081632653,14.607039573254294
301,2022-10-28 18:08:17,302,0,bc,0,0,1364.600874703972,0.8700000000000002,0.022499999999999996,9.524256000000001,0.0412375932941008,8.286102719999997,0.0358767061658676,0.25,0.12755102040816327,0.012148285714285717,0.21753508852935075
302,2022-10-28 18:11:40,303,1,pc,0,0,1593.254097243972,0.8700000000000002,0.022499999999999996,513.0780000000001,2.009518521849245,446.37785999999994,1.748281114008843,0.25,0.12755102040816327,0.6544362244897961,11.689759647498937
303,2022-10-28 18:14:43,304,1,pc,0,0,1356.4375981960281,0.8700000000000002,0.022499999999999996,518.5236,2.743726205300954,451.1155320000001,2.3870417986118366,0.25,0.12755102040816327,0.6613821428571429,11.922367023631969
304,2022-10-28 18:18:04,305,0,bc,1,1,1535.6923063599997,0.8700000000000002,0.022499999999999996,12.050711999999999,0.03866820474150617,10.484119439999999,0.03364133812511046,0.25,0.12755102040816327,0.01537080612244898,0.2735471053104504
305,2022-10-28 18:21:11,306,0,bc,1,1,1360.074955923972,0.8700000000000002,0.022499999999999996,11.626788,0.03656553515784098,10.115305559999998,0.03181201558732171,0.25,0.12755102040816327,0.014830086734693878,0.26384552073279616
306,2022-10-28 18:24:28,307,0,pc,0,0,1766.2686480560278,0.8700000000000002,0.022499999999999996,1163.9688,28.972733139019308,1012.6528559999999,25.206277830946817,0.25,0.12755102040816327,1.4846540816326532,36.371749051904075
307,2022-10-28 18:27:33,308,0,pc,0,0,1389.8578748560283,0.8700000000000002,0.022499999999999996,1171.8120000000001,33.48283147092469,1019.4764399999999,29.130063379704474,0.25,0.12755102040816327,1.4946581632653064,39.31164378511961
308,2022-10-28 18:30:56,309,0,None,1,1,1415.5993454960278,0.8700000000000002,0.022499999999999996,0.0,0.0,0.0,0.0,0.0,0.0,0.0,0.0
309,2022-10-28 18:33:58,310,1,bc,0,0,1373.443832336028,0.8700000000000002,0.022499999999999996,10.209023999999998,0.06384864395719315,8.881850880000002,0.055548320242758034,0.25,0.12755102040816327,0.013021714285714284,0.23659553302637382
310,2022-10-28 18:37:13,311,1,pc,0,0,1485.4713949760278,0.8700000000000002,0.022499999999999996,808.3152000000001,9.788687877974963,703.2342239999999,8.51615845383822,0.25,0.12755102040816327,1.0310142857142859,20.102234893277654
311,2022-10-28 18:40:19,312,1,pc,0,0,1337.10798242,0.8700000000000002,0.022499999999999996,819.7764000000001,7.720292890638392,713.2054680000002,6.7166548148554,0.25,0.12755102040816327,1.0456331632653064,19.650900461634958
312,2022-10-28 18:43:39,313,1,bc,0,1,1444.07484936,0.8700000000000002,0.022499999999999996,5.781276000000001,0.03186893737882022,5.029710120000001,0.027725975519573603,0.25,0.12755102040816327,0.007374076530612247,0.13315539218754105
313,2022-10-28 18:46:48,314,0,bc,1,1,1357.103608716028,0.8700000000000002,0.022499999999999996,10.198908,0.024710423655643278,8.87304996,0.021498068580409483,0.25,0.12755102040816327,0.013008811224489797,0.23075794565896973
314,2022-10-28 18:49:59,315,0,bc,1,1,1397.3152241760279,0.8700000000000002,0.022499999999999996,1.0786236,0.030266479564260422,0.9384025320000001,0.026331837220906557,1.0523364581024204,0.5369063561747043,0.005791198667600418,0.03616263839501822
315,2022-10-28 18:53:00,316,0,None,0,0,1325.34945186,0.8700000000000002,0.022499999999999996,0.0,0.0,0.0,0.0,0.0,0.0,0.0,0.0
316,2022-10-28 18:56:18,317,0,bc,0,0,1357.40161824,0.8700000000000002,0.022499999999999996,18.550884,0.025910805840620697,16.139269080000002,0.022542401081339973,0.25,0.12755102040816327,0.023661841836734695,0.41850977205435935
317,2022-10-28 18:59:28,318,1,mc,0,1,1336.975655316028,0.8700000000000002,0.022499999999999996,323.59524000000005,0.6906241243277359,281.5278588,0.6008429881651318,0.25,0.12755102040816327,0.412749030612245,7.31446242286887
318,2022-10-28 19:02:55,319,1,mc,0,0,1372.662992416028,0.8700000000000002,0.022499999999999996,327.5052000000001,0.6678064968547296,284.929524,0.5809916522636128,0.25,0.12755102040816327,0.4177362244897961,7.4006644230869325
319,2022-10-28 19:06:02,320,0,bc,1,1,1326.3156592399998,0.8700000000000002,0.022499999999999996,14.344116000000001,0.03293308802551856,12.479380920000002,0.02865178658220125,0.25,0.12755102040816327,0.018296066326530615,0.3244026610000749
320,2022-10-28 19:09:20,321,0,bc,0,0,1339.8786518,0.8700000000000002,0.022499999999999996,13.972812,0.02277320421778247,12.156346439999997,0.019812687669470686,0.25,0.12755102040816327,0.017822464285714285,0.3153933239604187
321,2022-10-28 19:12:31,322,0,None,1,1,1358.2152665600001,0.8700000000000002,0.022499999999999996,0.0,0.0,0.0,0.0,0.0,0.0,0.0,0.0
322,2022-10-28 19:15:56,323,1,None,0,0,1344.3821516160278,0.8700000000000002,0.022499999999999996,0.0,0.0,0.0,0.0,0.0,0.0,0.0,0.0
323,2022-10-28 19:19:00,324,0,None,0,0,1368.012948303972,0.8700000000000002,0.022499999999999996,0.0,0.0,0.0,0.0,0.0,0.0,0.0,0.0
324,2022-10-28 19:22:18,325,1,bc,0,0,1371.6043746000003,0.8700000000000002,0.022499999999999996,7.98108,0.025819517877920885,6.9435396,0.02246298055379114,0.25,0.12755102040816327,0.010179948979591838,0.18119037858882783
325,2022-10-28 19:25:27,326,1,bc,0,0,1382.330534063972,0.8700000000000002,0.022499999999999996,7.967106,0.021415026081444886,6.931382219999999,0.018631072690856995,0.25,0.12755102040816327,0.010162125000000001,0.18044219956214527
326,2022-10-28 19:28:42,327,0,mc,1,1,1367.21297026,0.8700000000000002,0.022499999999999996,61.91352,0.0821709840557454,53.8647624,0.07148875612849881,0.25,0.12755102040816327,0.07897132653061224,1.3965783296495755
327,2022-10-28 19:31:54,328,1,mc,0,0,1360.197987423972,0.8700000000000002,0.022499999999999996,61.65804,0.06622355867920517,53.64249480000001,0.057614496050907175,0.25,0.12755102040816327,0.07864545918367348,1.3901865338020627
328,2022-10-28 19:35:11,329,0,mc,1,1,1368.232764583972,0.8700000000000002,0.022499999999999996,50.31839999999999,0.06773579504984335,43.777008,0.05893014169336271,0.25,0.12755102040816327,0.06418163265306122,1.1350709092471278
329,2022-10-28 19:38:25,330,0,mc,1,1,1349.43573872,0.8700000000000002,0.022499999999999996,49.89096,0.06345923263715351,43.405135200000004,0.05520953239432375,0.25,0.12755102040816327,0.06363642857142858,1.1252662352197096
330,2022-10-28 19:41:54,331,0,pc,1,1,1384.505184396028,0.8700000000000002,0.022499999999999996,495.75479999999993,3.1325276606644215,431.30667600000004,2.725299064778048,0.25,0.12755102040816327,0.632340306122449,11.495755550690971
331,2022-10-28 19:45:08,332,0,pc,0,1,1346.71428194,0.8700000000000002,0.022499999999999996,513.2940000000001,2.770751622163939,446.56578,2.4105539112826317,0.25,0.12755102040816327,0.6547117346938778,11.811742915485738
332,2022-10-28 19:48:31,333,0,mc,1,1,1375.7568245360283,0.8700000000000002,0.022499999999999996,55.08084,0.10973509670235812,47.9203308,0.09546953413105164,0.25,0.12755102040816327,0.07025617346938777,1.244492576592449
333,2022-10-28 19:51:37,334,1,mc,0,0,1376.1253721199998,0.8700000000000002,0.022499999999999996,54.264720000000004,0.07412692935210798,47.210306400000015,0.06449042853633355,0.25,0.12755102040816327,0.06921520408163266,1.2241401766894064
334,2022-10-28 19:55:02,335,0,pc,1,1,1348.752777083972,0.8700000000000002,0.022499999999999996,450.9552,1.9546771917986656,392.331024,1.7005691568648287,0.25,0.12755102040816327,0.5751979591836736,10.300177559931054
335,2022-10-28 19:58:09,336,0,mc,1,1,1379.769291856028,0.8700000000000002,0.022499999999999996,52.194720000000004,0.06825109017696915,45.4094064,0.05937844845396327,0.25,0.12755102040816327,0.06657489795918368,1.177306989756924
336,2022-10-28 20:01:31,337,0,mc,0,0,1349.6779739639721,0.8700000000000002,0.022499999999999996,51.80628000000001,0.07624151462113173,45.07146360000001,0.06633011772038476,0.25,0.12755102040816327,0.06607943877551022,1.1689415394922595
337,2022-10-28 20:04:38,338,0,pc,1,1,1425.65457318,0.8700000000000002,0.022499999999999996,1590.8112,191.04518104047062,1384.0057440000003,166.20930750520947,0.25,0.12755102040816327,2.0290959183673474,170.02884202884502
338,2022-10-28 20:07:52,339,0,pc,1,1,1358.8440943360279,0.8700000000000002,0.022499999999999996,1517.0747999999996,44.41791288425314,1319.8550759999998,38.64358420930022,0.25,0.12755102040816327,1.9350443877551018,51.58782010846652
339,2022-10-28 20:10:55,340,0,bc,1,1,1373.992279203972,0.8700000000000002,0.022499999999999996,20.3919,0.05830421880991517,17.740953,0.05072467036462627,0.25,0.12755102040816327,0.026010076530612245,0.46216748152122117
340,2022-10-28 20:14:12,341,0,bc,1,1,1337.10798242,0.8700000000000002,0.022499999999999996,20.535924,0.03289126638087869,17.866253879999995,0.028615401751364226,0.25,0.12755102040816327,0.0261937806122449,0.4635040715784195
341,2022-10-28 20:17:17,342,0,pc,1,1,1344.834907536028,0.8700000000000002,0.022499999999999996,920.5668000000001,16.050992368934267,800.8931159999998,13.964363360972825,0.25,0.12755102040816327,1.1741923469387756,25.00130276381417
342,2022-10-28 20:20:42,343,0,pc,0,0,1395.130731323972,0.8700000000000002,0.022499999999999996,925.4172000000001,14.457904046122886,805.112964,12.578376520126936,0.25,0.12755102040816327,1.1803790816326534,24.34791816437439
343,2022-10-28 20:23:51,344,0,bc,0,0,1409.9655963000002,0.8700000000000002,0.022499999999999996,9.825851999999998,0.05008106328054897,8.54849124,0.04357052505407764,0.25,0.12755102040816327,0.012532974489795916,0.22559784101637645
344,2022-10-28 20:27:06,345,0,pc,1,1,1344.85896692,0.8700000000000002,0.022499999999999996,400.93680000000006,2.384800004627004,348.81501599999996,2.074776004025498,0.25,0.12755102040816327,0.5113989795918369,9.267280884150013
345,2022-10-28 20:30:12,346,0,pc,0,1,1336.373621176028,0.8700000000000002,0.022499999999999996,402.1512000000001,1.836127378948458,349.871544,1.5974308196851574,0.25,0.12755102040816327,0.5129479591836736,9.199158449641352
346,2022-10-28 20:33:34,347,0,pc,0,0,1362.6104986560279,0.8700000000000002,0.022499999999999996,401.16240000000005,1.6885655532392576,349.011288,1.4690520313181537,0.25,0.12755102040816327,0.5116867346938777,9.155749230355315
347,2022-10-28 20:36:41,348,0,bc,1,1,1385.69394198,0.8700000000000002,0.022499999999999996,27.051108,0.03241468402884184,23.534463959999997,0.028200775105092432,0.25,0.12755102040816327,0.03450396428571429,0.6100419069880443
348,2022-10-28 20:39:57,349,1,mc,0,1,1340.092999903972,0.8700000000000002,0.022499999999999996,119.53584,0.1402474502810828,103.9961808,0.12201528174454196,0.25,0.12755102040816327,0.1524691836734694,2.6955884144313074
