,datetime_utc,overpass_id,phase_iii,kgh_gas_30,kgh_gas_60,kgh_gas_90,kgh_ch4_30,kgh_ch4_60,kgh_ch4_90,methane_fraction,meter,qc_discard,qc_discard_strict,altitude_meters
0,2022-10-24 16:46:15,1,0,0.0,0.0,0.0,0.0,0.0,0.0,0.9,None,0,0,837.8711667
1,2022-10-24 16:49:22,2,0,0.0,0.0,0.0,0.0,0.0,0.0,0.9,None,0,0,845.4613333
2,2022-10-24 16:52:32,3,1,19.82904387,19.82904387,19.82904387,17.84613948,17.84613948,17.84613948,0.9,bc,0,1,827.8896667
3,2022-10-24 16:55:42,4,1,19.79139484,19.79139484,19.79139484,17.81225535,17.81225535,17.81225535,0.9,bc,0,0,832.756
4,2022-10-24 16:59:01,5,1,19.81426065,19.81426065,19.81426065,17.83283458,17.83283458,17.83283458,0.9,bc,0,0,838.2308333
5,2022-10-24 17:02:04,6,0,119.8479484,119.8479484,119.8479484,107.8631535,107.8631535,107.8631535,0.9,mc,0,0,840.7933333
6,2022-10-24 17:05:20,7,0,119.7092903,119.7092903,119.7092903,107.7383613,107.7383613,107.7383613,0.9,mc,0,0,842.1231667
7,2022-10-24 17:08:21,8,0,119.3749548,119.3749548,119.3749548,107.4374594,107.4374594,107.4374594,0.9,mc,0,0,837.4146667
8,2022-10-24 17:11:37,9,1,1.812781161,1.812781161,1.812781161,1.631503045,1.631503045,1.631503045,0.9,bc,0,0,843.2018333
9,2022-10-24 17:14:38,10,1,1.750720645,1.750720645,1.750720645,1.575648581,1.575648581,1.575648581,0.9,bc,0,0,839.5521667
10,2022-10-24 17:17:53,11,1,1.703753419,1.703753419,1.703753419,1.533378077,1.533378077,1.533378077,0.9,bc,0,0,841.4075
11,2022-10-24 17:20:59,12,1,13.65759871,13.65759871,13.65759871,12.29183884,12.29183884,12.29183884,0.9,bc,0,0,837.8518333
12,2022-10-24 17:24:12,13,1,13.6770271,13.6770271,13.6770271,12.30932439,12.30932439,12.30932439,0.9,bc,0,0,835.5265
13,2022-10-24 17:27:11,14,1,3.663185806,3.663185806,3.663185806,3.296867226,3.296867226,3.296867226,0.9,bc,0,0,842.2673333
14,2022-10-24 17:30:27,15,1,3.598373032,3.598373032,3.598373032,3.238535729,3.238535729,3.238535729,0.9,bc,0,0,840.0038333
15,2022-10-24 17:33:38,16,1,3.589634323,3.589634323,3.589634323,3.23067089,3.23067089,3.23067089,0.9,bc,0,0,841.4615
16,2022-10-24 17:36:52,17,1,3.584422452,3.584422452,3.584422452,3.225980206,3.225980206,3.225980206,0.9,bc,0,0,850.0208333
17,2022-10-24 17:40:00,18,1,31.38960774,31.38960774,31.38960774,28.25064697,28.25064697,28.25064697,0.9,bc,0,1,849.0036667
18,2022-10-24 17:43:18,19,1,31.42181032,31.42181032,31.42181032,28.27962929,28.27962929,28.27962929,0.9,bc,0,0,841.3261667
19,2022-10-24 17:46:20,20,1,31.41414581,31.41414581,31.41414581,28.27273123,28.27273123,28.27273123,0.9,bc,0,0,846.469
20,2022-10-24 17:49:37,21,1,207.5325677,207.5325677,207.5325677,186.779311,186.779311,186.779311,0.9,mc,0,0,842.4046667
21,2022-10-24 17:52:40,22,1,208.1074065,208.1074065,208.1074065,187.2966658,187.2966658,187.2966658,0.9,mc,0,0,846.6571667
22,2022-10-24 17:57:58,23,1,209.4030581,209.4030581,209.4030581,188.4627523,188.4627523,188.4627523,0.9,mc,0,0,834.379
23,2022-10-24 18:01:11,24,0,66.40107097,66.40107097,66.40107097,59.76096387,59.76096387,59.76096387,0.9,mc,1,1,836.5361667
24,2022-10-24 18:04:31,25,1,65.62474839,65.62474839,65.62474839,59.06227355,59.06227355,59.06227355,0.9,mc,0,0,838.4868333
25,2022-10-24 18:07:34,26,0,128.9251742,128.9251742,128.9251742,116.0326568,116.0326568,116.0326568,0.9,mc,1,1,835.4991667
26,2022-10-24 18:10:50,27,0,0.0,0.0,0.0,0.0,0.0,0.0,0.929933333,None,1,1,829.1605
27,2022-10-24 18:13:53,28,0,759.9425806,759.9425806,759.9425806,706.6959372,706.6959372,706.6959372,0.929933333,pc,0,1,830.6561667
28,2022-10-24 18:17:18,29,0,768.6406452,768.6406452,768.6406452,714.7845573,714.7845573,714.7845573,0.929933333,pc,0,0,830.871
29,2022-10-24 18:20:25,30,0,770.2339355,770.2339355,770.2339355,716.2662111,716.2662111,716.2662111,0.929933333,pc,0,0,827.8928333
30,2022-10-24 18:23:39,31,0,765.7014194,765.7014194,765.7014194,712.0512732,712.0512732,712.0512732,0.929933333,pc,0,0,828.5901667
31,2022-10-24 18:26:41,32,0,469.6896774,469.6896774,469.6896774,436.7800874,436.7800874,436.7800874,0.929933333,pc,1,1,838.9895
32,2022-10-24 18:29:53,33,0,464.6868387,464.6868387,464.6868387,432.1277809,432.1277809,432.1277809,0.929933333,pc,0,0,818.7588333
33,2022-10-24 18:33:04,34,0,463.4930323,463.4930323,463.4930323,431.0176205,431.0176205,431.0176205,0.929933333,pc,0,0,836.3488333
34,2022-10-24 18:39:06,35,0,173.4293032,173.4293032,173.4293032,161.27769,161.27769,161.27769,0.929933333,mc,0,0,839.5393333
35,2022-10-24 18:42:15,36,0,172.4755355,172.4755355,172.4755355,160.3907496,160.3907496,160.3907496,0.929933333,mc,0,0,835.5313333
36,2022-10-24 18:45:33,37,0,171.7981548,171.7981548,171.7981548,159.7608308,159.7608308,159.7608308,0.929933333,mc,0,0,836.3193333
37,2022-10-24 18:48:36,38,0,45.42619355,45.42619355,45.42619355,42.24333159,42.24333159,42.24333159,0.929933333,mc,0,0,830.2743333
38,2022-10-24 18:51:56,39,0,44.99221935,44.99221935,44.99221935,41.83976452,41.83976452,41.83976452,0.929933333,mc,0,0,831.2266667
39,2022-10-24 18:55:00,40,0,44.58216774,44.58216774,44.58216774,41.45844386,41.45844386,41.45844386,0.929933333,mc,0,0,831.886
40,2022-10-24 18:58:14,41,1,9.38240129,9.38240129,9.38240129,8.725007707,8.725007707,8.725007707,0.929933333,bc,0,1,830.0351667
41,2022-10-24 19:01:19,42,1,9.31788,9.31788,9.31788,8.665007208,8.665007208,8.665007208,0.929933333,bc,0,0,844.2605
42,2022-10-24 19:04:27,43,1,9.273402581,9.273402581,9.273402581,8.623646173,8.623646173,8.623646173,0.929933333,bc,0,0,831.4558333
43,2022-10-24 19:07:37,44,0,4.416863226,4.416863226,4.416863226,4.107388342,4.107388342,4.107388342,0.929933333,bc,0,0,833.8871667
44,2022-10-24 19:11:01,45,0,4.352446452,4.352446452,4.352446452,4.047485037,4.047485037,4.047485037,0.929933333,bc,0,0,831.4836667
45,2022-10-24 19:14:06,46,0,19.25133677,19.25133677,19.25133677,17.90245978,17.90245978,17.90245978,0.929933333,bc,1,1,820.5698333
46,2022-10-24 19:17:24,47,1,19.24743484,19.24743484,19.24743484,17.89883124,17.89883124,17.89883124,0.929933333,bc,0,0,827.4458333
47,2022-10-24 19:20:29,48,1,19.18362194,19.18362194,19.18362194,17.83948949,17.83948949,17.83948949,0.929933333,bc,0,0,828.9095
48,2022-10-24 19:23:45,49,1,19.1369729,19.1369729,19.1369729,17.796109,17.796109,17.796109,0.929933333,bc,0,0,829.7006667
49,2022-10-24 19:26:51,50,1,19.07932645,19.07932645,19.07932645,17.74250164,17.74250164,17.74250164,0.929933333,bc,0,0,837.5161667
50,2022-10-24 19:30:05,51,1,28.31150323,28.31150323,28.31150323,26.32781057,26.32781057,26.32781057,0.929933333,bc,0,0,838.1565
51,2022-10-24 19:33:07,52,1,28.39032,28.39032,28.39032,26.40110491,26.40110491,26.40110491,0.929933333,bc,0,0,830.7425
52,2022-10-24 19:36:19,53,1,33.76301806,33.76301806,33.76301806,31.39735593,31.39735593,31.39735593,0.929933333,bc,0,0,838.3595
53,2022-10-24 19:39:22,54,0,5.728552258,5.728552258,5.728552258,5.327171697,5.327171697,5.327171697,0.929933333,bc,0,0,828.5046667
54,2022-10-24 19:42:33,55,0,5.661255484,5.661255484,5.661255484,5.264590183,5.264590183,5.264590183,0.929933333,bc,0,0,829.0613333
55,2022-10-24 19:45:36,56,0,1.690181419,1.690181419,1.690181419,1.571756041,1.571756041,1.571756041,0.929933333,bc,1,1,841.5433333
56,2022-10-24 19:48:45,57,1,1.677217935,1.677217935,1.677217935,1.559700865,1.559700865,1.559700865,0.929933333,bc,0,0,823.5721667
57,2022-10-25 16:35:28,58,1,14.96459613,14.96459613,14.96459613,13.91607676,13.91607676,13.91607676,0.929933333,bc,0,1,836.9083333
58,2022-10-25 16:38:32,59,1,14.93945419,14.93945419,14.93945419,13.89269644,13.89269644,13.89269644,0.929933333,bc,0,1,852.647
59,2022-10-25 16:41:46,60,1,14.95489935,14.95489935,14.95489935,13.90705941,13.90705941,13.90705941,0.929933333,bc,0,0,836.375
60,2022-10-25 16:44:55,61,1,14.89733419,14.89733419,14.89733419,13.85352764,13.85352764,13.85352764,0.929933333,bc,0,0,844.1761667
61,2022-10-25 16:48:07,62,1,14.84565677,14.84565677,14.84565677,13.80547109,13.80547109,13.80547109,0.929933333,bc,0,0,832.3466667
62,2022-10-25 16:51:13,63,0,3.917763871,3.917763871,3.917763871,3.643259216,3.643259216,3.643259216,0.929933333,bc,1,1,852.5191667
63,2022-10-25 16:54:29,64,0,3.844614194,3.844614194,3.844614194,3.575234892,3.575234892,3.575234892,0.929933333,bc,1,1,840.2963333
64,2022-10-25 16:57:35,65,0,0.0,0.0,0.0,0.0,0.0,0.0,0.929933333,None,1,1,843.7976667
65,2022-10-25 17:00:52,66,0,0.0,0.0,0.0,0.0,0.0,0.0,0.929933333,None,1,1,833.6026667
66,2022-10-25 17:04:01,67,0,12.21354581,12.21354581,12.21354581,11.35778336,11.35778336,11.35778336,0.929933333,bc,1,1,847.9638333
67,2022-10-25 17:07:17,68,0,12.20233935,12.20233935,12.20233935,11.34736211,11.34736211,11.34736211,0.929933333,bc,1,1,838.5175
68,2022-10-25 17:10:32,69,0,214.9839871,214.9839871,214.9839871,199.9207757,199.9207757,199.9207757,0.929933333,mc,1,1,844.5638333
69,2022-10-25 17:13:52,70,0,216.485071,216.485071,216.485071,201.3166837,201.3166837,201.3166837,0.929933333,mc,0,1,839.8191667
70,2022-10-25 17:17:00,71,0,218.1152903,218.1152903,218.1152903,202.832679,202.832679,202.832679,0.929933333,mc,0,0,836.9061667
71,2022-10-25 17:20:13,72,0,24.64434581,24.64434581,24.64434581,22.91759864,22.91759864,22.91759864,0.929933333,bc,1,1,836.5668333
72,2022-10-25 17:23:22,73,0,24.57070839,24.57070839,24.57070839,22.84912075,22.84912075,22.84912075,0.929933333,bc,1,1,845.6898333
73,2022-10-25 17:26:36,74,0,103.2737806,103.2737806,103.2737806,96.03773108,96.03773108,96.03773108,0.929933333,mc,1,1,837.4946667
74,2022-10-25 17:29:48,75,1,102.8982194,102.8982194,102.8982194,95.68848412,95.68848412,95.68848412,0.929933333,mc,0,0,840.1755
75,2022-10-25 17:32:57,76,1,102.4485677,102.4485677,102.4485677,95.2703381,95.2703381,95.2703381,0.929933333,mc,0,0,836.6091667
76,2022-10-25 17:36:05,77,1,102.3673935,102.3673935,102.3673935,95.19485151,95.19485151,95.19485151,0.929933333,mc,0,0,833.5996667
77,2022-10-25 17:39:21,78,0,52.56069677,52.56069677,52.56069677,48.87794395,48.87794395,48.87794395,0.929933333,mc,1,1,839.5251667
78,2022-10-25 17:42:27,79,0,52.63153548,52.63153548,52.63153548,48.94381923,48.94381923,48.94381923,0.929933333,mc,1,1,835.829
79,2022-10-25 17:45:44,80,0,1019.350452,1019.350452,1019.350452,947.9279633,947.9279633,947.9279633,0.929933333,pc,1,1,834.8261667
80,2022-10-25 17:48:49,81,0,1046.753419,1046.753419,1046.753419,973.4108964,973.4108964,973.4108964,0.929933333,pc,1,1,842.7606667
81,2022-10-25 17:52:10,82,1,1040.221161,1040.221161,1040.221161,967.3363319,967.3363319,967.3363319,0.929933333,pc,0,1,827.733
82,2022-10-25 17:55:19,83,1,1041.600774,1041.600774,1041.600774,968.6192799,968.6192799,968.6192799,0.929933333,pc,0,0,837.8991667
83,2022-10-25 17:58:33,84,1,1044.783871,1044.783871,1044.783871,971.5793477,971.5793477,971.5793477,0.929933333,pc,0,0,828.3141667
84,2022-10-25 18:01:39,85,1,1028.664,1028.664,1028.664,956.5889424,956.5889424,956.5889424,0.929933333,pc,0,0,839.741
85,2022-10-25 18:04:55,86,1,1039.878581,1039.878581,1039.878581,967.0177548,967.0177548,967.0177548,0.929933333,pc,0,0,830.949
86,2022-10-25 18:08:05,87,1,1036.517806,1036.517806,1036.517806,963.8924588,963.8924588,963.8924588,0.929933333,pc,0,0,835.2118333
87,2022-10-25 18:11:22,88,0,84.170832,84.170832,84.170832,78.27326237,78.27326237,78.27326237,0.929933333,mc,1,1,843.1333333
88,2022-10-25 18:14:26,89,0,25.38379742,25.38379742,25.38379742,23.60523935,23.60523935,23.60523935,0.929933333,bc,1,1,838.9191667
89,2022-10-25 18:17:40,90,0,24.83413548,24.83413548,24.83413548,23.09409039,23.09409039,23.09409039,0.929933333,bc,1,1,827.1413333
90,2022-10-25 18:20:42,91,0,0.0,0.0,0.0,0.0,0.0,0.0,0.929933333,None,1,1,826.9448333
91,2022-10-25 18:24:00,92,0,0.0,0.0,0.0,0.0,0.0,0.0,0.929933333,None,1,1,824.632
92,2022-10-25 18:27:08,93,0,0.0,0.0,0.0,0.0,0.0,0.0,0.929933333,None,1,1,831.3966667
93,2022-10-25 18:30:19,94,0,0.0,0.0,0.0,0.0,0.0,0.0,0.929933333,None,0,0,822.9833333
94,2022-10-25 18:33:33,95,0,27.01967226,27.01967226,27.01967226,25.12649389,25.12649389,25.12649389,0.929933333,bc,1,1,830.7455
95,2022-10-25 18:36:54,96,0,467.432129,467.432129,467.432129,434.6807179,434.6807179,434.6807179,0.929933333,pc,1,1,823.8538333
96,2022-10-25 18:40:05,97,0,481.0726452,481.0726452,481.0726452,447.3654885,447.3654885,447.3654885,0.929933333,pc,1,1,828.9695
97,2022-10-25 18:43:26,98,1,489.1889032,489.1889032,489.1889032,454.9130674,454.9130674,454.9130674,0.929933333,pc,0,1,823.3586667
98,2022-10-25 18:46:39,99,1,493.0583226,493.0583226,493.0583226,458.5113694,458.5113694,458.5113694,0.929933333,pc,0,0,826.2011667
99,2022-10-25 18:49:55,100,1,491.688,491.688,491.688,457.2370608,457.2370608,457.2370608,0.929933333,pc,0,0,808.8215
100,2022-10-25 18:53:04,101,0,1.681750452,1.681750452,1.681750452,1.563915803,1.563915803,1.563915803,0.929933333,bc,1,1,831.2705
101,2022-10-25 18:56:23,102,0,1.715395355,1.715395355,1.715395355,1.59520332,1.59520332,1.59520332,0.929933333,bc,1,1,815.664
102,2022-10-25 18:59:32,103,0,26.13966968,26.13966968,26.13966968,24.30815016,24.30815016,24.30815016,0.929933333,bc,1,1,826.1283333
103,2022-10-25 19:02:47,104,1,26.0205329,26.0205329,26.0205329,24.1973609,24.1973609,24.1973609,0.929933333,bc,0,0,820.6406667
104,2022-10-25 19:05:57,105,1,25.74182323,25.74182323,25.74182323,23.93817948,23.93817948,23.93817948,0.929933333,bc,0,0,822.9906667
105,2022-10-25 19:09:08,106,1,25.62805161,25.62805161,25.62805161,23.83237946,23.83237946,23.83237946,0.929933333,bc,0,0,818.5
106,2022-10-25 19:12:19,107,0,149.6315613,149.6315613,149.6315613,139.1473766,139.1473766,139.1473766,0.929933333,mc,1,1,827.8825
107,2022-10-25 19:15:38,108,0,149.710529,149.710529,149.710529,139.2208113,139.2208113,139.2208113,0.929933333,mc,1,1,817.293
108,2022-10-25 19:18:48,109,0,650.5374194,650.5374194,650.5374194,604.9564308,604.9564308,604.9564308,0.929933333,pc,1,1,822.702
109,2022-10-25 19:22:08,110,1,663.4381935,663.4381935,663.4381935,616.9532908,616.9532908,616.9532908,0.929933333,pc,0,1,817.4366667
110,2022-10-25 19:25:20,111,1,668.4956129,668.4956129,668.4956129,621.6563536,621.6563536,621.6563536,0.929933333,pc,0,0,814.7123333
111,2022-10-25 19:28:44,112,1,668.8939355,668.8939355,668.8939355,622.0267671,622.0267671,622.0267671,0.929933333,pc,0,0,813.9813333
112,2022-10-25 19:31:54,113,0,76.0212,76.0212,76.0212,70.69464792,70.69464792,70.69464792,0.929933333,mc,1,1,817.1586667
113,2022-10-25 19:35:15,114,0,75.42650323,75.42650323,75.42650323,70.14161957,70.14161957,70.14161957,0.929933333,mc,1,1,809.8575
114,2022-10-25 19:38:29,115,0,6.403215484,6.403215484,6.403215484,5.954563519,5.954563519,5.954563519,0.929933333,bc,1,1,839.2616667
115,2022-10-25 19:41:50,116,0,354.3450968,354.3450968,354.3450968,329.517317,329.517317,329.517317,0.929933333,pc,1,1,833.6355
116,2022-10-25 19:45:00,117,1,358.2923226,358.2923226,358.2923226,333.1879738,333.1879738,333.1879738,0.929933333,pc,0,1,829.2423333
117,2022-10-25 19:48:12,118,1,363.8473548,363.8473548,363.8473548,338.3537835,338.3537835,338.3537835,0.929933333,pc,0,0,831.337
118,2022-10-25 19:51:25,119,0,8.997944516,8.997944516,8.997944516,8.367488537,8.367488537,8.367488537,0.929933333,bc,1,1,833.2051667
119,2022-10-25 19:54:38,120,1,8.969864516,8.969864516,8.969864516,8.341376009,8.341376009,8.341376009,0.929933333,bc,0,0,831.0528333
120,2022-10-25 19:57:45,121,1,8.922123871,8.922123871,8.922123871,8.296980392,8.296980392,8.296980392,0.929933333,bc,0,0,828.4545
121,2022-10-25 20:01:02,122,1,149.9559097,149.9559097,149.9559097,139.4489989,139.4489989,139.4489989,0.929933333,mc,0,1,824.3815
122,2022-10-25 20:04:13,123,1,149.6405032,149.6405032,149.6405032,139.155692,139.155692,139.155692,0.929933333,mc,0,0,831.6073333
123,2022-10-25 20:07:27,124,1,149.6917161,149.6917161,149.6917161,139.2033166,139.2033166,139.2033166,0.929933333,mc,0,0,812.6995
124,2022-10-25 20:10:31,125,1,149.5008,149.5008,149.5008,139.0257773,139.0257773,139.0257773,0.929933333,mc,0,0,827.1835
125,2022-10-25 20:13:50,126,0,0.0,0.0,0.0,0.0,0.0,0.0,0.929933333,None,1,1,832.777
126,2022-10-25 20:16:56,127,0,0.0,0.0,0.0,0.0,0.0,0.0,0.929933333,None,1,1,826.2186667
127,2022-10-25 20:20:10,128,0,3.420620129,3.420620129,3.420620129,3.180948679,3.180948679,3.180948679,0.929933333,bc,1,1,822.3685
128,2022-10-25 20:23:22,129,0,79.10175484,79.10175484,79.10175484,73.55935855,73.55935855,73.55935855,0.929933333,mc,1,1,829.9938333
129,2022-10-25 20:26:35,130,1,78.89934194,78.89934194,78.89934194,73.37112804,73.37112804,73.37112804,0.929933333,mc,0,1,825.8281667
130,2022-10-25 20:29:41,131,1,78.5376,78.5376,78.5376,73.03473216,73.03473216,73.03473216,0.929933333,mc,0,1,824.2445
131,2022-10-25 20:33:02,132,1,78.48209032,78.48209032,78.48209032,72.98311186,72.98311186,72.98311186,0.929933333,mc,0,0,821.5538333
132,2022-10-26 16:39:47,133,0,0.0,0.0,0.0,0.0,0.0,0.0,0.929933333,None,0,0,833.4833333
133,2022-10-26 16:42:57,134,0,0.0,0.0,0.0,0.0,0.0,0.0,0.929933333,None,0,0,840.8468333
134,2022-10-26 16:46:11,135,0,1.231453161,1.231453161,1.231453161,1.145169343,1.145169343,1.145169343,0.929933333,bc,1,1,830.5253333
135,2022-10-26 16:49:19,136,1,1.178610968,1.178610968,1.178610968,1.096029626,1.096029626,1.096029626,0.929933333,bc,0,0,847.221
136,2022-10-26 16:52:32,137,1,1.151472774,1.151472774,1.151472774,1.070792915,1.070792915,1.070792915,0.929933333,bc,0,0,844.7373333
137,2022-10-26 16:55:40,138,0,7.252083871,7.252083871,7.252083871,6.743954528,6.743954528,6.743954528,0.929933333,bc,1,1,846.7033333
138,2022-10-26 16:58:46,139,0,7.229380645,7.229380645,7.229380645,6.722842041,6.722842041,6.722842041,0.929933333,bc,1,1,845.4638333
139,2022-10-26 17:11:57,140,0,0.0,0.0,0.0,0.0,0.0,0.0,0.929933333,None,0,0,842.2985
140,2022-10-26 17:15:07,141,0,4.321126452,4.321126452,4.321126452,4.018359525,4.018359525,4.018359525,0.929933333,bc,1,1,845.6821667
141,2022-10-26 17:18:19,142,0,2.119663742,2.119663742,2.119663742,1.971145969,1.971145969,1.971145969,0.929933333,bc,1,1,848.6136667
142,2022-10-26 17:21:30,143,0,2.10831329,2.10831329,2.10831329,1.960590806,1.960590806,1.960590806,0.929933333,bc,1,1,847.076
143,2022-10-26 17:24:44,144,0,1.681009548,1.681009548,1.681009548,1.563226813,1.563226813,1.563226813,0.929933333,bc,1,1,857.7635
144,2022-10-26 17:27:48,145,0,4.086545806,4.086545806,4.086545806,3.800215164,3.800215164,3.800215164,0.929933333,bc,1,1,851.1598333
145,2022-10-26 17:30:56,146,0,62.75101935,62.75101935,62.75101935,58.3542646,58.3542646,58.3542646,0.929933333,mc,1,1,852.1096667
146,2022-10-26 17:34:04,147,0,62.83172903,62.83172903,62.83172903,58.42931922,58.42931922,58.42931922,0.929933333,mc,0,1,854.639
147,2022-10-26 17:37:15,148,0,62.71931613,62.71931613,62.71931613,58.32478271,58.32478271,58.32478271,0.929933333,mc,0,0,854.7648333
148,2022-10-26 17:40:28,149,0,62.43630968,62.43630968,62.43630968,58.06160558,58.06160558,58.06160558,0.929933333,mc,0,0,850.5083333
149,2022-10-26 17:43:43,150,0,93.15394839,93.15394839,93.15394839,86.62696174,86.62696174,86.62696174,0.929933333,mc,1,1,850.594
150,2022-10-26 17:46:51,151,0,92.94909677,92.94909677,92.94909677,86.43646339,86.43646339,86.43646339,0.929933333,mc,0,0,843.4751667
151,2022-10-26 17:50:02,152,0,92.8152,92.8152,92.8152,86.31194832,86.31194832,86.31194832,0.929933333,mc,0,0,843.856
152,2022-10-26 17:53:09,153,0,77.61181935,77.61181935,77.61181935,72.17381788,72.17381788,72.17381788,0.929933333,mc,0,1,836.0728333
153,2022-10-26 17:56:19,154,0,77.7915871,77.7915871,77.7915871,72.34098989,72.34098989,72.34098989,0.929933333,mc,0,0,838.719
154,2022-10-26 17:59:29,155,0,77.75036129,77.75036129,77.75036129,72.30265264,72.30265264,72.30265264,0.929933333,mc,0,0,834.1268333
155,2022-10-26 18:02:42,156,0,1069.188387,1069.188387,1069.188387,994.2739208,994.2739208,994.2739208,0.929933333,pc,1,1,840.2538333
156,2022-10-26 18:05:48,157,0,1104.617032,1104.617032,1104.617032,1027.220199,1027.220199,1027.220199,0.929933333,pc,0,0,840.777
157,2022-10-26 18:08:58,158,0,1099.21471,1099.21471,1099.21471,1022.196399,1022.196399,1022.196399,0.929933333,pc,0,0,839.8108333
158,2022-10-26 18:12:04,159,0,1108.609548,1108.609548,1108.609548,1030.932973,1030.932973,1030.932973,0.929933333,pc,0,0,837.4845
159,2022-10-26 18:15:16,160,0,1097.260258,1097.260258,1097.260258,1020.378889,1020.378889,1020.378889,0.929933333,pc,0,0,847.1793333
160,2022-10-26 18:18:27,161,0,1099.362194,1099.362194,1099.362194,1022.333549,1022.333549,1022.333549,0.929933333,pc,0,0,836.8438333
161,2022-10-26 18:21:39,162,0,1081.011484,1081.011484,1081.011484,1005.268613,1005.268613,1005.268613,0.929933333,pc,0,0,839.8858333
162,2022-10-26 18:24:48,163,0,1069.412516,1069.412516,1069.412516,994.4823458,994.4823458,994.4823458,0.929933333,pc,0,0,827.902
163,2022-10-26 18:28:02,164,0,1076.794839,1076.794839,1076.794839,1001.347414,1001.347414,1001.347414,0.929933333,pc,0,0,847.9436667
164,2022-10-26 18:31:09,165,0,1055.285419,1055.285419,1055.285419,981.3450876,981.3450876,981.3450876,0.929933333,pc,0,0,839.1471667
165,2022-10-26 18:34:18,166,0,0.0,0.0,0.0,0.0,0.0,0.0,0.929933333,None,1,1,836.0151667
166,2022-10-26 18:37:29,167,0,0.0,0.0,0.0,0.0,0.0,0.0,0.929933333,None,1,1,840.3583333
167,2022-10-26 18:40:38,168,0,0.0,0.0,0.0,0.0,0.0,0.0,0.929933333,None,1,1,838.285
168,2022-10-26 18:43:47,169,0,0.0,0.0,0.0,0.0,0.0,0.0,0.929933333,None,0,0,831.59
169,2022-10-26 18:46:59,170,0,0.0,0.0,0.0,0.0,0.0,0.0,0.929933333,None,0,0,844.4871667
170,2022-10-26 18:50:03,171,1,0.997133226,0.997133226,0.997133226,0.927267424,0.927267424,0.927267424,0.929933333,bc,0,1,836.5715
171,2022-10-26 18:53:16,172,1,0.946589806,0.946589806,0.946589806,0.880265414,0.880265414,0.880265414,0.929933333,bc,0,1,829.7791667
172,2022-10-26 18:56:27,173,1,0.917574387,0.917574387,0.917574387,0.853283008,0.853283008,0.853283008,0.929933333,bc,0,1,831.1628333
173,2022-10-26 18:59:36,174,1,0.888950903,0.888950903,0.888950903,0.826665077,0.826665077,0.826665077,0.929933333,bc,0,0,832.6231667
174,2022-10-26 19:02:45,175,1,0.868494194,0.868494194,0.868494194,0.8076417,0.8076417,0.8076417,0.929933333,bc,0,0,826.4965
175,2022-10-26 19:05:52,176,0,4.421578065,4.421578065,4.421578065,4.111772828,4.111772828,4.111772828,0.929933333,bc,1,1,824.9905
176,2022-10-26 19:09:02,177,1,4.459877419,4.459877419,4.459877419,4.147388675,4.147388675,4.147388675,0.929933333,bc,0,1,827.6481667
177,2022-10-26 19:12:11,178,1,4.440251613,4.440251613,4.440251613,4.129137983,4.129137983,4.129137983,0.929933333,bc,0,0,836.233
178,2022-10-26 19:15:23,179,1,4.427396129,4.427396129,4.427396129,4.11718324,4.11718324,4.11718324,0.929933333,bc,0,0,824.7331667
179,2022-10-26 19:18:36,180,0,3.538381935,3.538381935,3.538381935,3.290459308,3.290459308,3.290459308,0.929933333,bc,1,1,827.5441667
180,2022-10-26 19:21:47,181,0,3.520283226,3.520283226,3.520283226,3.273628714,3.273628714,3.273628714,0.929933333,bc,1,1,827.1505
181,2022-10-26 19:25:03,182,0,0.724146968,0.724146968,0.724146968,0.673408404,0.673408404,0.673408404,0.929933333,bc,1,1,831.007
182,2022-10-26 19:28:08,183,0,0.718202323,0.718202323,0.718202323,0.66788028,0.66788028,0.66788028,0.929933333,bc,0,0,828.5158333
183,2022-10-26 19:31:15,184,0,0.716960903,0.716960903,0.716960903,0.666725843,0.666725843,0.666725843,0.929933333,bc,0,0,825.0346667
184,2022-10-26 19:34:27,185,0,0.701766581,0.701766581,0.701766581,0.652596136,0.652596136,0.652596136,0.929933333,bc,0,0,824.2085
185,2022-10-26 19:37:39,186,0,0.693660774,0.693660774,0.693660774,0.645058276,0.645058276,0.645058276,0.929933333,bc,0,0,832.5526667
186,2022-10-26 19:40:57,187,0,1.760463871,1.760463871,1.760463871,1.637114036,1.637114036,1.637114036,0.929933333,bc,1,1,822.1238333
187,2022-10-26 19:44:08,188,0,1.766634968,1.766634968,1.766634968,1.642852744,1.642852744,1.642852744,0.929933333,bc,1,1,823.7578333
188,2022-10-26 19:47:23,189,0,1.747009161,1.747009161,1.747009161,1.624602053,1.624602053,1.624602053,0.929933333,bc,0,0,815.713
189,2022-10-26 19:50:33,190,0,82.75575484,82.75575484,82.75575484,76.95733495,76.95733495,76.95733495,0.929933333,mc,1,1,825.9215
190,2022-10-26 19:53:44,191,0,82.9503871,82.9503871,82.9503871,77.13832997,77.13832997,77.13832997,0.929933333,mc,1,1,817.6685
191,2022-10-26 19:56:54,192,0,82.8648,82.8648,82.8648,77.05873968,77.05873968,77.05873968,0.929933333,mc,1,1,824.541
192,2022-10-26 20:00:05,193,0,49.14313548,49.14313548,49.14313548,45.69983979,45.69983979,45.69983979,0.929933333,mc,1,1,823.2768333
193,2022-10-26 20:03:11,194,1,49.12652903,49.12652903,49.12652903,45.6843969,45.6843969,45.6843969,0.929933333,mc,0,0,818.377
194,2022-10-26 20:06:18,195,1,49.15544516,49.15544516,49.15544516,45.71128697,45.71128697,45.71128697,0.929933333,mc,0,0,821.7685
195,2022-10-26 20:09:25,196,0,74.81624516,74.81624516,74.81624516,69.57412025,69.57412025,69.57412025,0.929933333,mc,1,1,883.2583333
196,2022-10-26 20:12:35,197,0,12.89621032,12.89621032,12.89621032,11.99261585,11.99261585,11.99261585,0.929933333,bc,1,1,821.1746667
197,2022-10-26 20:15:42,198,1,12.81516387,12.81516387,12.81516387,11.91724806,11.91724806,11.91724806,0.929933333,bc,0,0,829.2426667
198,2022-10-26 20:18:51,199,1,12.75575226,12.75575226,12.75575226,11.86199922,11.86199922,11.86199922,0.929933333,bc,0,0,813.687
199,2022-10-26 20:22:00,200,1,12.73195742,12.73195742,12.73195742,11.8398716,11.8398716,11.8398716,0.929933333,bc,0,0,820.4173333
200,2022-10-26 20:25:08,201,0,8.719536774,8.719536774,8.719536774,8.108587898,8.108587898,8.108587898,0.929933333,bc,1,1,815.7128333
201,2022-10-26 20:28:19,202,0,6.707461935,6.707461935,6.707461935,6.237492436,6.237492436,6.237492436,0.929933333,bc,1,1,823.132
202,2022-10-26 20:31:31,203,0,6.67395871,6.67395871,6.67395871,6.206336669,6.206336669,6.206336669,0.929933333,bc,1,1,797.2601667
203,2022-10-26 20:34:42,204,0,7.473588387,7.473588387,7.473588387,6.949938961,6.949938961,6.949938961,0.929933333,bc,1,1,812.7208333
204,2022-10-26 20:37:47,205,0,2.979146323,2.979146323,2.979146323,2.77040747,2.77040747,2.77040747,0.929933333,bc,1,1,801.172
205,2022-10-26 20:40:55,206,0,2.949355742,2.949355742,2.949355742,2.742704216,2.742704216,2.742704216,0.929933333,bc,1,1,813.3106667
206,2022-10-27 16:37:24,207,1,0.0,0.0,0.0,0.0,0.0,0.0,0.929933333,None,0,0,861.3895
207,2022-10-27 16:40:46,208,0,4.594099355,4.594099355,4.594099355,4.272206127,4.272206127,4.272206127,0.929933333,bc,1,1,851.4993333
208,2022-10-27 16:43:54,209,0,7.165904516,7.165904516,7.165904516,6.663813473,6.663813473,6.663813473,0.929933333,bc,1,1,865.3398333
209,2022-10-27 16:47:11,210,0,7.073419355,7.073419355,7.073419355,6.577808439,6.577808439,6.577808439,0.929933333,bc,1,1,848.8765
210,2022-10-27 16:50:18,211,0,7.392507097,7.392507097,7.392507097,6.874538766,6.874538766,6.874538766,0.929933333,bc,1,1,866.4733333
211,2022-10-27 16:53:38,212,0,7.357865806,7.357865806,7.357865806,6.842324676,6.842324676,6.842324676,0.929933333,bc,0,0,858.2713333
212,2022-10-27 16:56:41,213,0,3.508108258,3.508108258,3.508108258,3.262306806,3.262306806,3.262306806,0.929933333,bc,1,1,855.789
213,2022-10-27 17:00:01,214,0,0.778955226,0.778955226,0.778955226,0.72437643,0.72437643,0.72437643,0.929933333,bc,1,1,860.3996667
214,2022-10-27 17:03:09,215,0,2.380786839,2.380786839,2.380786839,2.213973041,2.213973041,2.213973041,0.929933333,bc,1,1,854.5998333
215,2022-10-27 17:06:28,216,1,2.377649032,2.377649032,2.377649032,2.21105509,2.21105509,2.21105509,0.929933333,bc,0,0,851.7631667
216,2022-10-27 17:09:35,217,1,2.350564258,2.350564258,2.350564258,2.185868056,2.185868056,2.185868056,0.929933333,bc,0,0,848.1445
217,2022-10-27 17:12:53,218,0,33.5981729,33.5981729,33.5981729,31.24406092,31.24406092,31.24406092,0.929933333,bc,0,1,860.8965
218,2022-10-27 17:15:57,219,0,33.75654968,33.75654968,33.75654968,31.39134076,31.39134076,31.39134076,0.929933333,bc,0,0,854.2853333
219,2022-10-27 17:19:13,220,0,0.0,0.0,0.0,0.0,0.0,0.0,0.929933333,bc,1,1,862.2271667
220,2022-10-27 17:22:21,221,0,8.353451613,8.353451613,8.353451613,7.768153103,7.768153103,7.768153103,0.929933333,bc,0,0,854.883
221,2022-10-27 17:25:47,222,0,8.293738065,8.293738065,8.293738065,7.712623484,7.712623484,7.712623484,0.929933333,bc,0,0,857.8903333
222,2022-10-27 17:28:58,223,0,8.280882581,8.280882581,8.280882581,7.700668741,7.700668741,7.700668741,0.929933333,bc,0,0,858.025
223,2022-10-27 17:32:16,224,0,4.67396129,4.67396129,4.67396129,4.346472403,4.346472403,4.346472403,0.929933333,bc,0,1,857.4053333
224,2022-10-27 17:35:24,225,0,4.663846452,4.663846452,4.663846452,4.337066277,4.337066277,4.337066277,0.929933333,bc,0,0,858.3998333
225,2022-10-27 17:38:48,226,0,4.659061935,4.659061935,4.659061935,4.332616996,4.332616996,4.332616996,0.929933333,bc,0,0,854.2665
226,2022-10-27 17:41:52,227,0,4.654091613,4.654091613,4.654091613,4.327994927,4.327994927,4.327994927,0.929933333,bc,0,0,859.4193333
227,2022-10-27 17:45:13,228,0,24.77501419,24.77501419,24.77501419,23.03911153,23.03911153,23.03911153,0.929933333,bc,0,0,854.8303333
228,2022-10-27 17:48:22,229,0,24.79192258,24.79192258,24.79192258,23.05483521,23.05483521,23.05483521,0.929933333,bc,0,0,863.5095
229,2022-10-27 17:51:41,230,0,24.8303729,24.8303729,24.8303729,23.09059144,23.09059144,23.09059144,0.929933333,bc,0,0,844.431
230,2022-10-27 17:54:46,231,1,1.460076387,1.460076387,1.460076387,1.357773702,1.357773702,1.357773702,0.929933333,bc,0,0,856.7495
231,2022-10-27 17:58:03,232,1,6.22251871,6.22251871,6.22251871,5.786527565,5.786527565,5.786527565,0.929933333,bc,0,0,843.7665
232,2022-10-27 18:01:09,233,1,6.21648,6.21648,6.21648,5.780911968,5.780911968,5.780911968,0.929933333,bc,0,0,854.9166667
233,2022-10-27 18:04:29,234,1,6.202068387,6.202068387,6.202068387,5.767510129,5.767510129,5.767510129,0.929933333,bc,0,0,846.0041667
234,2022-10-27 18:07:44,235,1,549.1230968,549.1230968,549.1230968,510.6478718,510.6478718,510.6478718,0.929933333,pc,0,0,856.9305
235,2022-10-27 18:11:05,236,1,562.9633548,562.9633548,562.9633548,523.5183891,523.5183891,523.5183891,0.929933333,pc,0,0,842.141
236,2022-10-27 18:14:15,237,1,565.6494194,565.6494194,565.6494194,526.01625,526.01625,526.01625,0.929933333,pc,0,0,846.9553333
237,2022-10-27 18:17:51,238,1,565.7980645,565.7980645,565.7980645,526.1544801,526.1544801,526.1544801,0.929933333,pc,0,0,855.4025
238,2022-10-27 18:20:58,239,1,568.1461935,568.1461935,568.1461935,528.3380836,528.3380836,528.3380836,0.929933333,pc,0,0,857.798
239,2022-10-27 18:24:26,240,1,564.3940645,564.3940645,564.3940645,524.8488537,524.8488537,524.8488537,0.929933333,pc,0,0,862.7391667
240,2022-10-27 18:27:36,241,1,563.2049032,563.2049032,563.2049032,523.743013,523.743013,523.743013,0.929933333,pc,0,0,862.3995
241,2022-10-27 18:31:02,242,0,0.0,0.0,0.0,0.0,0.0,0.0,0.929933333,None,1,1,855.2525
242,2022-10-27 18:34:10,243,0,0.0,0.0,0.0,0.0,0.0,0.0,0.929933333,None,0,0,864.5958333
243,2022-10-27 18:37:32,244,0,2.888875742,2.888875742,2.888875742,2.686461848,2.686461848,2.686461848,0.929933333,bc,0,0,861.9053333
244,2022-10-27 18:40:34,245,0,2.741864516,2.741864516,2.741864516,2.549751209,2.549751209,2.549751209,0.929933333,bc,0,0,863.9618333
245,2022-10-27 18:43:55,246,0,12.24552774,12.24552774,12.24552774,11.38752443,11.38752443,11.38752443,0.929933333,bc,0,0,875.2036667
246,2022-10-27 18:47:05,247,0,12.14768903,12.14768903,12.14768903,11.29654095,11.29654095,11.29654095,0.929933333,bc,0,0,868.4245
247,2022-10-27 18:50:27,248,0,12.24329806,12.24329806,12.24329806,11.38545098,11.38545098,11.38545098,0.929933333,bc,0,0,849.7413333
248,2022-10-27 18:53:33,249,1,6.966313548,6.966313548,6.966313548,6.478207179,6.478207179,6.478207179,0.929933333,bc,0,0,850.8818333
249,2022-10-27 18:56:59,250,0,15.02036129,15.02036129,15.02036129,13.96793464,13.96793464,13.96793464,0.929933333,bc,0,0,851.5173333
250,2022-10-27 19:00:06,251,0,14.99405806,14.99405806,14.99405806,13.9434744,13.9434744,13.9434744,0.929933333,bc,0,0,845.7591667
251,2022-10-27 19:03:30,252,1,23.40929032,23.40929032,23.40929032,21.76907938,21.76907938,21.76907938,0.929933333,bc,0,0,843.2838333
252,2022-10-27 19:06:40,253,1,16.82174323,16.82174323,16.82174323,15.64309975,15.64309975,15.64309975,0.929933333,bc,0,0,849.855
253,2022-10-27 19:10:01,254,1,16.78970323,16.78970323,16.78970323,15.61330469,15.61330469,15.61330469,0.929933333,bc,0,0,834.6001667
254,2022-10-27 19:13:12,255,0,2.321804903,2.321804903,2.321804903,2.159123773,2.159123773,2.159123773,0.929933333,bc,0,0,850.3201667
255,2022-10-27 19:16:40,256,0,2.303004774,2.303004774,2.303004774,2.141640906,2.141640906,2.141640906,0.929933333,bc,0,0,842.0638333
256,2022-10-27 19:19:47,257,1,11.04930581,11.04930581,11.04930581,10.27511778,10.27511778,10.27511778,0.929933333,bc,0,0,852.3535
257,2022-10-27 19:23:16,258,1,11.03616,11.03616,11.03616,10.26289306,10.26289306,10.26289306,0.929933333,bc,0,0,839.8556667
258,2022-10-27 19:26:22,259,1,11.01361935,11.01361935,11.01361935,10.24193176,10.24193176,10.24193176,0.929933333,bc,0,0,851.6708333
259,2022-10-27 19:29:32,260,1,11.00477032,11.00477032,11.00477032,10.23370275,10.23370275,10.23370275,0.929933333,bc,0,0,841.9128333
260,2022-10-27 19:32:37,261,1,11.01408387,11.01408387,11.01408387,10.24236373,10.24236373,10.24236373,0.929933333,bc,0,0,854.8828333
261,2022-10-27 19:35:58,262,0,0.975704516,0.975704516,0.975704516,0.907340153,0.907340153,0.907340153,0.929933333,bc,0,0,842.4343333
262,2022-10-27 19:39:05,263,0,0.971082581,0.971082581,0.971082581,0.903042061,0.903042061,0.903042061,0.929933333,bc,0,0,843.1695
263,2022-10-27 19:42:36,264,0,0.970939742,0.970939742,0.970939742,0.902909231,0.902909231,0.902909231,0.929933333,bc,0,0,838.9365
264,2022-10-27 19:45:42,265,0,0.974081032,0.974081032,0.974081032,0.905830421,0.905830421,0.905830421,0.929933333,bc,0,0,847.5038333
265,2022-10-27 19:49:01,266,0,0.0,0.0,0.0,0.0,0.0,0.0,0.929933333,None,0,0,842.8643333
266,2022-10-27 19:52:09,267,0,0.0,0.0,0.0,0.0,0.0,0.0,0.929933333,None,0,0,845.5945
267,2022-10-27 19:55:23,268,0,0.0,0.0,0.0,0.0,0.0,0.0,0.929933333,None,0,0,844.2271667
268,2022-10-27 19:58:28,269,0,0.0,0.0,0.0,0.0,0.0,0.0,0.929933333,None,0,0,848.884
269,2022-10-27 20:01:42,270,0,0.0,0.0,0.0,0.0,0.0,0.0,0.929933333,None,0,0,842.2206667
270,2022-10-27 20:04:44,271,0,0.671650839,0.671650839,0.671650839,0.624590503,0.624590503,0.624590503,0.929933333,bc,0,0,851.0126667
271,2022-10-27 20:08:04,272,0,26.70540387,26.70540387,26.70540387,24.83424524,24.83424524,24.83424524,0.929933333,bc,0,0,842.0893333
272,2022-10-27 20:11:03,273,0,19.80607355,19.80607355,19.80607355,18.418328,18.418328,18.418328,0.929933333,bc,1,1,840.8405
273,2022-10-27 20:14:19,274,0,0.0,0.0,0.0,0.0,0.0,0.0,0.929933333,None,1,1,840.512
274,2022-10-28 16:41:12,275,0,7.489474839,7.489474839,7.489474839,6.964712302,6.964712302,6.964712302,0.929933333,bc,1,1,843.025
275,2022-10-28 16:44:23,276,0,6.374125161,6.374125161,6.374125161,5.927511458,5.927511458,5.927511458,0.929933333,bc,0,0,846.6145
276,2022-10-28 16:47:43,277,0,3.165282581,3.165282581,3.165282581,2.943501781,2.943501781,2.943501781,0.929933333,bc,1,1,846.5965
277,2022-10-28 16:50:54,278,1,3.108339871,3.108339871,3.108339871,2.890548857,2.890548857,2.890548857,0.929933333,bc,0,0,844.441
278,2022-10-28 16:54:17,279,1,3.083818065,3.083818065,3.083818065,2.867745212,2.867745212,2.867745212,0.929933333,bc,0,0,842.422
279,2022-10-28 16:57:26,280,1,3.082104,3.082104,3.082104,2.866151246,2.866151246,2.866151246,0.929933333,bc,0,0,847.2853333
280,2022-10-28 17:00:47,281,0,19.85943484,19.85943484,19.85943484,18.46795044,18.46795044,18.46795044,0.929933333,bc,1,1,841.1545
281,2022-10-28 17:03:52,282,0,19.92019355,19.92019355,19.92019355,18.52445199,18.52445199,18.52445199,0.929933333,bc,0,0,845.3403333
282,2022-10-28 17:07:10,283,0,0.0,0.0,0.0,0.0,0.0,0.0,0.929933333,None,1,1,847.3558333
283,2022-10-28 17:10:18,284,0,1.48967071,1.48967071,1.48967071,1.385294449,1.385294449,1.385294449,0.929933333,bc,1,1,845.2395
284,2022-10-28 17:13:39,285,0,1.459138065,1.459138065,1.459138065,1.356901124,1.356901124,1.356901124,0.929933333,bc,0,0,849.9023333
285,2022-10-28 17:16:45,286,0,1.454917935,1.454917935,1.454917935,1.352976685,1.352976685,1.352976685,0.929933333,bc,0,0,844.8031667
286,2022-10-28 17:20:05,287,0,1.438519355,1.438519355,1.438519355,1.337727099,1.337727099,1.337727099,0.929933333,bc,0,0,853.6415
287,2022-10-28 17:23:07,288,0,1.424233161,1.424233161,1.424233161,1.324441891,1.324441891,1.324441891,0.929933333,bc,0,0,855.157
288,2022-10-28 17:26:29,289,0,2.572680774,2.572680774,2.572680774,2.392421608,2.392421608,2.392421608,0.929933333,bc,1,1,852.6273333
289,2022-10-28 17:29:31,290,0,6.052796129,6.052796129,6.052796129,5.62869688,5.62869688,5.62869688,0.929933333,bc,1,1,865.5376667
290,2022-10-28 17:32:54,291,0,10.19000903,10.19000903,10.19000903,9.476029066,9.476029066,9.476029066,0.929933333,bc,1,1,852.9441667
291,2022-10-28 17:35:58,292,1,10.16578452,10.16578452,10.16578452,9.453501881,9.453501881,9.453501881,0.929933333,bc,0,0,847.9053333
292,2022-10-28 17:39:22,293,1,10.16905935,10.16905935,10.16905935,9.456547263,9.456547263,9.456547263,0.929933333,bc,0,0,865.5618333
293,2022-10-28 17:42:30,294,1,18.59576516,18.59576516,18.59576516,17.29282188,17.29282188,17.29282188,0.929933333,bc,0,0,849.1333333
294,2022-10-28 17:45:59,295,1,18.58263097,18.58263097,18.58263097,17.28060796,17.28060796,17.28060796,0.929933333,bc,0,0,850.0116667
295,2022-10-28 17:49:04,296,0,7.942157419,7.942157419,7.942157419,7.385676923,7.385676923,7.385676923,0.929933333,bc,1,1,864.502
296,2022-10-28 17:52:29,297,0,465.5949677,465.5949677,465.5949677,432.9722803,432.9722803,432.9722803,0.929933333,pc,1,1,853.0395
297,2022-10-28 17:55:28,298,1,452.4619355,452.4619355,452.4619355,420.7594359,420.7594359,420.7594359,0.929933333,pc,0,0,846.1086667
298,2022-10-28 17:58:53,299,0,7.711246452,7.711246452,7.711246452,7.170945117,7.170945117,7.170945117,0.929933333,bc,1,1,889.136
299,2022-10-28 18:01:57,300,0,616.1109677,616.1109677,616.1109677,572.9421259,572.9421259,572.9421259,0.929933333,pc,0,1,858.9415
300,2022-10-28 18:05:17,301,0,627.1989677,627.1989677,627.1989677,583.2532267,583.2532267,583.2532267,0.929933333,pc,0,0,845.4526667
301,2022-10-28 18:08:17,302,0,9.526018065,9.526018065,9.526018065,8.858561732,8.858561732,8.858561732,0.929933333,bc,0,0,844.9303333
302,2022-10-28 18:11:40,303,1,513.0894194,513.0894194,513.0894194,477.138954,477.138954,477.138954,0.929933333,pc,0,0,914.6238333
303,2022-10-28 18:14:43,304,1,518.5939355,518.5939355,518.5939355,482.2577871,482.2577871,482.2577871,0.929933333,pc,0,0,842.4421667
304,2022-10-28 18:18:04,305,0,12.0525329,12.0525329,12.0525329,11.2080521,11.2080521,11.2080521,0.929933333,bc,1,1,897.079
305,2022-10-28 18:21:11,306,0,11.63012516,11.63012516,11.63012516,10.81524106,10.81524106,10.81524106,0.929933333,bc,1,1,843.5508333
306,2022-10-28 18:24:28,307,0,1163.068258,1163.068258,1163.068258,1081.575942,1081.575942,1081.575942,0.929933333,pc,0,0,967.3586667
307,2022-10-28 18:27:33,308,0,1173.076258,1173.076258,1173.076258,1090.882715,1090.882715,1090.882715,0.929933333,pc,0,0,852.6286667
308,2022-10-28 18:30:56,309,0,0.0,0.0,0.0,0.0,0.0,0.0,0.929933333,None,1,1,860.4746667
309,2022-10-28 18:33:58,310,1,10.21266581,10.21266581,10.21266581,9.497098356,9.497098356,9.497098356,0.929933333,bc,0,0,847.6256667
310,2022-10-28 18:37:13,311,1,807.8922581,807.8922581,807.8922581,751.2859405,751.2859405,751.2859405,0.929933333,pc,0,0,881.7716667
311,2022-10-28 18:40:19,312,1,819.5202581,819.5202581,819.5202581,762.0992053,762.0992053,762.0992053,0.929933333,pc,0,0,836.5505
312,2022-10-28 18:43:39,313,1,5.783028387,5.783028387,5.783028387,5.377830865,5.377830865,5.377830865,0.929933333,bc,0,1,869.154
313,2022-10-28 18:46:48,314,0,10.19803355,10.19803355,10.19803355,9.483491331,9.483491331,9.483491331,0.929933333,bc,1,1,842.6451667
314,2022-10-28 18:49:59,315,0,1.078468258,1.078468258,1.078468258,1.002903582,1.002903582,1.002903582,0.929933333,bc,1,1,854.9016667
315,2022-10-28 18:53:00,316,0,0.0,0.0,0.0,0.0,0.0,0.0,0.929933333,None,0,0,832.9665
316,2022-10-28 18:56:18,317,0,18.54976645,18.54976645,18.54976645,17.25004615,17.25004615,17.25004615,0.929933333,bc,0,0,842.736
317,2022-10-28 18:59:28,318,1,323.5892516,323.5892516,323.5892516,300.9164314,300.9164314,300.9164314,0.929933333,mc,0,1,836.5101667
318,2022-10-28 19:02:55,319,1,327.4944387,327.4944387,327.4944387,304.547995,304.547995,304.547995,0.929933333,mc,0,0,847.3876667
319,2022-10-28 19:06:02,320,0,14.34639484,14.34639484,14.34639484,13.34119077,13.34119077,13.34119077,0.929933333,bc,1,1,833.261
320,2022-10-28 19:09:20,321,0,13.97436387,13.97436387,13.97436387,12.99522678,12.99522678,12.99522678,0.929933333,bc,0,0,837.395
321,2022-10-28 19:12:31,322,0,0.0,0.0,0.0,0.0,0.0,0.0,0.929933333,None,1,1,842.984
322,2022-10-28 19:15:56,323,1,0.0,0.0,0.0,0.0,0.0,0.0,0.929933333,None,0,0,838.7676667
323,2022-10-28 19:19:00,324,0,0.0,0.0,0.0,0.0,0.0,0.0,0.929933333,None,0,0,845.9703333
324,2022-10-28 19:22:18,325,1,7.981501935,7.981501935,7.981501935,7.4222647,7.4222647,7.4222647,0.929933333,bc,0,0,847.065
325,2022-10-28 19:25:27,326,1,7.966927742,7.966927742,7.966927742,7.408711671,7.408711671,7.408711671,0.929933333,bc,0,0,850.3343333
326,2022-10-28 19:28:42,327,0,61.91605161,61.91605161,61.91605161,57.57780026,57.57780026,57.57780026,0.929933333,mc,1,1,845.7265
327,2022-10-28 19:31:54,328,1,61.65534194,61.65534194,61.65534194,57.33535764,57.33535764,57.33535764,0.929933333,mc,0,0,843.5883333
328,2022-10-28 19:35:11,329,0,50.31789677,50.31789677,50.31789677,46.79228947,46.79228947,46.79228947,0.929933333,mc,1,1,846.0373333
329,2022-10-28 19:38:25,330,0,49.89054194,49.89054194,49.89054194,46.39487796,46.39487796,46.39487796,0.929933333,mc,1,1,840.308
330,2022-10-28 19:41:54,331,0,495.5945806,495.5945806,495.5945806,460.8699204,460.8699204,460.8699204,0.929933333,pc,1,1,850.9971667
331,2022-10-28 19:45:08,332,0,513.0789677,513.0789677,513.0789677,477.1292347,477.1292347,477.1292347,0.929933333,pc,0,1,839.4785
332,2022-10-28 19:48:31,333,0,55.08685161,55.08685161,55.08685161,51.22709954,51.22709954,51.22709954,0.929933333,mc,1,1,848.3306667
333,2022-10-28 19:51:37,334,1,54.26396129,54.26396129,54.26396129,50.4618664,50.4618664,50.4618664,0.929933333,mc,0,0,848.443
334,2022-10-28 19:55:02,335,0,450.8430968,450.8430968,450.8430968,419.2540238,419.2540238,419.2540238,0.929933333,pc,1,1,840.0998333
335,2022-10-28 19:58:09,336,0,52.19489032,52.19489032,52.19489032,48.53776834,48.53776834,48.53776834,0.929933333,mc,1,1,849.5536667
336,2022-10-28 20:01:31,337,0,51.80632258,51.80632258,51.80632258,48.17642625,48.17642625,48.17642625,0.929933333,mc,0,0,840.3818333
337,2022-10-28 20:04:38,338,0,1590.214065,1590.214065,1590.214065,1478.793066,1478.793066,1478.793066,0.929933333,pc,1,1,863.5395
338,2022-10-28 20:07:52,339,0,1516.664903,1516.664903,1516.664903,1410.397249,1410.397249,1410.397249,0.929933333,pc,1,1,843.1756667
339,2022-10-28 20:10:55,340,0,20.39449935,20.39449935,20.39449935,18.96552477,18.96552477,18.96552477,0.929933333,bc,1,1,847.7928333
340,2022-10-28 20:14:12,341,0,20.53748903,20.53748903,20.53748903,19.09849563,19.09849563,19.09849563,0.929933333,bc,1,1,836.5505
341,2022-10-28 20:17:17,342,0,919.9323871,919.9323871,919.9323871,855.4757912,855.4757912,855.4757912,0.929933333,pc,1,1,838.9056667
342,2022-10-28 20:20:42,343,0,924.9514839,924.9514839,924.9514839,860.1432166,860.1432166,860.1432166,0.929933333,pc,0,0,854.2358333
343,2022-10-28 20:23:51,344,0,9.827256774,9.827256774,9.827256774,9.13869365,9.13869365,9.13869365,0.929933333,bc,0,0,858.7575
344,2022-10-28 20:27:06,345,0,400.9981935,400.9981935,400.9981935,372.9015868,372.9015868,372.9015868,0.929933333,pc,1,1,838.913
345,2022-10-28 20:30:12,346,0,402.1803871,402.1803871,402.1803871,374.000948,374.000948,374.000948,0.929933333,pc,0,1,836.3266667
346,2022-10-28 20:33:34,347,0,401.2269677,401.2269677,401.2269677,373.1143315,373.1143315,373.1143315,0.929933333,pc,0,0,844.3236667
347,2022-10-28 20:36:41,348,0,27.0495871,27.0495871,27.0495871,25.15431269,25.15431269,25.15431269,0.929933333,bc,1,1,851.3595
348,2022-10-28 20:39:57,349,1,119.5414839,119.5414839,119.5414839,111.1656106,111.1656106,111.1656106,0.929933333,mc,0,1,837.4603333
