,overpass_id,overpass_datetime,zero_release,non_zero_release,operator_kept,stanford_kept,phase_iii,pass_all_qc,altitude_feet,fail_all_qc,release_rate_kgh,ch4_kgh_sigma,operator_detected,operator_quantification,operator_lower,operator_upper,qc_summary
0,1.0,2022-10-24 16:46:15,True,False,True,True,0,True,1341.440878556028,False,0.0,0.0,False,0.0,,,pass_all
1,2.0,2022-10-24 16:49:22,True,False,True,True,0,True,1366.343000743972,False,0.0,0.0,False,0.0,,,pass_all
2,3.0,2022-10-24 16:52:32,False,True,True,False,1,False,1308.693174096028,False,18.748945322472,0.0632371335980738,True,25.85856,,,fail_stanford
3,4.0,2022-10-24 16:55:42,False,True,True,True,1,True,1324.65883504,False,18.719446589196004,0.0589181197693915,True,22.51968,,,pass_all
4,5.0,2022-10-24 16:59:01,False,True,True,True,1,True,1342.620887123972,False,18.739307291088,0.061050919927724,True,23.43744,,,pass_all
5,6.0,2022-10-24 17:02:04,False,True,True,True,0,True,1351.0280396239718,False,113.41300844316,0.3482569600203798,True,114.18112,,,pass_all
6,7.0,2022-10-24 17:05:20,False,True,True,True,0,True,1355.3910102360278,False,113.2451659296,0.3337531525220546,True,256.99296,,,pass_all
7,8.0,2022-10-24 17:08:21,False,True,True,True,0,True,1339.943175096028,False,112.91981141904,0.3417541251565024,True,80.41984,,,pass_all
8,9.0,2022-10-24 17:11:37,False,True,True,True,1,True,1358.929942763972,False,1.7172849061896,0.0285231506266944,False,0.0,,,pass_all
9,10.0,2022-10-24 17:14:38,False,True,True,True,1,True,1346.9559705960282,False,1.6595282368463995,0.0265573372759013,False,0.0,,,pass_all
10,11.0,2022-10-24 17:17:53,False,True,True,True,1,True,1353.0430223,False,1.6172872087212,0.0277087648901087,False,0.0,,,pass_all
11,12.0,2022-10-24 17:20:59,False,True,True,True,1,True,1341.377448763972,False,12.910035192816,0.0470685337922797,True,10.07584,,,pass_all
12,13.0,2022-10-24 17:24:12,False,True,True,True,1,True,1333.74840226,False,12.934993039691998,0.0462859331047198,True,20.58128,,,pass_all
13,14.0,2022-10-24 17:27:11,False,True,True,True,1,True,1355.863997783972,False,3.485311947456,0.0327679815409112,False,0.0,,,pass_all
14,15.0,2022-10-24 17:30:27,False,True,False,True,1,False,1348.437816443972,False,3.4147539517404004,0.0260806402368751,False,,,,fail_operator
15,16.0,2022-10-24 17:33:38,False,True,True,True,1,True,1353.22018766,False,3.4012686543540003,0.0282164150885296,True,9.14056,,,pass_all
16,17.0,2022-10-24 17:36:52,False,True,True,True,1,True,1381.301990723972,False,3.3839633362836,0.0280346667628146,False,0.0,,,pass_all
17,18.0,2022-10-24 17:40:00,False,True,True,False,1,False,1377.9648298560282,False,29.681730997920003,0.0923144764378618,True,29.16432,,,fail_stanford
18,19.0,2022-10-24 17:43:18,False,True,True,True,1,True,1352.7761807560282,False,29.726952550356,0.0921323298125152,True,39.07536,,,pass_all
19,20.0,2022-10-24 17:46:20,False,True,True,True,1,True,1369.64899396,False,29.718182963496,0.0942497700568582,True,23.64288,,,pass_all
20,21.0,2022-10-24 17:49:37,False,True,True,True,1,True,1356.314566696028,False,196.34020842912,0.6063967191500188,True,155.66928,,,pass_all
21,22.0,2022-10-24 17:52:40,False,True,True,True,1,True,1370.266338796028,False,196.83425686944005,0.613007338611969,True,222.17664,,,pass_all
22,23.0,2022-10-24 17:57:58,False,True,True,True,1,True,1329.98363836,False,198.03634302168,0.603240033170955,True,202.07392,,,pass_all
23,24.0,2022-10-24 18:01:11,False,True,True,False,0,False,1337.0609571560278,False,62.9312932014,0.2355076324304567,True,64.16064,,,fail_stanford
24,25.0,2022-10-24 18:04:31,False,True,True,True,1,True,1343.4607821639718,False,62.12136935088,0.1952332981599726,True,72.756,,,pass_all
25,26.0,2022-10-24 18:07:34,False,True,True,False,0,False,1333.6587260760282,False,121.97405509524,0.3703338300841333,True,173.712,,,fail_stanford
26,27.0,2022-10-24 18:10:50,True,False,True,False,0,False,1312.8625748199995,False,0.0,0.0,False,0.0,,,fail_stanford
27,28.0,2022-10-24 18:13:53,False,True,False,False,0,False,1317.7696179560278,True,725.5995900720001,22.537500403965225,False,,,,fail_all
28,29.0,2022-10-24 18:17:18,False,True,False,True,0,False,1318.47445164,False,727.2456613920001,10.052735408838432,False,,,,fail_operator
29,30.0,2022-10-24 18:20:25,False,True,False,True,0,False,1308.703563203972,False,728.4069930887999,8.188073992098957,False,,,,fail_operator
30,31.0,2022-10-24 18:23:39,False,True,False,True,0,False,1310.991402516028,False,722.9068444368,6.820513180966359,False,,,,fail_operator
31,32.0,2022-10-24 18:26:41,False,True,True,False,0,False,1345.10995118,False,444.612377694,2.269291399041992,True,464.6848,,,fail_stanford
32,33.0,2022-10-24 18:29:53,False,True,True,True,0,True,1278.736370643972,False,439.9761326796,2.380188212121683,True,398.77248,,,pass_all
33,34.0,2022-10-24 18:33:04,False,True,False,True,0,False,1336.446346243972,False,438.4816134432001,2.0826231033890443,False,,,,fail_operator
34,35.0,2022-10-24 18:39:06,False,True,True,True,0,True,1346.9138662639718,False,164.1414073386,0.5258080556573973,True,157.58912,,,pass_all
35,36.0,2022-10-24 18:42:15,False,True,True,True,0,True,1333.764259543972,False,163.32052859964,0.5468446104630466,True,150.8832,,,pass_all
36,37.0,2022-10-24 18:45:33,False,True,True,True,0,True,1336.349561463972,False,162.58025059428005,0.510026567832401,True,125.81368,,,pass_all
37,38.0,2022-10-24 18:48:36,False,True,True,True,0,True,1316.5168836639718,False,43.004861978760005,0.1388817372479357,True,23.97408,,,pass_all
38,39.0,2022-10-24 18:51:56,False,True,True,True,0,True,1319.641337176028,False,42.5773375242,0.1459115738350247,True,47.36704,,,pass_all
39,40.0,2022-10-24 18:55:00,False,True,False,True,0,False,1321.80450424,False,42.19283796828001,0.1387269955354268,False,,,,fail_operator
40,41.0,2022-10-24 18:58:14,False,True,True,False,1,False,1315.732216316028,False,8.878920052296003,0.0344107463497571,True,6.31968,,,fail_stanford
41,42.0,2022-10-24 19:01:19,False,True,True,True,1,True,1362.40325882,False,8.816193382788002,0.0320556784119347,True,5.79184,,,pass_all
42,43.0,2022-10-24 19:04:27,False,True,True,True,1,True,1320.393196123972,False,8.7800876598,0.0358439489300981,True,18.00064,,,pass_all
43,44.0,2022-10-24 19:07:37,False,True,True,True,0,True,1328.370011996028,False,4.154814562164,0.0415730503203687,False,0.0,,,pass_all
44,45.0,2022-10-24 19:11:01,False,True,True,True,0,True,1320.484513056028,False,4.125020671272,0.0315473175322122,False,0.0,,,pass_all
45,46.0,2022-10-24 19:14:06,False,True,True,False,0,False,1284.677971883972,False,18.18471748284,0.0655466590472895,True,8.87856,,,fail_stanford
46,47.0,2022-10-24 19:17:24,False,True,True,True,1,True,1307.237027723972,False,18.21778081194001,0.0591777247445766,True,19.09248,,,pass_all
47,48.0,2022-10-24 19:20:29,False,True,True,True,1,True,1312.03908398,False,18.163625065512,0.0607056922752481,True,37.4312,,,pass_all
48,49.0,2022-10-24 19:23:45,False,True,True,True,1,True,1314.6347753360285,False,18.104831938848005,0.0585892797202937,True,10.582,,,pass_all
49,50.0,2022-10-24 19:26:51,False,True,True,True,1,True,1340.276180356028,False,18.054552974184,0.0575164185380075,True,6.18032,,,pass_all
50,51.0,2022-10-24 19:30:05,False,True,True,True,1,True,1342.3770114600002,False,26.753177131968005,0.0904633956958037,True,14.21056,,,pass_all
51,52.0,2022-10-24 19:33:07,False,True,True,True,1,True,1318.0528636999998,False,26.862635198640003,0.0832054393039412,True,17.26368,,,pass_all
52,53.0,2022-10-24 19:36:19,False,True,True,True,1,True,1343.04302198,False,31.921625384663997,0.1036890383087043,True,18.49536,,,pass_all
53,54.0,2022-10-24 19:39:22,False,True,True,True,0,True,1310.7108906960282,False,5.4207739577280005,0.0267413185050581,False,0.0,,,pass_all
54,55.0,2022-10-24 19:42:33,False,True,True,True,0,True,1312.537224743972,False,5.35713911094,0.0264704753139172,True,7.46976,,,pass_all
55,56.0,2022-10-24 19:45:36,False,True,True,False,0,False,1353.488669623972,False,1.5952832084484,0.0251976516557889,False,0.0,,,fail_stanford
56,57.0,2022-10-24 19:48:45,False,True,True,True,1,True,1294.528147396028,False,1.5811190485452,0.0269573837678086,False,0.0,,,pass_all
57,58.0,2022-10-25 16:35:28,False,True,True,False,1,False,1338.281976223972,False,14.167440693624002,0.0494452783803799,True,30.7784,,,fail_stanford
58,59.0,2022-10-25 16:38:32,False,True,True,False,1,False,1389.91802348,False,14.131499577768,0.0458170247895641,True,34.67848,,,fail_stanford
59,60.0,2022-10-25 16:41:46,False,True,True,True,1,True,1336.532195,False,14.153046083736,0.0491990436676098,True,59.81272,,,pass_all
60,61.0,2022-10-25 16:44:55,False,True,False,True,1,False,1362.1265747560278,False,14.09814676716,0.0467025849489509,False,,,,fail_operator
61,62.0,2022-10-25 16:48:07,False,True,False,True,1,False,1323.315877976028,False,14.046312548904,0.0448487691758467,False,,,,fail_operator
62,63.0,2022-10-25 16:51:13,False,True,True,False,0,False,1389.498622876028,False,3.723912823344,0.0325262249534669,True,8.5884,,,fail_stanford
63,64.0,2022-10-25 16:54:29,False,True,True,False,0,False,1349.397462143972,False,3.6379481676839993,0.0256869444758957,True,4.9416,,,fail_stanford
64,65.0,2022-10-25 16:57:35,False,True,True,False,0,False,1360.884776816028,False,0.6456839627076001,1.3811117258782877,True,8.61432,,,fail_stanford
65,66.0,2022-10-25 17:00:52,True,False,True,False,0,False,1327.436613016028,False,0.0,0.0,False,0.0,,,fail_stanford
66,67.0,2022-10-25 17:04:01,False,True,True,False,0,False,1374.553302843972,False,11.540929562676,0.0443678915989139,True,17.28536,,,fail_stanford
67,68.0,2022-10-25 17:07:17,False,True,True,False,0,False,1343.5613947000002,False,11.551804985604004,0.0413942923512711,True,15.5556,,,fail_stanford
68,69.0,2022-10-25 17:10:32,False,True,False,False,0,False,1363.398446843972,True,203.27607183864,0.6738282981363096,False,,,,fail_all
69,70.0,2022-10-25 17:13:52,False,True,False,False,0,False,1347.831954876028,True,204.68459803884005,0.6790514991509636,False,,,,fail_all
70,71.0,2022-10-25 17:17:00,False,True,False,True,0,False,1338.274867956028,False,206.17111396296,0.6744091199781946,False,,,,fail_operator
71,72.0,2022-10-25 17:20:13,False,True,True,False,0,False,1337.161569363972,False,23.316577543368,0.0721432375344083,True,27.12896,,,fail_stanford
72,73.0,2022-10-25 17:23:22,False,True,True,False,0,False,1367.092672683972,False,23.249457566268003,0.0732128430039787,True,20.87112,,,fail_stanford
73,74.0,2022-10-25 17:26:36,False,True,True,False,0,False,1340.205642296028,False,97.6966032852,0.3144669771849044,True,110.77888,,,fail_stanford
74,75.0,2022-10-25 17:29:48,False,True,True,True,1,True,1349.00102742,False,97.38299831819998,0.3003785606322858,True,94.7256,,,pass_all
75,76.0,2022-10-25 17:32:57,False,True,True,True,1,True,1337.300458476028,False,97.01410805928,0.3155337601260061,True,144.0024,,,pass_all
76,77.0,2022-10-25 17:36:05,False,True,False,True,1,False,1327.4267704960278,False,96.8392271718,0.3014307024194735,False,,,,fail_operator
77,78.0,2022-10-25 17:39:21,False,True,False,False,0,False,1346.867387916028,True,49.7544922848,0.1595145478627031,False,,,,fail_all
78,79.0,2022-10-25 17:42:27,False,True,False,False,0,False,1334.7408563599995,True,49.724540637600015,0.2673533316795942,False,,,,fail_all
79,80.0,2022-10-25 17:45:44,False,True,False,False,0,False,1331.4507207560282,True,963.2839527528,38.34749216902062,False,,,,fail_all
80,81.0,2022-10-25 17:48:49,False,True,False,False,0,False,1357.482545736028,True,989.7898087608,27.20651207033704,False,,,,fail_all
81,82.0,2022-10-25 17:52:10,False,True,False,False,1,False,1308.17917572,True,987.6502893744,24.61099756053465,False,,,,fail_all
82,83.0,2022-10-25 17:55:19,False,True,False,True,1,False,1341.5327420760282,False,992.0034783792,23.12565467231637,False,,,,fail_operator
83,84.0,2022-10-25 17:58:33,False,True,False,True,1,False,1310.085890676028,False,993.293692416,26.67932864337671,False,,,,fail_operator
84,85.0,2022-10-25 18:01:39,False,True,False,True,1,False,1347.57550244,False,980.6493667008,27.56238548108629,False,,,,fail_operator
85,86.0,2022-10-25 18:04:55,False,True,False,True,1,False,1318.7303571599998,False,983.2417728887998,22.23113914547738,False,,,,fail_operator
86,87.0,2022-10-25 18:08:05,False,True,False,True,1,False,1332.7160311639718,False,986.5043830968,21.04431766264125,False,,,,fail_operator
87,88.0,2022-10-25 18:11:22,False,True,False,False,0,False,1358.705205223972,True,80.17666014352271,28.01437987119224,False,,,,fail_all
88,89.0,2022-10-25 18:14:26,False,True,False,False,0,False,1344.879198876028,True,24.09192372456,0.0684276695922293,False,,,,fail_all
89,90.0,2022-10-25 18:17:40,False,True,True,False,0,False,1306.2380119439722,False,23.617362239759995,0.0541912201093267,True,48.80744,,,fail_stanford
90,91.0,2022-10-25 18:20:42,True,False,False,False,0,False,1305.5933268839722,True,0.0,0.0,False,,,,fail_all
91,92.0,2022-10-25 18:24:00,True,False,True,False,0,False,1298.0052908799998,False,0.0,0.0,False,0.0,,,fail_stanford
92,93.0,2022-10-25 18:27:08,True,False,True,False,0,False,1320.199079976028,False,0.0,0.0,False,0.0,,,fail_stanford
93,94.0,2022-10-25 18:30:19,True,False,True,True,0,True,1292.596279223972,False,0.0,0.0,False,0.0,,,pass_all
94,95.0,2022-10-25 18:33:33,False,True,True,False,0,False,1318.06270622,False,25.378578550224,1.5869171768120265,True,25.74936,,,fail_stanford
95,96.0,2022-10-25 18:36:54,False,True,False,False,0,False,1295.4522504439722,True,443.2421379624,2.6814047748772274,False,,,,fail_all
96,97.0,2022-10-25 18:40:05,False,True,False,False,0,False,1312.23593438,True,456.8230381464,2.036914234955582,False,,,,fail_all
97,98.0,2022-10-25 18:43:26,False,True,False,False,1,False,1293.827688056028,True,464.6949408528,2.11875733735956,False,,,,fail_all
98,99.0,2022-10-25 18:46:39,False,True,False,True,1,False,1303.1534757560282,False,468.7167353592,2.4534777114591537,False,,,,fail_operator
99,100.0,2022-10-25 18:49:55,False,True,True,True,1,True,1246.13357006,False,467.3991427752,2.681276579492435,True,458.4,,,pass_all
100,101.0,2022-10-25 18:53:04,False,True,False,False,0,False,1319.78514722,True,1.601682086316,0.0230369574230892,False,,,,fail_all
101,102.0,2022-10-25 18:56:23,False,True,True,False,0,False,1268.58271776,False,1.6246937552376002,0.0225708661223271,False,0.0,,,fail_stanford
102,103.0,2022-10-25 18:59:32,False,True,True,False,0,False,1302.914521023972,False,24.816810688728008,0.0665293658552116,True,27.93648,,,fail_stanford
103,104.0,2022-10-25 19:02:47,False,True,True,True,1,True,1284.910364936028,False,24.739985344512004,0.056244108927462,True,12.03368,,,pass_all
104,105.0,2022-10-25 19:05:57,False,True,True,True,1,True,1292.620338936028,False,24.49122272388,0.0599203470464759,True,12.354,,,pass_all
105,106.0,2022-10-25 19:09:08,False,True,True,True,1,True,1277.88718,False,24.365087475384,0.0548383831040854,True,22.37976,,,pass_all
106,107.0,2022-10-25 19:12:19,False,True,True,False,0,False,1308.6696613,False,142.21084767768,0.3566686729637827,True,291.22128,,,fail_stanford
107,108.0,2022-10-25 19:15:38,False,True,True,False,0,False,1273.92720612,False,142.27056713375998,0.3280264256692102,True,204.51816,,,fail_stanford
108,109.0,2022-10-25 19:18:48,False,True,False,False,0,False,1291.67326968,True,615.5142311952001,6.028952759115949,False,,,,fail_all
109,110.0,2022-10-25 19:22:08,False,True,True,False,1,False,1274.3985535760282,False,630.8964116304,5.140458125523128,True,559.3632,,,fail_stanford
110,111.0,2022-10-25 19:25:20,False,True,True,True,1,True,1265.460451583972,False,634.3118853935999,5.338263011067772,True,591.266,,,pass_all
111,112.0,2022-10-25 19:28:44,False,True,True,True,1,True,1263.0621575439718,False,636.0504231407999,4.311357000547912,True,645.88568,,,pass_all
112,113.0,2022-10-25 19:31:54,False,True,False,False,0,False,1273.486480056028,True,72.25198606080001,0.1636782325101357,False,,,,fail_all
113,114.0,2022-10-25 19:35:15,False,True,True,False,0,False,1249.5325202999998,False,71.72928396384,0.1577545992515407,True,54.97184,,,fail_stanford
114,115.0,2022-10-25 19:38:29,False,True,False,False,0,False,1346.002886576028,True,6.08961632232,0.0296180383889463,False,,,,fail_all
115,116.0,2022-10-25 19:41:50,False,True,True,False,0,False,1327.54433382,False,336.28618920504,1.741773463451051,True,321.84,,,fail_stanford
116,117.0,2022-10-25 19:45:00,False,True,False,False,1,False,1313.131056783972,True,340.68860255616,1.7435056552238128,False,,,,fail_all
117,118.0,2022-10-25 19:48:12,False,True,False,True,1,False,1320.00332308,False,345.4154516916,1.7046148794138798,False,,,,fail_operator
118,119.0,2022-10-25 19:51:25,False,True,True,False,0,False,1326.1324791160278,False,8.588952561432,0.0514475185356887,True,3.1692,,,fail_stanford
119,120.0,2022-10-25 19:54:38,False,True,True,True,1,True,1319.071017603972,False,8.528206409832,0.0303049901844056,True,2.6976,,,pass_all
120,121.0,2022-10-25 19:57:45,False,True,True,True,1,True,1310.5463017800002,False,8.488963825512,0.030019231850811,True,4.66488,,,pass_all
121,122.0,2022-10-25 20:01:02,False,True,True,False,1,False,1297.18344046,False,142.55296544040002,0.3255826156442167,True,125.83392,,,fail_stanford
122,123.0,2022-10-25 20:04:13,False,True,True,True,1,True,1320.890243383972,False,142.29691898544,0.31760763745858,True,103.3528,,,pass_all
123,124.0,2022-10-25 20:07:27,False,True,False,True,1,False,1258.8566675799998,False,142.31648323896005,0.316611382214825,False,,,,fail_operator
124,125.0,2022-10-25 20:10:31,False,True,True,True,1,True,1306.37635414,False,142.13504332512002,0.3129368924734944,True,132.39976,,,pass_all
125,126.0,2022-10-25 20:13:50,True,False,False,False,0,False,1324.72773268,True,0.0,0.0,False,,,,fail_all
126,127.0,2022-10-25 20:16:56,True,False,True,False,0,False,1303.210890456028,False,0.0,0.0,False,0.0,,,fail_stanford
127,128.0,2022-10-25 20:20:10,False,True,True,False,0,False,1290.5791095400002,False,3.2667358128312003,0.0315310850837235,True,2.44416,,,fail_stanford
128,129.0,2022-10-25 20:23:22,False,True,True,False,0,False,1315.596608043972,False,75.22826229599998,0.1667461882315311,True,44.04432,,,fail_stanford
129,130.0,2022-10-25 20:26:35,False,True,False,False,1,False,1301.929722436028,True,75.01362589368,0.1625674861823616,False,,,,fail_all
130,131.0,2022-10-25 20:29:41,False,True,False,False,1,False,1296.73396538,True,74.70367792391998,0.1679114764717997,False,,,,fail_all
131,132.0,2022-10-25 20:33:02,False,True,False,True,1,False,1287.906318443972,False,74.59484819880001,0.1587874453483083,False,,,,fail_operator
132,133.0,2022-10-26 16:39:47,True,False,True,True,0,True,1327.045099223972,False,0.0,0.0,False,0.0,,,pass_all
133,134.0,2022-10-26 16:42:57,True,False,True,True,0,True,1351.203564563972,False,0.0,0.0,False,0.0,,,pass_all
134,135.0,2022-10-26 16:46:11,False,True,True,False,0,False,1317.3403745039725,False,1.1778718722287995,0.0267123786652121,False,0.0,,,fail_stanford
135,136.0,2022-10-26 16:49:19,False,True,True,True,1,True,1372.11618564,False,1.1273270813928,0.0299177547092054,False,0.0,,,pass_all
136,137.0,2022-10-26 16:52:32,False,True,True,True,1,True,1363.9676725839722,False,1.0995087662784,0.0289839967101506,False,0.0,,,pass_all
137,138.0,2022-10-26 16:55:40,False,True,True,False,0,False,1370.4178040239722,False,6.89919425916,0.0296464998591516,True,4.752,,,fail_stanford
138,139.0,2022-10-26 16:58:46,False,True,True,False,0,False,1366.351202843972,False,6.885225496224001,0.032880266161795,True,7.8496,,,fail_stanford
139,140.0,2022-10-26 17:11:57,True,False,True,True,0,True,1355.96625074,False,0.0,0.0,False,0.0,,,pass_all
140,141.0,2022-10-26 17:15:07,False,True,True,False,0,False,1367.067519796028,False,4.1337328374,0.0409530848832274,True,6.38848,,,fail_stanford
141,142.0,2022-10-26 17:18:19,False,True,True,False,0,False,1376.685302256028,False,2.0186356854888,0.0243205160233827,False,0.0,,,fail_stanford
142,143.0,2022-10-26 17:21:30,False,True,True,False,0,False,1371.6404638400002,False,2.0004352258512004,0.0281162683891562,True,6.82704,,,fail_stanford
143,144.0,2022-10-26 17:24:44,False,True,True,False,0,False,1406.70444134,False,1.595752919688,0.0225543996902536,False,0.0,,,fail_stanford
144,145.0,2022-10-26 17:27:48,False,True,True,False,0,False,1385.038867483972,False,2.570740060596,2.372480129550915,False,0.0,,,fail_stanford
145,146.0,2022-10-26 17:30:56,False,True,True,False,0,False,1388.1551188960282,False,59.63578039512,0.1339252758581435,True,66.9768,,,fail_stanford
146,147.0,2022-10-26 17:34:04,False,True,True,False,0,False,1396.45345676,False,59.73354462408,0.1340647698964716,True,83.32896,,,fail_stanford
147,148.0,2022-10-26 17:37:15,False,True,True,True,0,True,1396.866295683972,False,59.63441146776001,0.130189567269067,True,147.61032,,,pass_all
148,149.0,2022-10-26 17:40:28,False,True,True,True,0,True,1382.901400223972,False,59.32543315488,0.1326516155691517,True,66.78672,,,pass_all
149,150.0,2022-10-26 17:43:43,False,True,True,False,0,False,1383.18245896,False,88.52933091215999,0.209242861974435,True,102.20496,,,fail_stanford
150,151.0,2022-10-26 17:46:51,False,True,True,True,0,True,1359.8267059160282,False,88.36545889944,0.1921684302195981,True,48.4008,,,pass_all
151,152.0,2022-10-26 17:50:02,False,True,True,True,0,True,1361.07615904,False,88.211682726,0.201116773736199,True,54.20256,,,pass_all
152,153.0,2022-10-26 17:53:09,False,True,True,False,0,False,1335.5408344039718,False,73.802296296,0.1587853461182536,True,53.7408,,,fail_stanford
153,154.0,2022-10-26 17:56:19,False,True,True,True,0,True,1344.22248396,False,73.98116947103999,0.1654354287766439,True,43.29584,,,pass_all
154,155.0,2022-10-26 17:59:29,False,True,True,True,0,True,1329.156319763972,False,73.92327525144,0.1605272791033228,True,45.5184,,,pass_all
155,156.0,2022-10-26 18:02:42,False,True,True,False,0,False,1349.258026443972,False,940.5146980512,117.67992891091592,True,695.47392,,,fail_stanford
156,157.0,2022-10-26 18:05:48,False,True,False,True,0,False,1350.9744526800002,False,1044.5508958656,30.328629559206025,False,,,,fail_operator
157,158.0,2022-10-26 18:08:58,False,True,False,True,0,False,1347.804614323972,False,1045.2119737032,28.052959317427444,False,,,,fail_operator
158,159.0,2022-10-26 18:12:04,False,True,False,True,0,False,1340.17228698,False,1050.5507904072,25.95949472996098,False,,,,fail_operator
159,160.0,2022-10-26 18:15:16,False,True,True,True,0,True,1371.979483863972,False,1041.956208132,27.960059232812178,True,1213.19,,,pass_all
160,161.0,2022-10-26 18:18:27,False,True,False,True,0,False,1338.0703620439722,False,1037.1284576424,28.328946032104813,False,,,,fail_operator
161,162.0,2022-10-26 18:21:39,False,True,True,True,0,True,1348.0506773239715,False,1022.9258362824,23.637036218054803,True,1252.6352,,,pass_all
162,163.0,2022-10-26 18:24:48,False,True,True,True,0,True,1308.73363768,False,1019.7385170792,26.749337156149423,True,1680.9792,,,pass_all
163,164.0,2022-10-26 18:28:02,False,True,True,True,0,True,1374.487139456028,False,1021.9476236064,33.36360397318923,True,1118.69632,,,pass_all
164,165.0,2022-10-26 18:31:09,False,True,False,True,0,False,1345.627230396028,False,1008.7123775808,31.04654005205125,False,,,,fail_operator
165,166.0,2022-10-26 18:34:18,False,True,False,False,0,False,1335.351639516028,True,41.96355560256,103.13117419503372,False,,,,fail_all
166,167.0,2022-10-26 18:37:29,True,False,True,False,0,False,1349.600874223972,False,0.0,0.0,False,0.0,,,fail_stanford
167,168.0,2022-10-26 18:40:38,True,False,True,False,0,False,1342.7985993999998,False,0.0,0.0,False,0.0,,,fail_stanford
168,169.0,2022-10-26 18:43:47,True,False,True,True,0,True,1320.8333756000002,False,0.0,0.0,False,0.0,,,pass_all
169,170.0,2022-10-26 18:46:59,True,False,True,True,0,True,1363.146915996028,False,0.0,0.0,False,0.0,,,pass_all
170,171.0,2022-10-26 18:50:03,False,True,True,False,1,False,1337.17688006,False,0.9431242158311998,0.0256097332630963,False,0.0,,,fail_stanford
171,172.0,2022-10-26 18:53:16,False,True,True,False,1,False,1314.892321276028,False,0.9044215022388,0.0223668292006159,False,0.0,,,fail_stanford
172,173.0,2022-10-26 18:56:27,False,True,True,False,1,False,1319.431910003972,False,0.8767934109888,0.0211892049611837,False,0.0,,,fail_stanford
173,174.0,2022-10-26 18:59:36,False,True,True,True,1,True,1324.223030236028,False,0.8448908440571999,0.0248751558718291,False,0.0,,,pass_all
174,175.0,2022-10-26 19:02:45,False,True,True,True,1,True,1304.12241706,False,0.8278083417636,0.0238961901260559,False,0.0,,,pass_all
175,176.0,2022-10-26 19:05:52,False,True,True,False,0,False,1299.18147202,False,4.204244004168,0.0252201441199327,True,9.03968,,,fail_stanford
176,177.0,2022-10-26 19:09:02,False,True,True,False,1,False,1307.900851236028,False,4.234657007016001,0.024200003574428,True,10.2384,,,fail_stanford
177,178.0,2022-10-26 19:12:11,False,True,True,True,1,True,1336.06631572,False,4.214550886416001,0.0291530678856471,True,5.32896,,,pass_all
178,179.0,2022-10-26 19:15:23,False,True,True,True,1,True,1298.337202636028,False,4.212183782856,0.0219893467372956,True,8.11072,,,pass_all
179,180.0,2022-10-26 19:18:36,False,True,True,False,0,False,1307.559643876028,False,3.364279302254401,0.0248747746417542,False,0.0,,,fail_stanford
180,181.0,2022-10-26 19:21:47,False,True,True,False,0,False,1306.26808642,False,3.3424437700896004,0.0259279973554922,True,13.7408,,,fail_stanford
181,182.0,2022-10-26 19:25:03,False,True,True,False,0,False,1318.9206458799997,False,0.6915769687944001,0.0235777987413504,False,0.0,,,fail_stanford
182,183.0,2022-10-26 19:28:08,False,True,True,True,0,True,1310.747526523972,False,0.6829413186983999,0.0235704923104808,False,0.0,,,pass_all
183,184.0,2022-10-26 19:31:15,False,True,True,True,0,True,1299.326375896028,False,0.6778340788728001,0.0221546997024888,False,0.0,,,pass_all
184,185.0,2022-10-26 19:34:27,False,True,True,True,0,True,1296.61585514,False,0.6658365713351999,0.0255792829671493,False,0.0,,,pass_all
185,186.0,2022-10-26 19:37:39,False,True,True,True,0,True,1323.991731016028,False,0.6607321834416002,0.0210202283051385,False,0.0,,,pass_all
186,187.0,2022-10-26 19:40:57,False,True,True,False,0,False,1289.776397243972,False,1.6761237857664,0.0217589072095807,True,7.29632,,,fail_stanford
187,188.0,2022-10-26 19:44:08,False,True,True,False,0,False,1295.137289803972,False,1.6766451189360003,0.0220875011807941,False,0.0,,,fail_stanford
188,189.0,2022-10-26 19:47:23,False,True,True,True,0,True,1268.74347892,False,1.66330378104,0.0259677210708264,False,0.0,,,pass_all
189,190.0,2022-10-26 19:50:33,False,True,True,False,0,False,1302.23593406,False,78.47701211448002,0.2824221400448871,True,181.21824,,,fail_stanford
190,191.0,2022-10-26 19:53:44,False,True,False,False,0,False,1275.15916154,True,78.84422687880001,0.1682339345828302,False,,,,fail_all
191,192.0,2022-10-26 19:56:54,False,True,False,False,0,False,1297.7067344400002,True,78.77258634696,0.1741318112119985,False,,,,fail_all
192,193.0,2022-10-26 20:00:05,False,True,False,False,0,False,1293.5592057639722,True,46.72810727904,0.1099212587601587,False,,,,fail_all
193,194.0,2022-10-26 20:03:11,False,True,True,True,1,True,1277.4836366799998,False,46.70472143663999,0.1111452398691186,True,51.7032,,,pass_all
194,195.0,2022-10-26 20:06:18,False,True,True,True,1,True,1288.61060554,False,46.73118736559999,0.1159605732354066,True,45.41376,,,pass_all
195,196.0,2022-10-26 20:09:25,False,True,False,False,0,False,1490.348910223972,True,71.11589042928,0.1576432389892802,False,,,,fail_all
196,197.0,2022-10-26 20:12:35,False,True,True,False,0,False,1286.662333496028,False,12.27990584424,0.0384105290263219,True,28.54544,,,fail_stanford
197,198.0,2022-10-26 20:15:42,False,True,True,True,1,True,1313.132150616028,False,12.190845711744,0.0345767087067118,True,10.17648,,,pass_all
198,199.0,2022-10-26 20:18:51,False,True,True,True,1,True,1262.09649708,False,12.131074920888,0.0336039376315866,True,14.35392,,,pass_all
199,200.0,2022-10-26 20:22:00,False,True,True,True,1,True,1284.177643783972,False,12.103411180488,0.0332269619163156,True,15.21896,,,pass_all
200,201.0,2022-10-26 20:25:08,False,True,True,False,0,False,1268.742932003972,False,8.286522284424,0.029595749487331,True,7.69296,,,fail_stanford
201,202.0,2022-10-26 20:28:19,False,True,True,False,0,False,1293.0840308799998,False,6.384528906576,0.0262400916467989,True,17.25744,,,fail_stanford
202,203.0,2022-10-26 20:31:31,False,True,True,False,0,False,1208.202685316028,False,6.350362761216,0.0272298000728528,True,12.34528,,,fail_stanford
203,204.0,2022-10-26 20:34:42,False,True,True,False,0,False,1258.926658723972,False,7.13755873572,0.0828446513921066,True,13.54968,,,fail_stanford
204,205.0,2022-10-26 20:37:47,False,True,True,False,0,False,1221.03678448,False,2.8398517864344006,0.0240113380420452,True,9.87008,,,fail_stanford
205,206.0,2022-10-26 20:40:55,False,True,True,False,0,False,1260.861807736028,False,2.8021737720096005,0.0253859127934836,False,0.0,,,fail_stanford
206,207.0,2022-10-27 16:37:24,True,False,True,True,1,True,1418.60076718,False,0.0,0.0,False,0.0,,,pass_all
207,208.0,2022-10-27 16:40:46,False,True,True,False,0,False,1386.152712663972,False,7.691235666132,4.802332354699646,True,23.7412,,,fail_stanford
208,209.0,2022-10-27 16:43:54,False,True,False,False,0,False,1431.561178683972,True,6.991345885944001,0.4758397018515932,False,,,,fail_all
209,210.0,2022-10-27 16:47:11,False,True,True,False,0,False,1377.5476162599998,False,6.723093162024001,0.0261992109353703,True,27.09192,,,fail_stanford
210,211.0,2022-10-27 16:50:18,False,True,False,False,0,False,1435.280010823972,True,7.023812279832,0.0272878261736268,False,,,,fail_all
211,212.0,2022-10-27 16:53:38,False,True,True,True,0,True,1408.370561143972,False,6.991682413920001,0.0280650246578935,True,15.3712,,,pass_all
212,213.0,2022-10-27 16:56:41,False,True,True,False,0,False,1400.22642276,False,3.344808592104,0.0271525937141498,False,0.0,,,fail_stanford
213,214.0,2022-10-27 17:00:01,False,True,True,False,0,False,1415.353282496028,False,0.7339429890408,0.0249722546831339,False,0.0,,,fail_stanford
214,215.0,2022-10-27 17:03:09,False,True,True,False,0,False,1396.324957083972,False,2.2653375000576004,0.0252139209448203,False,0.0,,,fail_stanford
215,216.0,2022-10-27 17:06:28,False,True,True,True,1,True,1387.0183078360285,False,2.25147197706,0.0258801908183596,False,0.0,,,pass_all
216,217.0,2022-10-27 17:09:35,False,True,True,True,1,True,1375.14604138,False,2.2327701477768,0.0227985215338145,False,0.0,,,pass_all
217,218.0,2022-10-27 17:12:53,False,True,True,False,0,False,1416.9833130599998,False,31.917077561616,0.0793469568207001,True,71.26992,,,fail_stanford
218,219.0,2022-10-27 17:15:57,False,True,True,True,0,True,1395.293132903972,False,32.087919696144,0.0721213160630751,True,61.97352,,,pass_all
219,220.0,2022-10-27 17:19:13,True,False,True,False,0,False,1421.349017596028,False,0.0,0.0,False,0.0,,,fail_stanford
220,221.0,2022-10-27 17:22:21,False,True,True,True,0,True,1397.2539817200002,False,7.939464975479999,0.0280613880706638,True,10.33184,,,pass_all
221,222.0,2022-10-27 17:25:47,False,True,True,True,0,True,1407.1205611039718,False,7.888489542912,0.0291513081738288,True,5.2972,,,pass_all
222,223.0,2022-10-27 17:28:58,False,True,True,True,0,True,1407.562381,False,7.871400766368001,0.0283538032365277,True,8.78712,,,pass_all
223,224.0,2022-10-27 17:32:16,False,True,True,False,0,False,1405.5293537039722,False,4.450479813048001,0.032977488790404,False,0.0,,,fail_stanford
224,225.0,2022-10-27 17:35:24,False,True,True,True,0,True,1408.792149083972,False,4.426820185175999,0.0255347136147517,False,0.0,,,pass_all
225,226.0,2022-10-27 17:38:48,False,True,True,True,0,True,1395.23134386,False,4.4242021116000005,0.0276806158637868,False,0.0,,,pass_all
226,227.0,2022-10-27 17:41:52,False,True,False,True,0,False,1412.1369654639718,False,4.425205991664,0.0238156555815114,False,,,,fail_operator
227,228.0,2022-10-27 17:45:13,False,True,True,True,0,True,1397.081190703972,False,23.548562232192,0.0528558674532402,True,25.3368,,,pass_all
228,229.0,2022-10-27 17:48:22,False,True,True,True,0,True,1425.55614798,False,23.571195164544,0.0531512387476962,True,11.10144,,,pass_all
229,230.0,2022-10-27 17:51:41,False,True,True,True,0,True,1362.9626420400002,False,23.595117170159995,0.0536347310498883,True,20.71384,,,pass_all
230,231.0,2022-10-27 17:54:46,False,True,True,True,1,True,1403.37766958,False,1.3903122869088,0.0276352050862866,False,0.0,,,pass_all
231,232.0,2022-10-27 17:58:03,False,True,True,True,1,True,1360.78252386,False,5.913720564288,0.0283391145645477,False,0.0,,,pass_all
232,233.0,2022-10-27 18:01:09,False,True,True,True,1,True,1397.3644367760278,False,5.909476889472002,0.0275021624812538,False,0.0,,,pass_all
233,234.0,2022-10-27 18:04:29,False,True,True,True,1,True,1368.1239502760282,False,5.898930444936,0.0260006359198978,False,0.0,,,pass_all
234,235.0,2022-10-27 18:07:44,False,True,True,True,1,True,1403.9715016200005,False,519.0459201360001,4.946962978328284,True,254.70792,,,pass_all
235,236.0,2022-10-27 18:11:05,False,True,True,True,1,True,1355.4495184399998,False,534.4195447752,4.191331329655689,True,450.0048,,,pass_all
236,237.0,2022-10-27 18:14:15,False,True,True,True,1,True,1371.244575703972,False,538.1247748296001,4.489187431852257,True,351.05312,,,pass_all
237,238.0,2022-10-27 18:17:51,False,True,True,True,1,True,1398.9583781,False,538.1327602392,3.7901313408658432,True,416.46976,,,pass_all
238,239.0,2022-10-27 18:20:58,False,True,True,True,1,True,1406.81763032,False,538.3717521408,4.590627965025691,True,281.54584,,,pass_all
239,240.0,2022-10-27 18:24:26,False,True,True,True,1,True,1423.0288076760282,False,536.3023902816001,4.061430380186751,True,374.11192,,,pass_all
240,241.0,2022-10-27 18:27:36,False,True,True,True,1,True,1421.91441558,False,536.2550482104001,4.088653107421837,True,285.66816,,,pass_all
241,242.0,2022-10-27 18:31:02,True,False,True,False,0,False,1398.4662521000002,False,0.0,0.0,False,0.0,,,fail_stanford
242,243.0,2022-10-27 18:34:10,True,False,True,True,0,True,1429.120233723972,False,0.0,0.0,False,0.0,,,pass_all
243,244.0,2022-10-27 18:37:32,False,True,True,True,0,True,1420.2931337039722,False,2.75065989468,0.0300936900915866,False,0.0,,,pass_all
244,245.0,2022-10-27 18:40:34,False,True,True,True,0,True,1427.040181163972,False,2.6187472023384,0.0246060952898963,False,0.0,,,pass_all
245,246.0,2022-10-27 18:43:55,False,True,True,True,0,True,1463.922837856028,False,11.637730611936,0.0315306537811048,False,0.0,,,pass_all
246,247.0,2022-10-27 18:47:05,False,True,True,True,0,True,1441.68147658,False,11.559382336032,0.0345042870633929,True,4.87424,,,pass_all
247,248.0,2022-10-27 18:50:27,False,True,True,True,0,True,1380.384995943972,False,11.645248304688002,0.0349375405692744,True,6.84944,,,pass_all
248,249.0,2022-10-27 18:53:33,False,True,True,True,1,True,1384.1267939639722,False,6.6315803680080005,0.0311514509348776,False,0.0,,,pass_all
249,250.0,2022-10-27 18:56:59,False,True,True,True,0,True,1386.2117677839722,False,14.283467928336,0.0389336366026383,True,7.2912,,,pass_all
250,251.0,2022-10-27 19:00:06,False,True,True,True,0,True,1367.3201444760282,False,14.257595201232,0.0343757981503314,True,19.89792,,,pass_all
251,252.0,2022-10-27 19:03:30,False,True,True,True,1,True,1359.1989716439718,False,22.254657795384,0.0490962859937144,True,11.76896,,,pass_all
252,253.0,2022-10-27 19:06:40,False,True,True,True,1,True,1380.7579182,False,15.992642183664,0.0408680707750013,True,9.1908,,,pass_all
253,254.0,2022-10-27 19:10:01,False,True,True,True,1,True,1330.7092509160282,False,15.963101872008002,0.0394975553944919,True,17.688,,,pass_all
254,255.0,2022-10-27 19:13:12,False,True,True,True,0,True,1382.2840557160278,False,2.2121888953056,0.0255391475264205,False,0.0,,,pass_all
255,256.0,2022-10-27 19:16:40,False,True,True,True,0,True,1355.1963468439722,False,2.1900493471896,0.026232465491781,False,0.0,,,pass_all
256,257.0,2022-10-27 19:19:47,False,True,True,True,1,True,1388.9550969400002,False,10.507156320768,0.0292580463012547,True,7.7292,,,pass_all
257,258.0,2022-10-27 19:23:16,False,True,True,True,1,True,1347.9517055360282,False,10.492052488896,0.0323881151746301,True,7.2624,,,pass_all
258,259.0,2022-10-27 19:26:22,False,True,True,True,1,True,1386.715376723972,False,10.473868570464,0.0321775000782461,True,7.20192,,,pass_all
259,260.0,2022-10-27 19:29:32,False,True,True,True,1,True,1354.700940003972,False,10.460835241224002,0.0325836313774001,True,7.22304,,,pass_all
260,261.0,2022-10-27 19:32:37,False,True,True,True,1,True,1397.253434803972,False,10.466573328407998,0.0335424362770728,False,0.0,,,pass_all
261,262.0,2022-10-27 19:35:58,False,True,True,True,0,True,1356.411898063972,False,0.928728803868,0.0258186855099656,False,0.0,,,pass_all
262,263.0,2022-10-27 19:39:05,False,True,True,True,0,True,1358.8238623799998,False,0.9197959824576,0.028507888877411,False,0.0,,,pass_all
263,264.0,2022-10-27 19:42:36,False,True,True,True,0,True,1344.93606666,False,0.921236778504,0.02570646973861,False,0.0,,,pass_all
264,265.0,2022-10-27 19:45:42,False,True,True,True,0,True,1373.044116443972,False,0.9184544336448,0.0255299657379935,False,0.0,,,pass_all
265,266.0,2022-10-27 19:49:01,True,False,True,True,0,True,1357.822659263972,False,0.0,0.0,False,0.0,,,pass_all
266,267.0,2022-10-27 19:52:09,True,False,True,True,0,True,1366.7798993800002,False,0.0,0.0,False,0.0,,,pass_all
267,268.0,2022-10-27 19:55:23,True,False,True,True,0,True,1362.293897596028,False,0.0,0.0,False,0.0,,,pass_all
268,269.0,2022-10-27 19:58:28,True,False,True,True,0,True,1377.57222256,False,0.0,0.0,False,0.0,,,pass_all
269,270.0,2022-10-27 20:01:42,True,False,True,True,0,True,1355.7108921360282,False,0.0,0.0,False,0.0,,,pass_all
270,271.0,2022-10-27 20:04:44,False,True,True,True,0,True,1384.556037416028,False,0.6403340250047999,0.0245700110580513,False,0.0,,,pass_all
271,272.0,2022-10-27 20:08:04,False,True,True,True,0,True,1355.280008263972,False,25.379137528896003,0.0625132731433301,True,47.9808,,,pass_all
272,273.0,2022-10-27 20:11:03,False,True,True,False,0,False,1351.18278602,False,18.822055328592,0.0432737304607756,True,23.52168,,,fail_stanford
273,274.0,2022-10-27 20:14:19,False,True,True,False,0,False,1350.1050300799998,False,0.1490750487312,0.930069083501022,False,0.0,,,fail_stanford
274,275.0,2022-10-28 16:41:12,False,True,True,False,0,False,1358.349781,False,7.395999436513125,7.870574338915289,True,13.25568,,,fail_stanford
275,276.0,2022-10-28 16:44:23,False,True,True,True,0,True,1370.12635618,False,6.122644606062,0.0800109652169219,True,8.1432,,,pass_all
276,277.0,2022-10-28 16:47:43,False,True,True,False,0,False,1370.06730106,False,3.01412424720015,0.0282204457072345,False,0.0,,,fail_stanford
277,278.0,2022-10-28 16:50:54,False,True,True,True,1,True,1362.99545044,False,2.9573358255827995,0.0269956169760943,False,0.0,,,pass_all
278,279.0,2022-10-28 16:54:17,False,True,True,True,1,True,1356.37143448,False,2.9301583710516748,0.0258814932189803,False,0.0,,,pass_all
279,280.0,2022-10-28 16:57:26,False,True,True,True,1,True,1372.327252903972,False,2.928052139707125,0.0266105544738339,False,0.0,,,pass_all
280,281.0,2022-10-28 17:00:47,False,True,True,False,0,False,1352.21296978,False,18.870407406355504,0.0484570302554377,True,34.81968,,,fail_stanford
281,282.0,2022-10-28 17:03:52,False,True,True,True,0,True,1365.946019103972,False,18.92499038594775,0.0440512568336884,True,36.8044,,,pass_all
282,283.0,2022-10-28 17:07:10,True,False,True,False,0,False,1372.5585521239718,False,0.0,0.0,False,0.0,,,fail_stanford
283,284.0,2022-10-28 17:10:18,False,True,True,False,0,False,1365.61520118,False,1.415711893866525,0.0289249990082564,False,0.0,,,fail_stanford
284,285.0,2022-10-28 17:13:39,False,True,True,True,0,True,1380.913211183972,False,1.390678872493725,0.0248308967455758,False,0.0,,,pass_all
285,286.0,2022-10-28 17:16:45,False,True,True,True,0,True,1364.1836614360282,False,1.3782889409514751,0.0242931626676972,False,0.0,,,pass_all
286,287.0,2022-10-28 17:20:05,False,True,True,True,0,True,1393.1808188599998,False,1.3684043641812749,0.0271899178793753,False,0.0,,,pass_all
287,288.0,2022-10-28 17:23:07,False,True,True,True,0,True,1398.15293188,False,1.3573001802519002,0.0214802219886041,False,0.0,,,pass_all
288,289.0,2022-10-28 17:26:29,False,True,True,False,0,False,1389.853500183972,False,2.4460575746026505,0.0271508815599492,False,0.0,,,fail_stanford
289,290.0,2022-10-28 17:29:31,False,True,True,False,0,False,1432.2102384160282,False,5.755200175179,0.0249681953406912,False,0.0,,,fail_stanford
290,291.0,2022-10-28 17:32:54,False,True,True,False,0,False,1390.892979876028,False,9.671028631197752,0.0343298606710964,True,20.44152,,,fail_stanford
291,292.0,2022-10-28 17:35:58,False,True,True,True,1,True,1374.361373703972,False,9.664876428651,0.0322840133331246,True,21.5124,,,pass_all
292,293.0,2022-10-28 17:39:22,False,True,True,True,1,True,1432.289525163972,False,9.667596169721252,0.0312338458837935,True,27.3516,,,pass_all
293,294.0,2022-10-28 17:42:30,False,True,True,True,1,True,1378.390245223972,False,17.668093695117747,0.0417410997643819,True,25.5488,,,pass_all
294,295.0,2022-10-28 17:45:59,False,True,True,True,1,True,1381.271916576028,False,17.66155947443325,0.041682712592209,True,22.36464,,,pass_all
295,296.0,2022-10-28 17:49:04,False,True,True,False,0,False,1428.8123816799998,False,7.568127116385749,0.0365624166787402,True,13.37296,,,fail_stanford
296,297.0,2022-10-28 17:52:29,False,True,True,False,0,False,1391.20575318,False,553.653185277825,124.28905269422114,True,1952.05176,,,fail_stanford
297,298.0,2022-10-28 17:55:28,False,True,False,True,1,False,1368.4667980560278,False,429.5172466804499,2.3470094731705324,False,,,,fail_operator
298,299.0,2022-10-28 17:58:53,False,True,True,False,0,False,1509.63259424,False,7.362897849965249,0.0528962725688846,False,0.0,,,fail_stanford
299,300.0,2022-10-28 18:01:57,False,True,True,False,0,False,1410.56927086,False,583.676389847025,5.012155560871746,True,844.9672,,,fail_stanford
300,301.0,2022-10-28 18:05:17,False,True,True,True,0,True,1366.314567016028,False,595.6512330246751,4.5765826580154,True,840.7696,,,pass_all
301,302.0,2022-10-28 18:08:17,False,True,True,True,0,True,1364.600874703972,False,9.118026017106748,0.0812418880621704,False,0.0,,,pass_all
302,303.0,2022-10-28 18:11:40,False,True,True,True,1,True,1593.254097243972,False,487.17575736974993,2.120242330626812,True,629.63712,,,pass_all
303,304.0,2022-10-28 18:14:43,False,True,True,True,1,True,1356.437598196028,False,492.9425207208,2.512767653282051,True,667.74256,,,pass_all
304,305.0,2022-10-28 18:18:04,False,True,True,False,0,False,1535.6923063599995,False,11.484006888273749,0.0490873215722991,True,5.6112,,,fail_stanford
305,306.0,2022-10-28 18:21:11,False,True,True,False,0,False,1360.074955923972,False,11.082380386707,0.0492512984550448,True,28.58272,,,fail_stanford
306,307.0,2022-10-28 18:24:28,False,True,False,True,0,False,1766.2686480560278,False,1110.82321812825,26.90031762549717,False,,,,fail_operator
307,308.0,2022-10-28 18:27:33,False,True,False,True,0,False,1389.8578748560285,False,1113.1039234282498,31.664681621149334,False,,,,fail_operator
308,309.0,2022-10-28 18:30:56,True,False,False,False,0,False,1415.5993454960278,True,0.0,0.0,False,,,,fail_all
309,310.0,2022-10-28 18:33:58,False,True,True,True,1,True,1373.443832336028,False,9.7947968060655,0.1137914969238767,True,15.132,,,pass_all
310,311.0,2022-10-28 18:37:13,False,True,False,True,1,False,1485.4713949760278,False,767.548561662,7.6388500555695,False,,,,fail_operator
311,312.0,2022-10-28 18:40:19,False,True,False,True,1,False,1337.10798242,False,778.7912984383499,6.88341947573627,False,,,,fail_operator
312,313.0,2022-10-28 18:43:39,False,True,False,False,1,False,1444.07484936,True,5.507971720659,0.0341463992208543,False,,,,fail_all
313,314.0,2022-10-28 18:46:48,False,True,True,False,0,False,1357.103608716028,False,9.697997971370247,0.0314558681491124,True,14.07648,,,fail_stanford
314,315.0,2022-10-28 18:49:59,False,True,True,False,0,False,1397.315224176028,False,1.027151552963475,0.0252939766329216,False,0.0,,,fail_stanford
315,316.0,2022-10-28 18:53:00,True,False,True,True,0,True,1325.34945186,False,0.0,0.0,False,0.0,,,pass_all
316,317.0,2022-10-28 18:56:18,False,True,True,True,0,True,1357.40161824,False,17.600887011690002,0.0527296063529154,True,14.45696,,,pass_all
317,318.0,2022-10-28 18:59:28,False,True,True,False,1,False,1336.975655316028,False,307.1760521012775,0.9510197620577312,True,384.8856,,,fail_stanford
318,319.0,2022-10-28 19:02:55,False,True,False,True,1,False,1372.662992416028,False,310.91378598218245,0.9966353813391846,False,,,,fail_operator
319,320.0,2022-10-28 19:06:02,False,True,True,False,0,False,1326.3156592399998,False,12.13244846652487,4.129385473789874,True,8.89824,,,fail_stanford
320,321.0,2022-10-28 19:09:20,False,True,True,True,0,True,1339.8786518,False,13.285992145803752,0.0355696502320409,True,9.63968,,,pass_all
321,322.0,2022-10-28 19:12:31,False,True,True,False,0,False,1358.21526656,False,2.2454364732408,4.944123582739309,False,0.0,,,fail_stanford
322,323.0,2022-10-28 19:15:56,True,False,True,True,1,True,1344.3821516160278,False,0.0,0.0,False,0.0,,,pass_all
323,324.0,2022-10-28 19:19:00,True,False,True,True,0,True,1368.012948303972,False,0.0,0.0,False,0.0,,,pass_all
324,325.0,2022-10-28 19:22:18,False,True,True,True,1,True,1371.6043746000005,False,7.59348855932175,0.0302887808404665,True,5.1072,,,pass_all
325,326.0,2022-10-28 19:25:27,False,True,True,True,1,True,1382.330534063972,False,7.567531282126125,0.0242462845143602,True,8.47872,,,pass_all
326,327.0,2022-10-28 19:28:42,False,True,True,False,0,False,1367.21297026,False,58.82440723866,0.1343005719237003,True,51.8992,,,fail_stanford
327,328.0,2022-10-28 19:31:54,False,True,True,True,1,True,1360.197987423972,False,58.61948586745499,0.1341862718426056,True,89.24656,,,pass_all
328,329.0,2022-10-28 19:35:11,False,True,False,False,0,False,1368.232764583972,True,47.85695159202,0.1211335722517733,False,,,,fail_all
329,330.0,2022-10-28 19:38:25,False,True,False,False,0,False,1349.43573872,True,47.398187720925,0.1155121896535952,False,,,,fail_all
330,331.0,2022-10-28 19:41:54,False,True,True,False,0,False,1384.505184396028,False,469.5099842922749,3.5490849986767623,True,1129.63552,,,fail_stanford
331,332.0,2022-10-28 19:45:08,False,True,True,False,0,False,1346.71428194,False,486.9625114242,3.0944920803038563,True,1197.9736,,,fail_stanford
332,333.0,2022-10-28 19:48:31,False,True,True,False,0,False,1375.7568245360285,False,52.4425946858325,0.1707149760502052,True,151.98,,,fail_stanford
333,334.0,2022-10-28 19:51:37,False,True,True,True,1,True,1376.1253721199998,False,51.592803891052505,0.1229588287678076,True,66.15312,,,pass_all
334,335.0,2022-10-28 19:55:02,False,True,True,False,0,False,1348.752777083972,False,427.945270552425,2.3556827376596385,True,1147.96864,,,fail_stanford
335,336.0,2022-10-28 19:58:09,False,True,True,False,0,False,1379.769291856028,False,49.62238854711752,0.1210926693123567,True,58.77592,,,fail_stanford
336,337.0,2022-10-28 20:01:31,False,True,True,True,0,True,1349.677973963972,False,49.24048444463249,0.1166012953285081,True,66.55936,,,pass_all
337,338.0,2022-10-28 20:04:38,False,True,False,False,0,False,1425.65457318,True,1523.260262817,152.58171859372032,False,,,,fail_all
338,339.0,2022-10-28 20:07:52,False,True,False,False,0,False,1358.844094336028,True,1445.9648794946995,37.93375216070109,False,,,,fail_all
339,340.0,2022-10-28 20:10:55,False,True,False,False,0,False,1373.992279203972,True,19.44087452128124,0.0854816249673135,False,,,,fail_all
340,341.0,2022-10-28 20:14:12,False,True,False,False,0,False,1337.10798242,True,19.5441049449225,0.0556202533217678,False,,,,fail_all
341,342.0,2022-10-28 20:17:17,False,True,False,False,0,False,1344.834907536028,True,874.2718854702,15.865796775416946,False,,,,fail_all
342,343.0,2022-10-28 20:20:42,False,True,False,True,0,False,1395.130731323972,False,877.8514524385499,12.657123158884923,False,,,,fail_operator
343,344.0,2022-10-28 20:23:51,False,True,True,True,0,True,1409.9655963000002,False,9.411912000301502,0.0896454396856851,True,13.63096,,,pass_all
344,345.0,2022-10-28 20:27:06,False,True,True,False,0,False,1344.85896692,False,392.1535921032,24.254265438022287,True,490.628,,,fail_stanford
345,346.0,2022-10-28 20:30:12,False,True,True,False,0,False,1336.373621176028,False,382.07857644045,1.8080867363729811,True,555.9584,,,fail_stanford
346,347.0,2022-10-28 20:33:34,False,True,True,True,0,True,1362.610498656028,False,381.4753298886,1.6725578785720774,True,482.90688,,,pass_all
347,348.0,2022-10-28 20:36:41,False,True,True,False,0,False,1385.69394198,False,25.68922019995275,0.0587506501917361,True,20.8488,,,fail_stanford
348,349.0,2022-10-28 20:39:57,False,True,True,False,1,False,1340.092999903972,False,113.67770742659248,0.270228944413484,True,156.20256,,,fail_stanford
